series_id,step,timestamp,anglez,enmo
038441c925bb,0,2018-08-14T15:30:00-0400,2.6367,0.0217
038441c925bb,1,2018-08-14T15:30:05-0400,2.6368,0.0215
038441c925bb,2,2018-08-14T15:30:10-0400,2.637,0.0216
038441c925bb,3,2018-08-14T15:30:15-0400,2.6368,0.0213
038441c925bb,4,2018-08-14T15:30:20-0400,2.6368,0.0215
038441c925bb,5,2018-08-14T15:30:25-0400,2.6367,0.0217
038441c925bb,6,2018-08-14T15:30:30-0400,2.6367,0.0217
038441c925bb,7,2018-08-14T15:30:35-0400,2.6367,0.0218
038441c925bb,8,2018-08-14T15:30:40-0400,2.798,0.0223
038441c925bb,9,2018-08-14T15:30:45-0400,3.0847,0.0217
038441c925bb,10,2018-08-14T15:30:50-0400,2.7802,0.0229
038441c925bb,11,2018-08-14T15:30:55-0400,2.5205,0.0216
038441c925bb,12,2018-08-14T15:31:00-0400,2.4129,0.0218
038441c925bb,13,2018-08-14T15:31:05-0400,2.4129,0.0214
038441c925bb,14,2018-08-14T15:31:10-0400,2.4129,0.0214
038441c925bb,15,2018-08-14T15:31:15-0400,2.4129,0.0214
038441c925bb,16,2018-08-14T15:31:20-0400,2.4129,0.0215
038441c925bb,17,2018-08-14T15:31:25-0400,2.4132,0.0217
038441c925bb,18,2018-08-14T15:31:30-0400,49.8744,0.0395
038441c925bb,19,2018-08-14T15:31:35-0400,54.8498,0.0166
038441c925bb,20,2018-08-14T15:31:40-0400,44.0993,0.017
038441c925bb,21,2018-08-14T15:31:45-0400,67.3813,0.0102
038441c925bb,22,2018-08-14T15:31:50-0400,68.4605,0.0238
038441c925bb,23,2018-08-14T15:31:55-0400,37.7219,0.007
038441c925bb,24,2018-08-14T15:32:00-0400,30.0025,0.0082
038441c925bb,25,2018-08-14T15:32:05-0400,27.8679,0.0119
038441c925bb,26,2018-08-14T15:32:10-0400,28.5856,0.0115
038441c925bb,27,2018-08-14T15:32:15-0400,-6.6069,0.0691
038441c925bb,28,2018-08-14T15:32:20-0400,-79.9704,0.0132
038441c925bb,29,2018-08-14T15:32:25-0400,-79.9883,0.0136
038441c925bb,30,2018-08-14T15:32:30-0400,-79.9987,0.0134
038441c925bb,31,2018-08-14T15:32:35-0400,-79.978,0.0135
038441c925bb,32,2018-08-14T15:32:40-0400,-79.9694,0.0133
038441c925bb,33,2018-08-14T15:32:45-0400,-79.9688,0.0132
038441c925bb,34,2018-08-14T15:32:50-0400,-79.9688,0.0134
038441c925bb,35,2018-08-14T15:32:55-0400,-79.9908,0.0143
038441c925bb,36,2018-08-14T15:33:00-0400,-79.9688,0.0136
038441c925bb,37,2018-08-14T15:33:05-0400,-80.0073,0.0138
038441c925bb,38,2018-08-14T15:33:10-0400,-79.9927,0.014
038441c925bb,39,2018-08-14T15:33:15-0400,-79.9764,0.0135
038441c925bb,40,2018-08-14T15:33:20-0400,-79.9961,0.0135
038441c925bb,41,2018-08-14T15:33:25-0400,-79.9863,0.0137
038441c925bb,42,2018-08-14T15:33:30-0400,-79.9795,0.0134
038441c925bb,43,2018-08-14T15:33:35-0400,-79.9779,0.0135
038441c925bb,44,2018-08-14T15:33:40-0400,-80.0078,0.0135
038441c925bb,45,2018-08-14T15:33:45-0400,-79.9801,0.0132
038441c925bb,46,2018-08-14T15:33:50-0400,-80.0043,0.0138
038441c925bb,47,2018-08-14T15:33:55-0400,-80.0082,0.014
038441c925bb,48,2018-08-14T15:34:00-0400,-80.0143,0.0141
038441c925bb,49,2018-08-14T15:34:05-0400,-80.0156,0.0137
038441c925bb,50,2018-08-14T15:34:10-0400,-80.0147,0.0138
038441c925bb,51,2018-08-14T15:34:15-0400,-80.0253,0.0137
038441c925bb,52,2018-08-14T15:34:20-0400,-80.0124,0.0132
038441c925bb,53,2018-08-14T15:34:25-0400,-80.0147,0.0137
038441c925bb,54,2018-08-14T15:34:30-0400,-80.0067,0.0136
038441c925bb,55,2018-08-14T15:34:35-0400,-79.9932,0.0135
038441c925bb,56,2018-08-14T15:34:40-0400,-80.0123,0.0136
038441c925bb,57,2018-08-14T15:34:45-0400,-80.0128,0.0137
038441c925bb,58,2018-08-14T15:34:50-0400,-80.0081,0.0139
038441c925bb,59,2018-08-14T15:34:55-0400,-80.0093,0.0133
038441c925bb,60,2018-08-14T15:35:00-0400,-80.0103,0.0138
038441c925bb,61,2018-08-14T15:35:05-0400,-80.0015,0.0137
038441c925bb,62,2018-08-14T15:35:10-0400,-79.9834,0.0135
038441c925bb,63,2018-08-14T15:35:15-0400,-79.9921,0.014
038441c925bb,64,2018-08-14T15:35:20-0400,-80.0107,0.0132
038441c925bb,65,2018-08-14T15:35:25-0400,-80.0235,0.0138
038441c925bb,66,2018-08-14T15:35:30-0400,-80.003,0.0134
038441c925bb,67,2018-08-14T15:35:35-0400,-80.0785,0.0132
038441c925bb,68,2018-08-14T15:35:40-0400,-80.1235,0.0128
038441c925bb,69,2018-08-14T15:35:45-0400,-79.9816,0.0133
038441c925bb,70,2018-08-14T15:35:50-0400,-79.9827,0.0131
038441c925bb,71,2018-08-14T15:35:55-0400,-80.0148,0.0132
038441c925bb,72,2018-08-14T15:36:00-0400,-80.0349,0.0131
038441c925bb,73,2018-08-14T15:36:05-0400,-80.2244,0.0131
038441c925bb,74,2018-08-14T15:36:10-0400,-80.1706,0.0134
038441c925bb,75,2018-08-14T15:36:15-0400,-80.0352,0.0135
038441c925bb,76,2018-08-14T15:36:20-0400,-79.9922,0.0132
038441c925bb,77,2018-08-14T15:36:25-0400,-80.028,0.0132
038441c925bb,78,2018-08-14T15:36:30-0400,-79.9945,0.0132
038441c925bb,79,2018-08-14T15:36:35-0400,-79.9779,0.0133
038441c925bb,80,2018-08-14T15:36:40-0400,-79.9692,0.0129
038441c925bb,81,2018-08-14T15:36:45-0400,-79.9723,0.0127
038441c925bb,82,2018-08-14T15:36:50-0400,-80.0237,0.0133
038441c925bb,83,2018-08-14T15:36:55-0400,-80.0701,0.0132
038441c925bb,84,2018-08-14T15:37:00-0400,-79.9982,0.0133
038441c925bb,85,2018-08-14T15:37:05-0400,-79.9769,0.0129
038441c925bb,86,2018-08-14T15:37:10-0400,-79.9843,0.0131
038441c925bb,87,2018-08-14T15:37:15-0400,-79.9805,0.013
038441c925bb,88,2018-08-14T15:37:20-0400,-79.9723,0.0124
038441c925bb,89,2018-08-14T15:37:25-0400,-79.9695,0.0131
038441c925bb,90,2018-08-14T15:37:30-0400,-79.9795,0.0127
038441c925bb,91,2018-08-14T15:37:35-0400,-80.0034,0.0133
038441c925bb,92,2018-08-14T15:37:40-0400,-80.0527,0.0131
038441c925bb,93,2018-08-14T15:37:45-0400,-79.9882,0.0128
038441c925bb,94,2018-08-14T15:37:50-0400,-79.9818,0.0128
038441c925bb,95,2018-08-14T15:37:55-0400,-80.0136,0.0128
038441c925bb,96,2018-08-14T15:38:00-0400,-80.0076,0.0136
038441c925bb,97,2018-08-14T15:38:05-0400,-80.1367,0.0135
038441c925bb,98,2018-08-14T15:38:10-0400,-80.1118,0.0132
038441c925bb,99,2018-08-14T15:38:15-0400,-80.0512,0.013
038441c925bb,100,2018-08-14T15:38:20-0400,-80.1183,0.0131
038441c925bb,101,2018-08-14T15:38:25-0400,-80.146,0.0132
038441c925bb,102,2018-08-14T15:38:30-0400,-80.2088,0.0133
038441c925bb,103,2018-08-14T15:38:35-0400,-80.1676,0.0133
038441c925bb,104,2018-08-14T15:38:40-0400,-80.1454,0.0131
038441c925bb,105,2018-08-14T15:38:45-0400,-80.0571,0.0132
038441c925bb,106,2018-08-14T15:38:50-0400,-80.1443,0.0134
038441c925bb,107,2018-08-14T15:38:55-0400,-80.1064,0.0133
038441c925bb,108,2018-08-14T15:39:00-0400,-80.1728,0.0132
038441c925bb,109,2018-08-14T15:39:05-0400,-80.0667,0.0126
038441c925bb,110,2018-08-14T15:39:10-0400,-80.0104,0.0132
038441c925bb,111,2018-08-14T15:39:15-0400,-80.1347,0.0131
038441c925bb,112,2018-08-14T15:39:20-0400,-80.1983,0.0128
038441c925bb,113,2018-08-14T15:39:25-0400,-80.2131,0.0132
038441c925bb,114,2018-08-14T15:39:30-0400,-80.221,0.0128
038441c925bb,115,2018-08-14T15:39:35-0400,-80.0286,0.013
038441c925bb,116,2018-08-14T15:39:40-0400,-80.1893,0.0128
038441c925bb,117,2018-08-14T15:39:45-0400,-80.1537,0.0128
038441c925bb,118,2018-08-14T15:39:50-0400,-80.1541,0.0134
038441c925bb,119,2018-08-14T15:39:55-0400,-80.0969,0.0128
038441c925bb,120,2018-08-14T15:40:00-0400,-79.9999,0.0127
038441c925bb,121,2018-08-14T15:40:05-0400,-80.1867,0.0132
038441c925bb,122,2018-08-14T15:40:10-0400,-80.2331,0.0136
038441c925bb,123,2018-08-14T15:40:15-0400,-80.2026,0.0129
038441c925bb,124,2018-08-14T15:40:20-0400,-80.204,0.0133
038441c925bb,125,2018-08-14T15:40:25-0400,-80.1969,0.0133
038441c925bb,126,2018-08-14T15:40:30-0400,-80.1501,0.0131
038441c925bb,127,2018-08-14T15:40:35-0400,-80.174,0.0132
038441c925bb,128,2018-08-14T15:40:40-0400,-80.1996,0.0127
038441c925bb,129,2018-08-14T15:40:45-0400,-80.2173,0.0127
038441c925bb,130,2018-08-14T15:40:50-0400,-80.215,0.0131
038441c925bb,131,2018-08-14T15:40:55-0400,-80.1588,0.0134
038441c925bb,132,2018-08-14T15:41:00-0400,-80.1321,0.0136
038441c925bb,133,2018-08-14T15:41:05-0400,-80.1596,0.013
038441c925bb,134,2018-08-14T15:41:10-0400,-80.0201,0.0132
038441c925bb,135,2018-08-14T15:41:15-0400,-80.0648,0.0131
038441c925bb,136,2018-08-14T15:41:20-0400,-80.2148,0.0136
038441c925bb,137,2018-08-14T15:41:25-0400,-80.1581,0.0133
038441c925bb,138,2018-08-14T15:41:30-0400,-80.1581,0.0128
038441c925bb,139,2018-08-14T15:41:35-0400,-80.1846,0.0133
038441c925bb,140,2018-08-14T15:41:40-0400,-80.2047,0.0134
038441c925bb,141,2018-08-14T15:41:45-0400,-80.1316,0.013
038441c925bb,142,2018-08-14T15:41:50-0400,-80.0369,0.0134
038441c925bb,143,2018-08-14T15:41:55-0400,-80.1576,0.0138
038441c925bb,144,2018-08-14T15:42:00-0400,-80.1869,0.0136
038441c925bb,145,2018-08-14T15:42:05-0400,-79.9906,0.0135
038441c925bb,146,2018-08-14T15:42:10-0400,-80.029,0.0136
038441c925bb,147,2018-08-14T15:42:15-0400,-80.0093,0.0137
038441c925bb,148,2018-08-14T15:42:20-0400,-80.0669,0.0135
038441c925bb,149,2018-08-14T15:42:25-0400,-80.1535,0.0136
038441c925bb,150,2018-08-14T15:42:30-0400,-80.1865,0.0133
038441c925bb,151,2018-08-14T15:42:35-0400,-80.2333,0.0133
038441c925bb,152,2018-08-14T15:42:40-0400,-80.2373,0.0134
038441c925bb,153,2018-08-14T15:42:45-0400,-80.2059,0.0134
038441c925bb,154,2018-08-14T15:42:50-0400,-80.0362,0.0134
038441c925bb,155,2018-08-14T15:42:55-0400,-80.2351,0.0137
038441c925bb,156,2018-08-14T15:43:00-0400,-80.4396,0.0137
038441c925bb,157,2018-08-14T15:43:05-0400,-80.4528,0.0136
038441c925bb,158,2018-08-14T15:43:10-0400,-80.4528,0.0138
038441c925bb,159,2018-08-14T15:43:15-0400,-80.4528,0.0139
038441c925bb,160,2018-08-14T15:43:20-0400,-80.4528,0.014
038441c925bb,161,2018-08-14T15:43:25-0400,-80.4528,0.0135
038441c925bb,162,2018-08-14T15:43:30-0400,-80.4528,0.0136
038441c925bb,163,2018-08-14T15:43:35-0400,-80.4528,0.0135
038441c925bb,164,2018-08-14T15:43:40-0400,-80.4528,0.014
038441c925bb,165,2018-08-14T15:43:45-0400,-80.3687,0.0136
038441c925bb,166,2018-08-14T15:43:50-0400,-80.3062,0.014
038441c925bb,167,2018-08-14T15:43:55-0400,-80.3734,0.0132
038441c925bb,168,2018-08-14T15:44:00-0400,-80.2223,0.0139
038441c925bb,169,2018-08-14T15:44:05-0400,-80.3507,0.0141
038441c925bb,170,2018-08-14T15:44:10-0400,-80.4133,0.0137
038441c925bb,171,2018-08-14T15:44:15-0400,-80.2451,0.0136
038441c925bb,172,2018-08-14T15:44:20-0400,-83.3479,0.0147
038441c925bb,173,2018-08-14T15:44:25-0400,-81.4685,0.0142
038441c925bb,174,2018-08-14T15:44:30-0400,-80.6619,0.0136
038441c925bb,175,2018-08-14T15:44:35-0400,-80.6619,0.0134
038441c925bb,176,2018-08-14T15:44:40-0400,-80.6619,0.0137
038441c925bb,177,2018-08-14T15:44:45-0400,-80.5819,0.0138
038441c925bb,178,2018-08-14T15:44:50-0400,-80.4484,0.0135
038441c925bb,179,2018-08-14T15:44:55-0400,-80.7332,0.0136
038441c925bb,180,2018-08-14T15:45:00-0400,-80.6649,0.0148
038441c925bb,181,2018-08-14T15:45:05-0400,-80.5492,0.0134
038441c925bb,182,2018-08-14T15:45:10-0400,-80.6435,0.0136
038441c925bb,183,2018-08-14T15:45:15-0400,-80.5717,0.0134
038441c925bb,184,2018-08-14T15:45:20-0400,-80.66,0.0137
038441c925bb,185,2018-08-14T15:45:25-0400,-80.4935,0.0138
038441c925bb,186,2018-08-14T15:45:30-0400,-80.4398,0.0138
038441c925bb,187,2018-08-14T15:45:35-0400,-80.5554,0.0137
038441c925bb,188,2018-08-14T15:45:40-0400,-80.5294,0.0134
038441c925bb,189,2018-08-14T15:45:45-0400,-80.6725,0.0135
038441c925bb,190,2018-08-14T15:45:50-0400,-80.6176,0.014
038441c925bb,191,2018-08-14T15:45:55-0400,-80.4483,0.0133
038441c925bb,192,2018-08-14T15:46:00-0400,-80.4395,0.0136
038441c925bb,193,2018-08-14T15:46:05-0400,-80.4395,0.0134
038441c925bb,194,2018-08-14T15:46:10-0400,-80.4414,0.0137
038441c925bb,195,2018-08-14T15:46:15-0400,-80.4408,0.0134
038441c925bb,196,2018-08-14T15:46:20-0400,-80.4395,0.0137
038441c925bb,197,2018-08-14T15:46:25-0400,-80.4416,0.0133
038441c925bb,198,2018-08-14T15:46:30-0400,-80.443,0.0133
038441c925bb,199,2018-08-14T15:46:35-0400,-80.4443,0.0134
038441c925bb,200,2018-08-14T15:46:40-0400,-80.4424,0.0134
038441c925bb,201,2018-08-14T15:46:45-0400,-80.4445,0.0133
038441c925bb,202,2018-08-14T15:46:50-0400,-80.4395,0.014
038441c925bb,203,2018-08-14T15:46:55-0400,-80.4414,0.0138
038441c925bb,204,2018-08-14T15:47:00-0400,-80.452,0.0137
038441c925bb,205,2018-08-14T15:47:05-0400,-80.4408,0.0133
038441c925bb,206,2018-08-14T15:47:10-0400,-80.4715,0.0133
038441c925bb,207,2018-08-14T15:47:15-0400,-80.6755,0.0132
038441c925bb,208,2018-08-14T15:47:20-0400,-80.6755,0.0139
038441c925bb,209,2018-08-14T15:47:25-0400,-80.6139,0.0135
038441c925bb,210,2018-08-14T15:47:30-0400,-80.2114,0.0133
038441c925bb,211,2018-08-14T15:47:35-0400,-80.2262,0.0132
038441c925bb,212,2018-08-14T15:47:40-0400,-80.3277,0.014
038441c925bb,213,2018-08-14T15:47:45-0400,-80.4129,0.0133
038441c925bb,214,2018-08-14T15:47:50-0400,-80.4395,0.0139
038441c925bb,215,2018-08-14T15:47:55-0400,-80.4395,0.0134
038441c925bb,216,2018-08-14T15:48:00-0400,-80.4395,0.0135
038441c925bb,217,2018-08-14T15:48:05-0400,-80.4342,0.0135
038441c925bb,218,2018-08-14T15:48:10-0400,-80.4173,0.0137
038441c925bb,219,2018-08-14T15:48:15-0400,-80.4129,0.0135
038441c925bb,220,2018-08-14T15:48:20-0400,-80.3062,0.0137
038441c925bb,221,2018-08-14T15:48:25-0400,-80.4395,0.0137
038441c925bb,222,2018-08-14T15:48:30-0400,-80.4267,0.0136
038441c925bb,223,2018-08-14T15:48:35-0400,-80.4395,0.0133
038441c925bb,224,2018-08-14T15:48:40-0400,-80.4395,0.0131
038441c925bb,225,2018-08-14T15:48:45-0400,-80.2616,0.0133
038441c925bb,226,2018-08-14T15:48:50-0400,-80.3329,0.0134
038441c925bb,227,2018-08-14T15:48:55-0400,-80.4395,0.0134
038441c925bb,228,2018-08-14T15:49:00-0400,-80.4365,0.0132
038441c925bb,229,2018-08-14T15:49:05-0400,-80.4365,0.0132
038441c925bb,230,2018-08-14T15:49:10-0400,-49.9804,0.056
038441c925bb,231,2018-08-14T15:49:15-0400,-63.2976,0.0455
038441c925bb,232,2018-08-14T15:49:20-0400,-81.6114,0.0145
038441c925bb,233,2018-08-14T15:49:25-0400,-81.6114,0.0144
038441c925bb,234,2018-08-14T15:49:30-0400,-81.6114,0.0141
038441c925bb,235,2018-08-14T15:49:35-0400,-81.6114,0.0138
038441c925bb,236,2018-08-14T15:49:40-0400,-81.6114,0.0141
038441c925bb,237,2018-08-14T15:49:45-0400,-81.6114,0.0139
038441c925bb,238,2018-08-14T15:49:50-0400,-81.6114,0.0139
038441c925bb,239,2018-08-14T15:49:55-0400,-81.6114,0.0144
038441c925bb,240,2018-08-14T15:50:00-0400,-81.6114,0.0141
038441c925bb,241,2018-08-14T15:50:05-0400,-81.6114,0.0145
038441c925bb,242,2018-08-14T15:50:10-0400,-81.6114,0.0141
038441c925bb,243,2018-08-14T15:50:15-0400,-81.6114,0.0138
038441c925bb,244,2018-08-14T15:50:20-0400,-81.6114,0.0141
038441c925bb,245,2018-08-14T15:50:25-0400,-81.6114,0.0147
038441c925bb,246,2018-08-14T15:50:30-0400,-81.5623,0.0139
038441c925bb,247,2018-08-14T15:50:35-0400,-81.4507,0.0139
038441c925bb,248,2018-08-14T15:50:40-0400,-81.4507,0.0139
038441c925bb,249,2018-08-14T15:50:45-0400,-81.6114,0.0139
038441c925bb,250,2018-08-14T15:50:50-0400,-81.6114,0.0137
038441c925bb,251,2018-08-14T15:50:55-0400,-81.5846,0.0139
038441c925bb,252,2018-08-14T15:51:00-0400,-81.6626,0.0144
038441c925bb,253,2018-08-14T15:51:05-0400,-82.676,0.0149
038441c925bb,254,2018-08-14T15:51:10-0400,-82.7517,0.0151
038441c925bb,255,2018-08-14T15:51:15-0400,-82.8141,0.0146
038441c925bb,256,2018-08-14T15:51:20-0400,-82.6837,0.0183
038441c925bb,257,2018-08-14T15:51:25-0400,-82.9095,0.0146
038441c925bb,258,2018-08-14T15:51:30-0400,-82.8826,0.015
038441c925bb,259,2018-08-14T15:51:35-0400,-82.9274,0.0148
038441c925bb,260,2018-08-14T15:51:40-0400,-82.7765,0.0189
038441c925bb,261,2018-08-14T15:51:45-0400,-82.9751,0.0212
038441c925bb,262,2018-08-14T15:51:50-0400,-83.2537,0.0146
038441c925bb,263,2018-08-14T15:51:55-0400,-83.2537,0.0146
038441c925bb,264,2018-08-14T15:52:00-0400,-83.2537,0.0149
038441c925bb,265,2018-08-14T15:52:05-0400,-83.2537,0.0147
038441c925bb,266,2018-08-14T15:52:10-0400,-83.2537,0.0146
038441c925bb,267,2018-08-14T15:52:15-0400,-83.3727,0.016
038441c925bb,268,2018-08-14T15:52:20-0400,-83.5404,0.0146
038441c925bb,269,2018-08-14T15:52:25-0400,-83.5355,0.0151
038441c925bb,270,2018-08-14T15:52:30-0400,-83.4667,0.0147
038441c925bb,271,2018-08-14T15:52:35-0400,-83.3154,0.016
038441c925bb,272,2018-08-14T15:52:40-0400,-83.3134,0.0145
038441c925bb,273,2018-08-14T15:52:45-0400,-83.5302,0.0147
038441c925bb,274,2018-08-14T15:52:50-0400,-83.568,0.0149
038441c925bb,275,2018-08-14T15:52:55-0400,-83.5647,0.0147
038441c925bb,276,2018-08-14T15:53:00-0400,-83.4991,0.0151
038441c925bb,277,2018-08-14T15:53:05-0400,-83.2943,0.0151
038441c925bb,278,2018-08-14T15:53:10-0400,-83.3113,0.0137
038441c925bb,279,2018-08-14T15:53:15-0400,-83.3182,0.0139
038441c925bb,280,2018-08-14T15:53:20-0400,-83.2922,0.0146
038441c925bb,281,2018-08-14T15:53:25-0400,-83.3004,0.0146
038441c925bb,282,2018-08-14T15:53:30-0400,-82.9698,0.0403
038441c925bb,283,2018-08-14T15:53:35-0400,-84.2321,0.0476
038441c925bb,284,2018-08-14T15:53:40-0400,-84.2192,0.0145
038441c925bb,285,2018-08-14T15:53:45-0400,-84.4005,0.0148
038441c925bb,286,2018-08-14T15:53:50-0400,-84.4272,0.0149
038441c925bb,287,2018-08-14T15:53:55-0400,-84.4278,0.0148
038441c925bb,288,2018-08-14T15:54:00-0400,-84.3967,0.0146
038441c925bb,289,2018-08-14T15:54:05-0400,-84.417,0.0149
038441c925bb,290,2018-08-14T15:54:10-0400,-84.3858,0.0157
038441c925bb,291,2018-08-14T15:54:15-0400,-84.2889,0.0147
038441c925bb,292,2018-08-14T15:54:20-0400,-84.1585,0.0149
038441c925bb,293,2018-08-14T15:54:25-0400,-84.2994,0.0147
038441c925bb,294,2018-08-14T15:54:30-0400,-84.2971,0.0143
038441c925bb,295,2018-08-14T15:54:35-0400,-84.3186,0.015
038441c925bb,296,2018-08-14T15:54:40-0400,-84.3195,0.0149
038441c925bb,297,2018-08-14T15:54:45-0400,-84.3101,0.0147
038441c925bb,298,2018-08-14T15:54:50-0400,-84.3186,0.0147
038441c925bb,299,2018-08-14T15:54:55-0400,-84.3164,0.0146
038441c925bb,300,2018-08-14T15:55:00-0400,-84.3195,0.0146
038441c925bb,301,2018-08-14T15:55:05-0400,-84.3092,0.0145
038441c925bb,302,2018-08-14T15:55:10-0400,-84.3007,0.0146
038441c925bb,303,2018-08-14T15:55:15-0400,-84.3164,0.0147
038441c925bb,304,2018-08-14T15:55:20-0400,-84.3141,0.0148
038441c925bb,305,2018-08-14T15:55:25-0400,-84.3071,0.0147
038441c925bb,306,2018-08-14T15:55:30-0400,-82.9733,0.0396
038441c925bb,307,2018-08-14T15:55:35-0400,-82.2547,0.0132
038441c925bb,308,2018-08-14T15:55:40-0400,-82.2132,0.0138
038441c925bb,309,2018-08-14T15:55:45-0400,-82.0831,0.0137
038441c925bb,310,2018-08-14T15:55:50-0400,-82.2742,0.0139
038441c925bb,311,2018-08-14T15:55:55-0400,-82.287,0.0137
038441c925bb,312,2018-08-14T15:56:00-0400,-82.287,0.0141
038441c925bb,313,2018-08-14T15:56:05-0400,-82.3155,0.0156
038441c925bb,314,2018-08-14T15:56:10-0400,-82.4488,0.0139
038441c925bb,315,2018-08-14T15:56:15-0400,-82.5134,0.0138
038441c925bb,316,2018-08-14T15:56:20-0400,-82.4382,0.0137
038441c925bb,317,2018-08-14T15:56:25-0400,-82.5217,0.0134
038441c925bb,318,2018-08-14T15:56:30-0400,-82.2673,0.0135
038441c925bb,319,2018-08-14T15:56:35-0400,-82.3228,0.014
038441c925bb,320,2018-08-14T15:56:40-0400,-82.4723,0.0134
038441c925bb,321,2018-08-14T15:56:45-0400,-82.4723,0.0139
038441c925bb,322,2018-08-14T15:56:50-0400,-82.4723,0.0137
038441c925bb,323,2018-08-14T15:56:55-0400,-82.4782,0.0139
038441c925bb,324,2018-08-14T15:57:00-0400,-82.4959,0.0138
038441c925bb,325,2018-08-14T15:57:05-0400,-82.4759,0.0139
038441c925bb,326,2018-08-14T15:57:10-0400,-82.4965,0.014
038441c925bb,327,2018-08-14T15:57:15-0400,-82.4841,0.0135
038441c925bb,328,2018-08-14T15:57:20-0400,-82.4747,0.0141
038441c925bb,329,2018-08-14T15:57:25-0400,-82.4723,0.0139
038441c925bb,330,2018-08-14T15:57:30-0400,-82.5161,0.014
038441c925bb,331,2018-08-14T15:57:35-0400,-82.3105,0.0136
038441c925bb,332,2018-08-14T15:57:40-0400,-82.3139,0.0138
038441c925bb,333,2018-08-14T15:57:45-0400,-82.3025,0.0142
038441c925bb,334,2018-08-14T15:57:50-0400,-82.3019,0.0135
038441c925bb,335,2018-08-14T15:57:55-0400,-82.3061,0.0139
038441c925bb,336,2018-08-14T15:58:00-0400,-82.4298,0.0157
038441c925bb,337,2018-08-14T15:58:05-0400,-82.0172,0.0137
038441c925bb,338,2018-08-14T15:58:10-0400,-81.9222,0.0137
038441c925bb,339,2018-08-14T15:58:15-0400,-82.314,0.0141
038441c925bb,340,2018-08-14T15:58:20-0400,-82.3019,0.0139
038441c925bb,341,2018-08-14T15:58:25-0400,-82.3115,0.0138
038441c925bb,342,2018-08-14T15:58:30-0400,-82.3031,0.0144
038441c925bb,343,2018-08-14T15:58:35-0400,-82.4571,0.0135
038441c925bb,344,2018-08-14T15:58:40-0400,-82.3842,0.014
038441c925bb,345,2018-08-14T15:58:45-0400,-82.3735,0.0138
038441c925bb,346,2018-08-14T15:58:50-0400,-82.3903,0.0136
038441c925bb,347,2018-08-14T15:58:55-0400,-82.3549,0.0138
038441c925bb,348,2018-08-14T15:59:00-0400,-82.1657,0.0139
038441c925bb,349,2018-08-14T15:59:05-0400,-82.1689,0.0138
038441c925bb,350,2018-08-14T15:59:10-0400,-82.3736,0.0142
038441c925bb,351,2018-08-14T15:59:15-0400,-82.3909,0.0137
038441c925bb,352,2018-08-14T15:59:20-0400,-82.0559,0.0136
038441c925bb,353,2018-08-14T15:59:25-0400,-82.372,0.0138
038441c925bb,354,2018-08-14T15:59:30-0400,-82.5215,0.0138
038441c925bb,355,2018-08-14T15:59:35-0400,-82.3678,0.0141
038441c925bb,356,2018-08-14T15:59:40-0400,-82.2958,0.0189
038441c925bb,357,2018-08-14T15:59:45-0400,-82.309,0.016
038441c925bb,358,2018-08-14T15:59:50-0400,-82.3019,0.014
038441c925bb,359,2018-08-14T15:59:55-0400,-82.3019,0.0138
038441c925bb,360,2018-08-14T16:00:00-0400,-82.3019,0.0138
038441c925bb,361,2018-08-14T16:00:05-0400,-82.3418,0.0137
038441c925bb,362,2018-08-14T16:00:10-0400,-82.1039,0.014
038441c925bb,363,2018-08-14T16:00:15-0400,-81.8986,0.0138
038441c925bb,364,2018-08-14T16:00:20-0400,-81.8718,0.0141
038441c925bb,365,2018-08-14T16:00:25-0400,-81.901,0.0141
038441c925bb,366,2018-08-14T16:00:30-0400,-82.2359,0.0135
038441c925bb,367,2018-08-14T16:00:35-0400,-82.3027,0.0135
038441c925bb,368,2018-08-14T16:00:40-0400,-82.3073,0.0135
038441c925bb,369,2018-08-14T16:00:45-0400,-82.3257,0.014
038441c925bb,370,2018-08-14T16:00:50-0400,-82.3019,0.014
038441c925bb,371,2018-08-14T16:00:55-0400,-82.3019,0.0139
038441c925bb,372,2018-08-14T16:01:00-0400,-82.3414,0.0152
038441c925bb,373,2018-08-14T16:01:05-0400,-82.6017,0.0139
038441c925bb,374,2018-08-14T16:01:10-0400,-82.7696,0.0142
038441c925bb,375,2018-08-14T16:01:15-0400,-83.6288,0.0209
038441c925bb,376,2018-08-14T16:01:20-0400,-83.7857,0.0196
038441c925bb,377,2018-08-14T16:01:25-0400,-83.6935,0.0143
038441c925bb,378,2018-08-14T16:01:30-0400,-83.6935,0.0149
038441c925bb,379,2018-08-14T16:01:35-0400,-83.6935,0.0146
038441c925bb,380,2018-08-14T16:01:40-0400,-83.7103,0.0149
038441c925bb,381,2018-08-14T16:01:45-0400,-83.6627,0.0146
038441c925bb,382,2018-08-14T16:01:50-0400,-83.4736,0.0148
038441c925bb,383,2018-08-14T16:01:55-0400,-83.6627,0.0152
038441c925bb,384,2018-08-14T16:02:00-0400,-83.6935,0.0147
038441c925bb,385,2018-08-14T16:02:05-0400,-83.6935,0.0138
038441c925bb,386,2018-08-14T16:02:10-0400,-83.7007,0.0142
038441c925bb,387,2018-08-14T16:02:15-0400,-83.6989,0.0143
038441c925bb,388,2018-08-14T16:02:20-0400,-83.7493,0.0164
038441c925bb,389,2018-08-14T16:02:25-0400,-82.5869,0.0198
038441c925bb,390,2018-08-14T16:02:30-0400,-81.7032,0.0162
038441c925bb,391,2018-08-14T16:02:35-0400,-81.2298,0.0165
038441c925bb,392,2018-08-14T16:02:40-0400,-82.6871,0.0168
038441c925bb,393,2018-08-14T16:02:45-0400,-83.7792,0.0145
038441c925bb,394,2018-08-14T16:02:50-0400,-83.7261,0.0147
038441c925bb,395,2018-08-14T16:02:55-0400,-83.6023,0.0149
038441c925bb,396,2018-08-14T16:03:00-0400,-83.5682,0.0151
038441c925bb,397,2018-08-14T16:03:05-0400,-83.5095,0.015
038441c925bb,398,2018-08-14T16:03:10-0400,-83.5146,0.015
038441c925bb,399,2018-08-14T16:03:15-0400,-83.6598,0.0145
038441c925bb,400,2018-08-14T16:03:20-0400,-83.5051,0.0147
038441c925bb,401,2018-08-14T16:03:25-0400,-83.536,0.0149
038441c925bb,402,2018-08-14T16:03:30-0400,-83.4868,0.0145
038441c925bb,403,2018-08-14T16:03:35-0400,-83.5051,0.0147
038441c925bb,404,2018-08-14T16:03:40-0400,-83.5051,0.0149
038441c925bb,405,2018-08-14T16:03:45-0400,-83.5051,0.0151
038441c925bb,406,2018-08-14T16:03:50-0400,-83.5051,0.0145
038441c925bb,407,2018-08-14T16:03:55-0400,-83.6849,0.0153
038441c925bb,408,2018-08-14T16:04:00-0400,-83.6001,0.0155
038441c925bb,409,2018-08-14T16:04:05-0400,-83.484,0.0152
038441c925bb,410,2018-08-14T16:04:10-0400,-83.4653,0.0155
038441c925bb,411,2018-08-14T16:04:15-0400,-83.7261,0.0151
038441c925bb,412,2018-08-14T16:04:20-0400,-83.7261,0.0151
038441c925bb,413,2018-08-14T16:04:25-0400,-83.7319,0.0148
038441c925bb,414,2018-08-14T16:04:30-0400,-83.7266,0.015
038441c925bb,415,2018-08-14T16:04:35-0400,-83.7271,0.0148
038441c925bb,416,2018-08-14T16:04:40-0400,-83.7044,0.0164
038441c925bb,417,2018-08-14T16:04:45-0400,-83.6935,0.0149
038441c925bb,418,2018-08-14T16:04:50-0400,-83.696,0.0148
038441c925bb,419,2018-08-14T16:04:55-0400,-83.4873,0.0149
038441c925bb,420,2018-08-14T16:05:00-0400,-83.3283,0.0147
038441c925bb,421,2018-08-14T16:05:05-0400,-83.4723,0.0139
038441c925bb,422,2018-08-14T16:05:10-0400,-83.3017,0.0142
038441c925bb,423,2018-08-14T16:05:15-0400,-83.4611,0.0143
038441c925bb,424,2018-08-14T16:05:20-0400,-83.2537,0.0145
038441c925bb,425,2018-08-14T16:05:25-0400,-83.3101,0.0144
038441c925bb,426,2018-08-14T16:05:30-0400,-83.4282,0.0147
038441c925bb,427,2018-08-14T16:05:35-0400,-83.6055,0.0148
038441c925bb,428,2018-08-14T16:05:40-0400,-83.6935,0.0154
038441c925bb,429,2018-08-14T16:05:45-0400,-83.6935,0.015
038441c925bb,430,2018-08-14T16:05:50-0400,-83.6935,0.0151
038441c925bb,431,2018-08-14T16:05:55-0400,-83.7638,0.0146
038441c925bb,432,2018-08-14T16:06:00-0400,-83.7129,0.0558
038441c925bb,433,2018-08-14T16:06:05-0400,-83.0784,0.0135
038441c925bb,434,2018-08-14T16:06:10-0400,-83.0738,0.0139
038441c925bb,435,2018-08-14T16:06:15-0400,-83.0087,0.0141
038441c925bb,436,2018-08-14T16:06:20-0400,-83.0702,0.0139
038441c925bb,437,2018-08-14T16:06:25-0400,-82.9876,0.0134
038441c925bb,438,2018-08-14T16:06:30-0400,-82.9792,0.0138
038441c925bb,439,2018-08-14T16:06:35-0400,-82.9834,0.0141
038441c925bb,440,2018-08-14T16:06:40-0400,-82.9786,0.0137
038441c925bb,441,2018-08-14T16:06:45-0400,-82.9858,0.014
038441c925bb,442,2018-08-14T16:06:50-0400,-83.0293,0.0145
038441c925bb,443,2018-08-14T16:06:55-0400,-82.9858,0.0141
038441c925bb,444,2018-08-14T16:07:00-0400,-82.995,0.0141
038441c925bb,445,2018-08-14T16:07:05-0400,-82.9858,0.0133
038441c925bb,446,2018-08-14T16:07:10-0400,-82.9929,0.0142
038441c925bb,447,2018-08-14T16:07:15-0400,-82.9412,0.0153
038441c925bb,448,2018-08-14T16:07:20-0400,-83.2841,0.0198
038441c925bb,449,2018-08-14T16:07:25-0400,-83.7029,0.0206
038441c925bb,450,2018-08-14T16:07:30-0400,-83.3883,0.0156
038441c925bb,451,2018-08-14T16:07:35-0400,-83.3852,0.0163
038441c925bb,452,2018-08-14T16:07:40-0400,-83.3639,0.0161
038441c925bb,453,2018-08-14T16:07:45-0400,-83.3639,0.0155
038441c925bb,454,2018-08-14T16:07:50-0400,-83.3641,0.0161
038441c925bb,455,2018-08-14T16:07:55-0400,-84.2962,0.0155
038441c925bb,456,2018-08-14T16:08:00-0400,-84.4797,0.015
038441c925bb,457,2018-08-14T16:08:05-0400,-84.5645,0.0149
038441c925bb,458,2018-08-14T16:08:10-0400,-84.5726,0.0149
038441c925bb,459,2018-08-14T16:08:15-0400,-84.5591,0.0149
038441c925bb,460,2018-08-14T16:08:20-0400,-84.4033,0.0148
038441c925bb,461,2018-08-14T16:08:25-0400,-84.371,0.015
038441c925bb,462,2018-08-14T16:08:30-0400,-84.371,0.015
038441c925bb,463,2018-08-14T16:08:35-0400,-84.3639,0.0147
038441c925bb,464,2018-08-14T16:08:40-0400,-84.4392,0.015
038441c925bb,465,2018-08-14T16:08:45-0400,-84.3869,0.0151
038441c925bb,466,2018-08-14T16:08:50-0400,-84.371,0.0147
038441c925bb,467,2018-08-14T16:08:55-0400,-84.3724,0.0151
038441c925bb,468,2018-08-14T16:09:00-0400,-84.3692,0.0144
038441c925bb,469,2018-08-14T16:09:05-0400,-84.4204,0.0151
038441c925bb,470,2018-08-14T16:09:10-0400,-84.434,0.0145
038441c925bb,471,2018-08-14T16:09:15-0400,-84.479,0.0146
038441c925bb,472,2018-08-14T16:09:20-0400,-84.5088,0.0151
038441c925bb,473,2018-08-14T16:09:25-0400,-84.375,0.0149
038441c925bb,474,2018-08-14T16:09:30-0400,-84.3915,0.015
038441c925bb,475,2018-08-14T16:09:35-0400,-84.371,0.0149
038441c925bb,476,2018-08-14T16:09:40-0400,-84.371,0.0149
038441c925bb,477,2018-08-14T16:09:45-0400,-84.3768,0.0149
038441c925bb,478,2018-08-14T16:09:50-0400,-84.4454,0.0149
038441c925bb,479,2018-08-14T16:09:55-0400,-84.3803,0.0148
038441c925bb,480,2018-08-14T16:10:00-0400,-84.3916,0.0151
038441c925bb,481,2018-08-14T16:10:05-0400,-84.4509,0.0146
038441c925bb,482,2018-08-14T16:10:10-0400,-84.4576,0.0149
038441c925bb,483,2018-08-14T16:10:15-0400,-84.4342,0.0153
038441c925bb,484,2018-08-14T16:10:20-0400,-84.4547,0.015
038441c925bb,485,2018-08-14T16:10:25-0400,-84.4156,0.0147
038441c925bb,486,2018-08-14T16:10:30-0400,-84.4172,0.0149
038441c925bb,487,2018-08-14T16:10:35-0400,-84.4585,0.0149
038441c925bb,488,2018-08-14T16:10:40-0400,-84.5729,0.0148
038441c925bb,489,2018-08-14T16:10:45-0400,-84.4193,0.0149
038441c925bb,490,2018-08-14T16:10:50-0400,-84.4379,0.0146
038441c925bb,491,2018-08-14T16:10:55-0400,-84.3729,0.015
038441c925bb,492,2018-08-14T16:11:00-0400,-84.371,0.0148
038441c925bb,493,2018-08-14T16:11:05-0400,-84.3896,0.0151
038441c925bb,494,2018-08-14T16:11:10-0400,-84.7389,0.0248
038441c925bb,495,2018-08-14T16:11:15-0400,4.6656,0.0781
038441c925bb,496,2018-08-14T16:11:20-0400,-43.7246,0.0679
038441c925bb,497,2018-08-14T16:11:25-0400,-85.2562,0.0147
038441c925bb,498,2018-08-14T16:11:30-0400,-85.3399,0.0146
038441c925bb,499,2018-08-14T16:11:35-0400,-85.3426,0.0151
038441c925bb,500,2018-08-14T16:11:40-0400,-85.3372,0.0149
038441c925bb,501,2018-08-14T16:11:45-0400,-85.3372,0.015
038441c925bb,502,2018-08-14T16:11:50-0400,-85.3372,0.015
038441c925bb,503,2018-08-14T16:11:55-0400,-85.3385,0.0152
038441c925bb,504,2018-08-14T16:12:00-0400,-85.3783,0.0149
038441c925bb,505,2018-08-14T16:12:05-0400,-85.3372,0.0149
038441c925bb,506,2018-08-14T16:12:10-0400,-85.3372,0.0148
038441c925bb,507,2018-08-14T16:12:15-0400,-85.3372,0.0148
038441c925bb,508,2018-08-14T16:12:20-0400,-85.3965,0.0149
038441c925bb,509,2018-08-14T16:12:25-0400,-85.3668,0.0148
038441c925bb,510,2018-08-14T16:12:30-0400,-85.355,0.0147
038441c925bb,511,2018-08-14T16:12:35-0400,-85.3372,0.015
038441c925bb,512,2018-08-14T16:12:40-0400,-85.3372,0.0148
038441c925bb,513,2018-08-14T16:12:45-0400,-85.344,0.0148
038441c925bb,514,2018-08-14T16:12:50-0400,-85.3372,0.0146
038441c925bb,515,2018-08-14T16:12:55-0400,-85.4744,0.0147
038441c925bb,516,2018-08-14T16:13:00-0400,-85.3385,0.0154
038441c925bb,517,2018-08-14T16:13:05-0400,-85.366,0.015
038441c925bb,518,2018-08-14T16:13:10-0400,-84.8098,0.0234
038441c925bb,519,2018-08-14T16:13:15-0400,-84.4925,0.0147
038441c925bb,520,2018-08-14T16:13:20-0400,-85.1717,0.0252
038441c925bb,521,2018-08-14T16:13:25-0400,-85.5251,0.0166
038441c925bb,522,2018-08-14T16:13:30-0400,-85.4968,0.0153
038441c925bb,523,2018-08-14T16:13:35-0400,-80.7387,0.0369
038441c925bb,524,2018-08-14T16:13:40-0400,-63.7036,0.0318
038441c925bb,525,2018-08-14T16:13:45-0400,-83.5385,0.0681
038441c925bb,526,2018-08-14T16:13:50-0400,-85.5869,0.0156
038441c925bb,527,2018-08-14T16:13:55-0400,-85.5869,0.0157
038441c925bb,528,2018-08-14T16:14:00-0400,-85.59,0.016
038441c925bb,529,2018-08-14T16:14:05-0400,-85.5883,0.0159
038441c925bb,530,2018-08-14T16:14:10-0400,-85.1407,0.016
038441c925bb,531,2018-08-14T16:14:15-0400,-84.9791,0.016
038441c925bb,532,2018-08-14T16:14:20-0400,-84.9535,0.0161
038441c925bb,533,2018-08-14T16:14:25-0400,-84.7667,0.0159
038441c925bb,534,2018-08-14T16:14:30-0400,-84.9614,0.0161
038441c925bb,535,2018-08-14T16:14:35-0400,-85.1374,0.0153
038441c925bb,536,2018-08-14T16:14:40-0400,-85.3484,0.0153
038441c925bb,537,2018-08-14T16:14:45-0400,-85.3676,0.0151
038441c925bb,538,2018-08-14T16:14:50-0400,-85.3676,0.0151
038441c925bb,539,2018-08-14T16:14:55-0400,-85.363,0.0146
038441c925bb,540,2018-08-14T16:15:00-0400,-85.3641,0.0147
038441c925bb,541,2018-08-14T16:15:05-0400,-85.3674,0.0151
038441c925bb,542,2018-08-14T16:15:10-0400,-85.3676,0.0147
038441c925bb,543,2018-08-14T16:15:15-0400,-85.3676,0.0147
038441c925bb,544,2018-08-14T16:15:20-0400,-85.3676,0.0145
038441c925bb,545,2018-08-14T16:15:25-0400,-85.3676,0.015
038441c925bb,546,2018-08-14T16:15:30-0400,-85.3671,0.0145
038441c925bb,547,2018-08-14T16:15:35-0400,-85.3651,0.0143
038441c925bb,548,2018-08-14T16:15:40-0400,-85.3676,0.0145
038441c925bb,549,2018-08-14T16:15:45-0400,-85.3676,0.0142
038441c925bb,550,2018-08-14T16:15:50-0400,-85.3676,0.0145
038441c925bb,551,2018-08-14T16:15:55-0400,-85.3676,0.0148
038441c925bb,552,2018-08-14T16:16:00-0400,-85.3669,0.0146
038441c925bb,553,2018-08-14T16:16:05-0400,-85.3645,0.0147
038441c925bb,554,2018-08-14T16:16:10-0400,-85.3644,0.0147
038441c925bb,555,2018-08-14T16:16:15-0400,-85.3671,0.0145
038441c925bb,556,2018-08-14T16:16:20-0400,-85.364,0.0152
038441c925bb,557,2018-08-14T16:16:25-0400,-85.3676,0.0146
038441c925bb,558,2018-08-14T16:16:30-0400,-85.3676,0.0148
038441c925bb,559,2018-08-14T16:16:35-0400,-85.3676,0.015
038441c925bb,560,2018-08-14T16:16:40-0400,-85.3671,0.0146
038441c925bb,561,2018-08-14T16:16:45-0400,-85.3632,0.0148
038441c925bb,562,2018-08-14T16:16:50-0400,-85.3667,0.0147
038441c925bb,563,2018-08-14T16:16:55-0400,-85.3672,0.0146
038441c925bb,564,2018-08-14T16:17:00-0400,-85.3658,0.0146
038441c925bb,565,2018-08-14T16:17:05-0400,-85.3676,0.0147
038441c925bb,566,2018-08-14T16:17:10-0400,-85.3676,0.0146
038441c925bb,567,2018-08-14T16:17:15-0400,-85.3676,0.0147
038441c925bb,568,2018-08-14T16:17:20-0400,-85.3647,0.015
038441c925bb,569,2018-08-14T16:17:25-0400,-85.3668,0.0148
038441c925bb,570,2018-08-14T16:17:30-0400,-85.3676,0.015
038441c925bb,571,2018-08-14T16:17:35-0400,-85.3676,0.0145
038441c925bb,572,2018-08-14T16:17:40-0400,-85.3676,0.0148
038441c925bb,573,2018-08-14T16:17:45-0400,-85.3676,0.0149
038441c925bb,574,2018-08-14T16:17:50-0400,-85.3666,0.0149
038441c925bb,575,2018-08-14T16:17:55-0400,-85.3676,0.0149
038441c925bb,576,2018-08-14T16:18:00-0400,-85.3664,0.0148
038441c925bb,577,2018-08-14T16:18:05-0400,-85.367,0.0148
038441c925bb,578,2018-08-14T16:18:10-0400,-85.367,0.0148
038441c925bb,579,2018-08-14T16:18:15-0400,-85.3676,0.015
038441c925bb,580,2018-08-14T16:18:20-0400,-85.3655,0.0149
038441c925bb,581,2018-08-14T16:18:25-0400,-85.3659,0.0149
038441c925bb,582,2018-08-14T16:18:30-0400,-85.3676,0.0151
038441c925bb,583,2018-08-14T16:18:35-0400,-85.3676,0.0149
038441c925bb,584,2018-08-14T16:18:40-0400,-85.3676,0.015
038441c925bb,585,2018-08-14T16:18:45-0400,-85.3676,0.0153
038441c925bb,586,2018-08-14T16:18:50-0400,-85.3668,0.0147
038441c925bb,587,2018-08-14T16:18:55-0400,-85.3675,0.0147
038441c925bb,588,2018-08-14T16:19:00-0400,-85.3675,0.0149
038441c925bb,589,2018-08-14T16:19:05-0400,-85.3652,0.015
038441c925bb,590,2018-08-14T16:19:10-0400,-85.3676,0.0146
038441c925bb,591,2018-08-14T16:19:15-0400,-85.3671,0.0149
038441c925bb,592,2018-08-14T16:19:20-0400,-85.3676,0.0146
038441c925bb,593,2018-08-14T16:19:25-0400,-85.2686,0.0149
038441c925bb,594,2018-08-14T16:19:30-0400,-85.2774,0.0147
038441c925bb,595,2018-08-14T16:19:35-0400,-85.4906,0.0145
038441c925bb,596,2018-08-14T16:19:40-0400,-85.6587,0.0145
038441c925bb,597,2018-08-14T16:19:45-0400,-85.3529,0.0148
038441c925bb,598,2018-08-14T16:19:50-0400,-85.3637,0.0147
038441c925bb,599,2018-08-14T16:19:55-0400,-85.3646,0.0149
038441c925bb,600,2018-08-14T16:20:00-0400,-85.3666,0.0147
038441c925bb,601,2018-08-14T16:20:05-0400,-85.3675,0.0147
038441c925bb,602,2018-08-14T16:20:10-0400,-85.3644,0.0156
038441c925bb,603,2018-08-14T16:20:15-0400,-85.3621,0.0149
038441c925bb,604,2018-08-14T16:20:20-0400,-85.3665,0.0148
038441c925bb,605,2018-08-14T16:20:25-0400,-85.3635,0.0145
038441c925bb,606,2018-08-14T16:20:30-0400,-85.3635,0.0149
038441c925bb,607,2018-08-14T16:20:35-0400,-85.3621,0.0146
038441c925bb,608,2018-08-14T16:20:40-0400,-85.3621,0.0148
038441c925bb,609,2018-08-14T16:20:45-0400,-85.3638,0.015
038441c925bb,610,2018-08-14T16:20:50-0400,-85.3676,0.0149
038441c925bb,611,2018-08-14T16:20:55-0400,-85.3637,0.0147
038441c925bb,612,2018-08-14T16:21:00-0400,-85.3657,0.0148
038441c925bb,613,2018-08-14T16:21:05-0400,-85.3656,0.0148
038441c925bb,614,2018-08-14T16:21:10-0400,-85.3621,0.0148
038441c925bb,615,2018-08-14T16:21:15-0400,-85.3664,0.0147
038441c925bb,616,2018-08-14T16:21:20-0400,-85.3625,0.0148
038441c925bb,617,2018-08-14T16:21:25-0400,-85.3622,0.0149
038441c925bb,618,2018-08-14T16:21:30-0400,-85.3621,0.015
038441c925bb,619,2018-08-14T16:21:35-0400,-85.3621,0.0145
038441c925bb,620,2018-08-14T16:21:40-0400,-85.3614,0.0146
038441c925bb,621,2018-08-14T16:21:45-0400,-85.3662,0.0146
038441c925bb,622,2018-08-14T16:21:50-0400,-85.3653,0.0147
038441c925bb,623,2018-08-14T16:21:55-0400,-72.4401,0.0777
038441c925bb,624,2018-08-14T16:22:00-0400,-2.9362,0.0801
038441c925bb,625,2018-08-14T16:22:05-0400,21.1882,0.1221
038441c925bb,626,2018-08-14T16:22:10-0400,61.3721,0.092
038441c925bb,627,2018-08-14T16:22:15-0400,-18.3199,0.0829
038441c925bb,628,2018-08-14T16:22:20-0400,-70.2683,0.0404
038441c925bb,629,2018-08-14T16:22:25-0400,-75.3928,0.1235
038441c925bb,630,2018-08-14T16:22:30-0400,-76.6948,0.0648
038441c925bb,631,2018-08-14T16:22:35-0400,-50.6643,0.0342
038441c925bb,632,2018-08-14T16:22:40-0400,-46.6562,0.0301
038441c925bb,633,2018-08-14T16:22:45-0400,-35.0214,0.0222
038441c925bb,634,2018-08-14T16:22:50-0400,-25.6652,0.0321
038441c925bb,635,2018-08-14T16:22:55-0400,-36.8407,0.0501
038441c925bb,636,2018-08-14T16:23:00-0400,-17.2092,0.0623
038441c925bb,637,2018-08-14T16:23:05-0400,-10.5431,0.0478
038441c925bb,638,2018-08-14T16:23:10-0400,-49.639,0.0553
038441c925bb,639,2018-08-14T16:23:15-0400,-38.6734,0.0297
038441c925bb,640,2018-08-14T16:23:20-0400,-28.1181,0.032
038441c925bb,641,2018-08-14T16:23:25-0400,-56.7661,0.0489
038441c925bb,642,2018-08-14T16:23:30-0400,-54.3612,0.0311
038441c925bb,643,2018-08-14T16:23:35-0400,-61.5464,0.0356
038441c925bb,644,2018-08-14T16:23:40-0400,-66.1996,0.0317
038441c925bb,645,2018-08-14T16:23:45-0400,-66.4745,0.0248
038441c925bb,646,2018-08-14T16:23:50-0400,-33.363,0.0435
038441c925bb,647,2018-08-14T16:23:55-0400,-13.9989,0.0496
038441c925bb,648,2018-08-14T16:24:00-0400,-4.0472,0.0316
038441c925bb,649,2018-08-14T16:24:05-0400,-4.0111,0.032
038441c925bb,650,2018-08-14T16:24:10-0400,-75.3869,0.0199
038441c925bb,651,2018-08-14T16:24:15-0400,-74.9547,0.0364
038441c925bb,652,2018-08-14T16:24:20-0400,-68.0667,0.0254
038441c925bb,653,2018-08-14T16:24:25-0400,-79.5072,0.0582
038441c925bb,654,2018-08-14T16:24:30-0400,-81.5318,0.0878
038441c925bb,655,2018-08-14T16:24:35-0400,-76.7423,0.0331
038441c925bb,656,2018-08-14T16:24:40-0400,-64.8662,0.0224
038441c925bb,657,2018-08-14T16:24:45-0400,-52.1799,0.0504
038441c925bb,658,2018-08-14T16:24:50-0400,-9.4286,0.0643
038441c925bb,659,2018-08-14T16:24:55-0400,-30.3389,0.0693
038441c925bb,660,2018-08-14T16:25:00-0400,-66.5481,0.4403
038441c925bb,661,2018-08-14T16:25:05-0400,-80.0505,0.0221
038441c925bb,662,2018-08-14T16:25:10-0400,-83.1624,0.0168
038441c925bb,663,2018-08-14T16:25:15-0400,-63.0534,0.0411
038441c925bb,664,2018-08-14T16:25:20-0400,-70.8692,0.006
038441c925bb,665,2018-08-14T16:25:25-0400,-70.3838,0.027
038441c925bb,666,2018-08-14T16:25:30-0400,-25.1252,0.0778
038441c925bb,667,2018-08-14T16:25:35-0400,-13.5484,0.0489
038441c925bb,668,2018-08-14T16:25:40-0400,-5.5106,0.0508
038441c925bb,669,2018-08-14T16:25:45-0400,-13.0395,0.0898
038441c925bb,670,2018-08-14T16:25:50-0400,-63.9883,0.1532
038441c925bb,671,2018-08-14T16:25:55-0400,-53.4858,0.2257
038441c925bb,672,2018-08-14T16:26:00-0400,-56.6508,0.1773
038441c925bb,673,2018-08-14T16:26:05-0400,-56.1743,0.0286
038441c925bb,674,2018-08-14T16:26:10-0400,-55.4671,0.0332
038441c925bb,675,2018-08-14T16:26:15-0400,-54.4912,0.0177
038441c925bb,676,2018-08-14T16:26:20-0400,-57.294,0.0159
038441c925bb,677,2018-08-14T16:26:25-0400,-53.0894,0.0056
038441c925bb,678,2018-08-14T16:26:30-0400,-55.8504,0.0146
038441c925bb,679,2018-08-14T16:26:35-0400,-55.1899,0.0224
038441c925bb,680,2018-08-14T16:26:40-0400,-43.825,0.0368
038441c925bb,681,2018-08-14T16:26:45-0400,-61.5283,0.0091
038441c925bb,682,2018-08-14T16:26:50-0400,-59.4729,0.0141
038441c925bb,683,2018-08-14T16:26:55-0400,-58.3945,0.0113
038441c925bb,684,2018-08-14T16:27:00-0400,-52.7641,0.0166
038441c925bb,685,2018-08-14T16:27:05-0400,36.1297,0.0052
038441c925bb,686,2018-08-14T16:27:10-0400,-41.099,0.0218
038441c925bb,687,2018-08-14T16:27:15-0400,-82.747,0.021
038441c925bb,688,2018-08-14T16:27:20-0400,-80.3131,0.0284
038441c925bb,689,2018-08-14T16:27:25-0400,-65.8976,0.0483
038441c925bb,690,2018-08-14T16:27:30-0400,-47.0545,0.02
038441c925bb,691,2018-08-14T16:27:35-0400,-39.5993,0.0498
038441c925bb,692,2018-08-14T16:27:40-0400,-59.225,0.034
038441c925bb,693,2018-08-14T16:27:45-0400,-18.1569,0.0124
038441c925bb,694,2018-08-14T16:27:50-0400,-37.5255,0.0278
038441c925bb,695,2018-08-14T16:27:55-0400,-61.663,0.0363
038441c925bb,696,2018-08-14T16:28:00-0400,-26.865,0.0498
038441c925bb,697,2018-08-14T16:28:05-0400,-18.6878,0.2761
038441c925bb,698,2018-08-14T16:28:10-0400,-66.4539,0.0149
038441c925bb,699,2018-08-14T16:28:15-0400,-55.9889,0.033
038441c925bb,700,2018-08-14T16:28:20-0400,-58.4185,0.003
038441c925bb,701,2018-08-14T16:28:25-0400,-59.3091,0.0154
038441c925bb,702,2018-08-14T16:28:30-0400,-40.2438,0.0153
038441c925bb,703,2018-08-14T16:28:35-0400,-34.0275,0.0094
038441c925bb,704,2018-08-14T16:28:40-0400,-34.1351,0.0107
038441c925bb,705,2018-08-14T16:28:45-0400,-29.7689,0.0095
038441c925bb,706,2018-08-14T16:28:50-0400,-27.6755,0.0125
038441c925bb,707,2018-08-14T16:28:55-0400,-28.7827,0.0111
038441c925bb,708,2018-08-14T16:29:00-0400,-25.4209,0.0094
038441c925bb,709,2018-08-14T16:29:05-0400,-26.8013,0.0539
038441c925bb,710,2018-08-14T16:29:10-0400,-68.114,0.0199
038441c925bb,711,2018-08-14T16:29:15-0400,-69.1093,0.0092
038441c925bb,712,2018-08-14T16:29:20-0400,-64.7171,0.0067
038441c925bb,713,2018-08-14T16:29:25-0400,-59.5148,0.0278
038441c925bb,714,2018-08-14T16:29:30-0400,-58.6522,0.0957
038441c925bb,715,2018-08-14T16:29:35-0400,-24.4836,0.0663
038441c925bb,716,2018-08-14T16:29:40-0400,-35.9937,0.0375
038441c925bb,717,2018-08-14T16:29:45-0400,-8.6437,0.0508
038441c925bb,718,2018-08-14T16:29:50-0400,-8.5733,0.0402
038441c925bb,719,2018-08-14T16:29:55-0400,-9.7611,0.0412
038441c925bb,720,2018-08-14T16:30:00-0400,-12.3752,0.0407
038441c925bb,721,2018-08-14T16:30:05-0400,-6.1313,0.041
038441c925bb,722,2018-08-14T16:30:10-0400,-3.8967,0.0381
038441c925bb,723,2018-08-14T16:30:15-0400,-13.2391,0.0476
038441c925bb,724,2018-08-14T16:30:20-0400,-17.7853,0.0356
038441c925bb,725,2018-08-14T16:30:25-0400,-6.224,0.0433
038441c925bb,726,2018-08-14T16:30:30-0400,-38.9591,0.0842
038441c925bb,727,2018-08-14T16:30:35-0400,-53.9108,0.0589
038441c925bb,728,2018-08-14T16:30:40-0400,-28.4187,0.0865
038441c925bb,729,2018-08-14T16:30:45-0400,5.7712,0.0614
038441c925bb,730,2018-08-14T16:30:50-0400,-0.3245,0.1
038441c925bb,731,2018-08-14T16:30:55-0400,-22.119,0.1314
038441c925bb,732,2018-08-14T16:31:00-0400,-20.1927,0.0902
038441c925bb,733,2018-08-14T16:31:05-0400,-15.7304,0.1345
038441c925bb,734,2018-08-14T16:31:10-0400,-18.8071,0.1027
038441c925bb,735,2018-08-14T16:31:15-0400,-32.8928,0.049
038441c925bb,736,2018-08-14T16:31:20-0400,-33.6894,0.0436
038441c925bb,737,2018-08-14T16:31:25-0400,-13.6028,0.0905
038441c925bb,738,2018-08-14T16:31:30-0400,-4.0698,0.0737
038441c925bb,739,2018-08-14T16:31:35-0400,-52.1296,0.0615
038441c925bb,740,2018-08-14T16:31:40-0400,-56.8694,0.0678
038441c925bb,741,2018-08-14T16:31:45-0400,-63.4522,0.017
038441c925bb,742,2018-08-14T16:31:50-0400,-40.0004,0.053
038441c925bb,743,2018-08-14T16:31:55-0400,-23.2736,0.0545
038441c925bb,744,2018-08-14T16:32:00-0400,-55.7422,0.037
038441c925bb,745,2018-08-14T16:32:05-0400,-25.2546,0.0731
038441c925bb,746,2018-08-14T16:32:10-0400,-13.726,0.0068
038441c925bb,747,2018-08-14T16:32:15-0400,-20.7996,0.0591
038441c925bb,748,2018-08-14T16:32:20-0400,-38.9593,0.0713
038441c925bb,749,2018-08-14T16:32:25-0400,-9.2101,0.0312
038441c925bb,750,2018-08-14T16:32:30-0400,-12.5646,0.0304
038441c925bb,751,2018-08-14T16:32:35-0400,-11.7127,0.0401
038441c925bb,752,2018-08-14T16:32:40-0400,-35.0524,0.1556
038441c925bb,753,2018-08-14T16:32:45-0400,-35.7727,0.0186
038441c925bb,754,2018-08-14T16:32:50-0400,-34.5954,0.0041
038441c925bb,755,2018-08-14T16:32:55-0400,-35.9363,0.0108
038441c925bb,756,2018-08-14T16:33:00-0400,-35.353,0.034
038441c925bb,757,2018-08-14T16:33:05-0400,-40.6048,0.0472
038441c925bb,758,2018-08-14T16:33:10-0400,-36.7195,0.0858
038441c925bb,759,2018-08-14T16:33:15-0400,-19.3509,0.059
038441c925bb,760,2018-08-14T16:33:20-0400,-14.5044,0.0343
038441c925bb,761,2018-08-14T16:33:25-0400,-12.3619,0.0
038441c925bb,762,2018-08-14T16:33:30-0400,-8.7609,0.0004
038441c925bb,763,2018-08-14T16:33:35-0400,-3.2475,0.0312
038441c925bb,764,2018-08-14T16:33:40-0400,3.127,0.0242
038441c925bb,765,2018-08-14T16:33:45-0400,-16.4639,0.0484
038441c925bb,766,2018-08-14T16:33:50-0400,-1.3528,0.0009
038441c925bb,767,2018-08-14T16:33:55-0400,-6.0735,0.0003
038441c925bb,768,2018-08-14T16:34:00-0400,-14.2836,0.0366
038441c925bb,769,2018-08-14T16:34:05-0400,-46.1655,0.0219
038441c925bb,770,2018-08-14T16:34:10-0400,-57.0495,0.0715
038441c925bb,771,2018-08-14T16:34:15-0400,32.0782,0.0725
038441c925bb,772,2018-08-14T16:34:20-0400,34.8282,0.0449
038441c925bb,773,2018-08-14T16:34:25-0400,21.6971,0.0856
038441c925bb,774,2018-08-14T16:34:30-0400,5.1432,0.5504
038441c925bb,775,2018-08-14T16:34:35-0400,-0.469,0.2513
038441c925bb,776,2018-08-14T16:34:40-0400,-0.0929,0.2168
038441c925bb,777,2018-08-14T16:34:45-0400,-0.4157,0.256
038441c925bb,778,2018-08-14T16:34:50-0400,13.7293,0.1762
038441c925bb,779,2018-08-14T16:34:55-0400,-52.9407,0.1405
038441c925bb,780,2018-08-14T16:35:00-0400,-71.8611,0.1881
038441c925bb,781,2018-08-14T16:35:05-0400,-79.89,0.229
038441c925bb,782,2018-08-14T16:35:10-0400,-53.4669,0.4538
038441c925bb,783,2018-08-14T16:35:15-0400,-5.8801,0.0908
038441c925bb,784,2018-08-14T16:35:20-0400,-1.1691,0.0746
038441c925bb,785,2018-08-14T16:35:25-0400,-27.739,0.0442
038441c925bb,786,2018-08-14T16:35:30-0400,-19.0444,0.034
038441c925bb,787,2018-08-14T16:35:35-0400,-8.661,0.1044
038441c925bb,788,2018-08-14T16:35:40-0400,-7.5438,0.0913
038441c925bb,789,2018-08-14T16:35:45-0400,-2.7212,0.0899
038441c925bb,790,2018-08-14T16:35:50-0400,-25.4793,0.0411
038441c925bb,791,2018-08-14T16:35:55-0400,-42.9637,0.0515
038441c925bb,792,2018-08-14T16:36:00-0400,-46.5158,0.0386
038441c925bb,793,2018-08-14T16:36:05-0400,-46.1753,0.0389
038441c925bb,794,2018-08-14T16:36:10-0400,-47.7098,0.0428
038441c925bb,795,2018-08-14T16:36:15-0400,-12.0453,0.0466
038441c925bb,796,2018-08-14T16:36:20-0400,-5.914,0.0505
038441c925bb,797,2018-08-14T16:36:25-0400,8.314,0.0213
038441c925bb,798,2018-08-14T16:36:30-0400,-15.1054,0.0376
038441c925bb,799,2018-08-14T16:36:35-0400,-45.4004,0.0189
038441c925bb,800,2018-08-14T16:36:40-0400,12.5819,0.0155
038441c925bb,801,2018-08-14T16:36:45-0400,-27.0931,0.0354
038441c925bb,802,2018-08-14T16:36:50-0400,-24.4884,0.0516
038441c925bb,803,2018-08-14T16:36:55-0400,-39.7933,0.08
038441c925bb,804,2018-08-14T16:37:00-0400,-59.0567,0.015
038441c925bb,805,2018-08-14T16:37:05-0400,-31.2098,0.0512
038441c925bb,806,2018-08-14T16:37:10-0400,41.4234,0.072
038441c925bb,807,2018-08-14T16:37:15-0400,40.8609,0.0544
038441c925bb,808,2018-08-14T16:37:20-0400,22.5458,0.1006
038441c925bb,809,2018-08-14T16:37:25-0400,-44.8449,0.03
038441c925bb,810,2018-08-14T16:37:30-0400,-45.7759,0.0219
038441c925bb,811,2018-08-14T16:37:35-0400,-46.3178,0.0417
038441c925bb,812,2018-08-14T16:37:40-0400,-41.1724,0.0025
038441c925bb,813,2018-08-14T16:37:45-0400,-26.9658,0.0405
038441c925bb,814,2018-08-14T16:37:50-0400,-47.8255,0.0005
038441c925bb,815,2018-08-14T16:37:55-0400,-28.8485,0.025
038441c925bb,816,2018-08-14T16:38:00-0400,-28.0396,0.0726
038441c925bb,817,2018-08-14T16:38:05-0400,-8.0951,0.0567
038441c925bb,818,2018-08-14T16:38:10-0400,-0.2178,0.0565
038441c925bb,819,2018-08-14T16:38:15-0400,-12.3182,0.0366
038441c925bb,820,2018-08-14T16:38:20-0400,1.5408,0.0912
038441c925bb,821,2018-08-14T16:38:25-0400,5.3726,0.0633
038441c925bb,822,2018-08-14T16:38:30-0400,9.1841,0.1477
038441c925bb,823,2018-08-14T16:38:35-0400,4.3258,0.026
038441c925bb,824,2018-08-14T16:38:40-0400,-27.0176,0.0976
038441c925bb,825,2018-08-14T16:38:45-0400,-37.9441,0.049
038441c925bb,826,2018-08-14T16:38:50-0400,-22.422,0.0473
038441c925bb,827,2018-08-14T16:38:55-0400,4.6764,0.0607
038441c925bb,828,2018-08-14T16:39:00-0400,-31.257,0.139
038441c925bb,829,2018-08-14T16:39:05-0400,9.8866,0.0194
038441c925bb,830,2018-08-14T16:39:10-0400,19.1158,0.0135
038441c925bb,831,2018-08-14T16:39:15-0400,-16.6848,0.1056
038441c925bb,832,2018-08-14T16:39:20-0400,-14.8295,0.0601
038441c925bb,833,2018-08-14T16:39:25-0400,-16.4113,0.075
038441c925bb,834,2018-08-14T16:39:30-0400,-40.1575,0.1434
038441c925bb,835,2018-08-14T16:39:35-0400,-31.8816,0.0736
038441c925bb,836,2018-08-14T16:39:40-0400,-47.9436,0.0901
038441c925bb,837,2018-08-14T16:39:45-0400,-42.3072,0.0082
038441c925bb,838,2018-08-14T16:39:50-0400,-40.0399,0.027
038441c925bb,839,2018-08-14T16:39:55-0400,-23.66,0.0215
038441c925bb,840,2018-08-14T16:40:00-0400,-38.6146,0.057
038441c925bb,841,2018-08-14T16:40:05-0400,-69.8169,0.2738
038441c925bb,842,2018-08-14T16:40:10-0400,-10.9767,0.1118
038441c925bb,843,2018-08-14T16:40:15-0400,-7.5848,0.0666
038441c925bb,844,2018-08-14T16:40:20-0400,-7.795,0.079
038441c925bb,845,2018-08-14T16:40:25-0400,14.1998,0.0709
038441c925bb,846,2018-08-14T16:40:30-0400,33.4413,0.0276
038441c925bb,847,2018-08-14T16:40:35-0400,-23.9073,0.1321
038441c925bb,848,2018-08-14T16:40:40-0400,-7.5564,0.1106
038441c925bb,849,2018-08-14T16:40:45-0400,-0.5557,0.1866
038441c925bb,850,2018-08-14T16:40:50-0400,1.8696,0.4068
038441c925bb,851,2018-08-14T16:40:55-0400,-6.6108,0.349
038441c925bb,852,2018-08-14T16:41:00-0400,-13.2026,0.3438
038441c925bb,853,2018-08-14T16:41:05-0400,-3.2021,0.1154
038441c925bb,854,2018-08-14T16:41:10-0400,-2.8012,0.3114
038441c925bb,855,2018-08-14T16:41:15-0400,-11.3946,0.2538
038441c925bb,856,2018-08-14T16:41:20-0400,-15.5345,0.1173
038441c925bb,857,2018-08-14T16:41:25-0400,-8.1272,0.4199
038441c925bb,858,2018-08-14T16:41:30-0400,-14.4849,0.3528
038441c925bb,859,2018-08-14T16:41:35-0400,-26.7144,0.5561
038441c925bb,860,2018-08-14T16:41:40-0400,-7.2382,0.1372
038441c925bb,861,2018-08-14T16:41:45-0400,-0.4991,0.2361
038441c925bb,862,2018-08-14T16:41:50-0400,-5.5585,0.2107
038441c925bb,863,2018-08-14T16:41:55-0400,-6.7537,0.1542
038441c925bb,864,2018-08-14T16:42:00-0400,-4.2332,0.1404
038441c925bb,865,2018-08-14T16:42:05-0400,-15.4404,0.1308
038441c925bb,866,2018-08-14T16:42:10-0400,-48.0215,0.092
038441c925bb,867,2018-08-14T16:42:15-0400,-41.0426,0.0957
038441c925bb,868,2018-08-14T16:42:20-0400,-19.3715,0.196
038441c925bb,869,2018-08-14T16:42:25-0400,-27.8318,0.1218
038441c925bb,870,2018-08-14T16:42:30-0400,-36.4541,0.0876
038441c925bb,871,2018-08-14T16:42:35-0400,-2.8936,0.1389
038441c925bb,872,2018-08-14T16:42:40-0400,4.2365,0.106
038441c925bb,873,2018-08-14T16:42:45-0400,-5.869,0.108
038441c925bb,874,2018-08-14T16:42:50-0400,-7.5059,0.0888
038441c925bb,875,2018-08-14T16:42:55-0400,-0.9807,0.0955
038441c925bb,876,2018-08-14T16:43:00-0400,23.094,0.1242
038441c925bb,877,2018-08-14T16:43:05-0400,8.4096,0.0998
038441c925bb,878,2018-08-14T16:43:10-0400,-4.4044,0.1717
038441c925bb,879,2018-08-14T16:43:15-0400,34.7496,0.5903
038441c925bb,880,2018-08-14T16:43:20-0400,20.5747,0.3931
038441c925bb,881,2018-08-14T16:43:25-0400,10.4352,1.1848
038441c925bb,882,2018-08-14T16:43:30-0400,11.9419,1.1286
038441c925bb,883,2018-08-14T16:43:35-0400,9.7079,1.0932
038441c925bb,884,2018-08-14T16:43:40-0400,15.3024,0.9027
038441c925bb,885,2018-08-14T16:43:45-0400,-7.9466,0.0779
038441c925bb,886,2018-08-14T16:43:50-0400,-22.6327,0.0371
038441c925bb,887,2018-08-14T16:43:55-0400,-21.3014,0.0235
038441c925bb,888,2018-08-14T16:44:00-0400,-11.1254,0.2064
038441c925bb,889,2018-08-14T16:44:05-0400,-8.521,0.1694
038441c925bb,890,2018-08-14T16:44:10-0400,-10.4865,0.1362
038441c925bb,891,2018-08-14T16:44:15-0400,-2.5834,0.2148
038441c925bb,892,2018-08-14T16:44:20-0400,-12.7524,0.068
038441c925bb,893,2018-08-14T16:44:25-0400,-1.4354,0.1133
038441c925bb,894,2018-08-14T16:44:30-0400,-20.9921,0.131
038441c925bb,895,2018-08-14T16:44:35-0400,-11.7206,0.1922
038441c925bb,896,2018-08-14T16:44:40-0400,-8.1078,0.1094
038441c925bb,897,2018-08-14T16:44:45-0400,-8.9768,0.0442
038441c925bb,898,2018-08-14T16:44:50-0400,8.6761,0.0074
038441c925bb,899,2018-08-14T16:44:55-0400,16.2381,0.0396
038441c925bb,900,2018-08-14T16:45:00-0400,16.2312,0.0614
038441c925bb,901,2018-08-14T16:45:05-0400,-2.3615,0.1109
038441c925bb,902,2018-08-14T16:45:10-0400,-3.9885,0.091
038441c925bb,903,2018-08-14T16:45:15-0400,-3.4175,0.0805
038441c925bb,904,2018-08-14T16:45:20-0400,-4.611,0.1015
038441c925bb,905,2018-08-14T16:45:25-0400,0.653,0.0757
038441c925bb,906,2018-08-14T16:45:30-0400,1.4626,0.1302
038441c925bb,907,2018-08-14T16:45:35-0400,-2.7944,0.2157
038441c925bb,908,2018-08-14T16:45:40-0400,19.3666,0.04
038441c925bb,909,2018-08-14T16:45:45-0400,2.2454,0.0403
038441c925bb,910,2018-08-14T16:45:50-0400,22.3692,0.0278
038441c925bb,911,2018-08-14T16:45:55-0400,27.8361,0.0268
038441c925bb,912,2018-08-14T16:46:00-0400,-0.8101,0.0167
038441c925bb,913,2018-08-14T16:46:05-0400,-7.7478,0.0
038441c925bb,914,2018-08-14T16:46:10-0400,-7.9257,0.0054
038441c925bb,915,2018-08-14T16:46:15-0400,-11.4757,0.0617
038441c925bb,916,2018-08-14T16:46:20-0400,-21.7205,0.1438
038441c925bb,917,2018-08-14T16:46:25-0400,-36.8347,0.1287
038441c925bb,918,2018-08-14T16:46:30-0400,-2.6261,0.1995
038441c925bb,919,2018-08-14T16:46:35-0400,0.8061,0.1301
038441c925bb,920,2018-08-14T16:46:40-0400,-12.1117,0.1543
038441c925bb,921,2018-08-14T16:46:45-0400,-22.7297,0.0553
038441c925bb,922,2018-08-14T16:46:50-0400,-25.6033,0.0168
038441c925bb,923,2018-08-14T16:46:55-0400,-23.5184,0.0178
038441c925bb,924,2018-08-14T16:47:00-0400,-8.6577,0.0282
038441c925bb,925,2018-08-14T16:47:05-0400,-9.4054,0.0282
038441c925bb,926,2018-08-14T16:47:10-0400,-8.6322,0.0906
038441c925bb,927,2018-08-14T16:47:15-0400,-43.795,0.0894
038441c925bb,928,2018-08-14T16:47:20-0400,-54.0854,0.0548
038441c925bb,929,2018-08-14T16:47:25-0400,-9.8654,0.0931
038441c925bb,930,2018-08-14T16:47:30-0400,8.7336,0.0813
038441c925bb,931,2018-08-14T16:47:35-0400,5.5467,1.2233
038441c925bb,932,2018-08-14T16:47:40-0400,-2.3997,0.3895
038441c925bb,933,2018-08-14T16:47:45-0400,6.3652,0.912
038441c925bb,934,2018-08-14T16:47:50-0400,3.2553,0.5675
038441c925bb,935,2018-08-14T16:47:55-0400,0.9628,0.3176
038441c925bb,936,2018-08-14T16:48:00-0400,-24.5088,0.1882
038441c925bb,937,2018-08-14T16:48:05-0400,-36.9985,0.1424
038441c925bb,938,2018-08-14T16:48:10-0400,-16.0854,0.1042
038441c925bb,939,2018-08-14T16:48:15-0400,-9.2943,0.182
038441c925bb,940,2018-08-14T16:48:20-0400,-7.0071,0.1691
038441c925bb,941,2018-08-14T16:48:25-0400,5.106,0.1658
038441c925bb,942,2018-08-14T16:48:30-0400,28.302,0.1399
038441c925bb,943,2018-08-14T16:48:35-0400,-31.7672,0.1926
038441c925bb,944,2018-08-14T16:48:40-0400,-32.8715,0.1638
038441c925bb,945,2018-08-14T16:48:45-0400,-5.987,0.2098
038441c925bb,946,2018-08-14T16:48:50-0400,-9.1855,0.1427
038441c925bb,947,2018-08-14T16:48:55-0400,-65.1657,0.1229
038441c925bb,948,2018-08-14T16:49:00-0400,-14.3093,0.226
038441c925bb,949,2018-08-14T16:49:05-0400,-9.18,0.1707
038441c925bb,950,2018-08-14T16:49:10-0400,-16.0916,0.1339
038441c925bb,951,2018-08-14T16:49:15-0400,-25.3283,0.1395
038441c925bb,952,2018-08-14T16:49:20-0400,-35.0768,0.1229
038441c925bb,953,2018-08-14T16:49:25-0400,-18.9964,0.1072
038441c925bb,954,2018-08-14T16:49:30-0400,-5.0789,0.0662
038441c925bb,955,2018-08-14T16:49:35-0400,-1.4762,0.1925
038441c925bb,956,2018-08-14T16:49:40-0400,-4.7707,0.1948
038441c925bb,957,2018-08-14T16:49:45-0400,-22.7124,0.0974
038441c925bb,958,2018-08-14T16:49:50-0400,-32.2922,0.1099
038441c925bb,959,2018-08-14T16:49:55-0400,-20.3242,0.1433
038441c925bb,960,2018-08-14T16:50:00-0400,-10.5755,0.221
038441c925bb,961,2018-08-14T16:50:05-0400,-18.8661,0.1912
038441c925bb,962,2018-08-14T16:50:10-0400,-32.705,0.1278
038441c925bb,963,2018-08-14T16:50:15-0400,-33.2462,0.1087
038441c925bb,964,2018-08-14T16:50:20-0400,-21.2786,0.1072
038441c925bb,965,2018-08-14T16:50:25-0400,-6.1257,0.1145
038441c925bb,966,2018-08-14T16:50:30-0400,-13.658,0.0955
038441c925bb,967,2018-08-14T16:50:35-0400,-9.4381,0.4543
038441c925bb,968,2018-08-14T16:50:40-0400,-5.4184,0.2346
038441c925bb,969,2018-08-14T16:50:45-0400,-0.5203,0.16
038441c925bb,970,2018-08-14T16:50:50-0400,-2.2182,0.1692
038441c925bb,971,2018-08-14T16:50:55-0400,-0.5681,0.4086
038441c925bb,972,2018-08-14T16:51:00-0400,-36.7956,0.5754
038441c925bb,973,2018-08-14T16:51:05-0400,-16.3831,0.2555
038441c925bb,974,2018-08-14T16:51:10-0400,10.4321,0.4177
038441c925bb,975,2018-08-14T16:51:15-0400,3.3293,0.2304
038441c925bb,976,2018-08-14T16:51:20-0400,15.3028,0.4026
038441c925bb,977,2018-08-14T16:51:25-0400,-2.0948,0.3691
038441c925bb,978,2018-08-14T16:51:30-0400,2.8216,0.406
038441c925bb,979,2018-08-14T16:51:35-0400,3.6009,0.3307
038441c925bb,980,2018-08-14T16:51:40-0400,-1.356,0.2159
038441c925bb,981,2018-08-14T16:51:45-0400,-3.5199,0.2044
038441c925bb,982,2018-08-14T16:51:50-0400,-2.5456,0.1885
038441c925bb,983,2018-08-14T16:51:55-0400,-3.713,0.2817
038441c925bb,984,2018-08-14T16:52:00-0400,-5.2225,0.1697
038441c925bb,985,2018-08-14T16:52:05-0400,-13.6418,0.1615
038441c925bb,986,2018-08-14T16:52:10-0400,-10.1944,0.1672
038441c925bb,987,2018-08-14T16:52:15-0400,-27.7423,0.199
038441c925bb,988,2018-08-14T16:52:20-0400,-12.373,0.2553
038441c925bb,989,2018-08-14T16:52:25-0400,23.1531,0.3083
038441c925bb,990,2018-08-14T16:52:30-0400,-10.9729,0.1881
038441c925bb,991,2018-08-14T16:52:35-0400,-16.9427,0.1022
038441c925bb,992,2018-08-14T16:52:40-0400,-30.0701,0.1356
038441c925bb,993,2018-08-14T16:52:45-0400,-7.1126,0.1778
038441c925bb,994,2018-08-14T16:52:50-0400,-3.3086,0.0811
038441c925bb,995,2018-08-14T16:52:55-0400,-26.7138,0.124
038441c925bb,996,2018-08-14T16:53:00-0400,-36.9332,0.1431
038441c925bb,997,2018-08-14T16:53:05-0400,-1.6263,0.0525
038441c925bb,998,2018-08-14T16:53:10-0400,3.6232,0.0
038441c925bb,999,2018-08-14T16:53:15-0400,3.0015,0.0
038441c925bb,1000,2018-08-14T16:53:20-0400,0.9558,0.0
038441c925bb,1001,2018-08-14T16:53:25-0400,-1.288,0.0019
038441c925bb,1002,2018-08-14T16:53:30-0400,-15.0627,0.0659
038441c925bb,1003,2018-08-14T16:53:35-0400,-53.091,0.0882
038441c925bb,1004,2018-08-14T16:53:40-0400,-15.1481,0.0853
038441c925bb,1005,2018-08-14T16:53:45-0400,-51.3813,0.4388
038441c925bb,1006,2018-08-14T16:53:50-0400,-47.4409,0.1013
038441c925bb,1007,2018-08-14T16:53:55-0400,2.1838,0.1275
038441c925bb,1008,2018-08-14T16:54:00-0400,-16.5324,0.0566
038441c925bb,1009,2018-08-14T16:54:05-0400,8.6926,0.0712
038441c925bb,1010,2018-08-14T16:54:10-0400,8.7554,0.0896
038441c925bb,1011,2018-08-14T16:54:15-0400,-12.4689,0.1249
038441c925bb,1012,2018-08-14T16:54:20-0400,-45.2775,0.0935
038441c925bb,1013,2018-08-14T16:54:25-0400,-21.5192,0.5987
038441c925bb,1014,2018-08-14T16:54:30-0400,-3.2796,0.8129
038441c925bb,1015,2018-08-14T16:54:35-0400,-14.11,0.2811
038441c925bb,1016,2018-08-14T16:54:40-0400,-57.6955,0.0391
038441c925bb,1017,2018-08-14T16:54:45-0400,-47.4266,0.036
038441c925bb,1018,2018-08-14T16:54:50-0400,-22.4703,0.0485
038441c925bb,1019,2018-08-14T16:54:55-0400,-18.2863,0.0409
038441c925bb,1020,2018-08-14T16:55:00-0400,-20.509,0.0537
038441c925bb,1021,2018-08-14T16:55:05-0400,-8.4061,0.0183
038441c925bb,1022,2018-08-14T16:55:10-0400,3.2896,0.0273
038441c925bb,1023,2018-08-14T16:55:15-0400,6.1982,0.02
038441c925bb,1024,2018-08-14T16:55:20-0400,-14.2378,0.0627
038441c925bb,1025,2018-08-14T16:55:25-0400,-23.275,0.0917
038441c925bb,1026,2018-08-14T16:55:30-0400,-44.6575,0.033
038441c925bb,1027,2018-08-14T16:55:35-0400,-43.8998,0.0314
038441c925bb,1028,2018-08-14T16:55:40-0400,-31.5295,0.0936
038441c925bb,1029,2018-08-14T16:55:45-0400,-23.0937,0.0184
038441c925bb,1030,2018-08-14T16:55:50-0400,-12.8771,0.0115
038441c925bb,1031,2018-08-14T16:55:55-0400,-0.1161,0.0232
038441c925bb,1032,2018-08-14T16:56:00-0400,1.9544,0.0368
038441c925bb,1033,2018-08-14T16:56:05-0400,0.1615,0.0415
038441c925bb,1034,2018-08-14T16:56:10-0400,0.5574,0.0365
038441c925bb,1035,2018-08-14T16:56:15-0400,0.1802,0.0457
038441c925bb,1036,2018-08-14T16:56:20-0400,6.7099,0.0373
038441c925bb,1037,2018-08-14T16:56:25-0400,7.1093,0.0453
038441c925bb,1038,2018-08-14T16:56:30-0400,-3.9943,0.0426
038441c925bb,1039,2018-08-14T16:56:35-0400,-10.2317,0.0389
038441c925bb,1040,2018-08-14T16:56:40-0400,-9.5733,0.0395
038441c925bb,1041,2018-08-14T16:56:45-0400,-7.9406,0.0383
038441c925bb,1042,2018-08-14T16:56:50-0400,-4.764,0.0389
038441c925bb,1043,2018-08-14T16:56:55-0400,-4.2718,0.0367
038441c925bb,1044,2018-08-14T16:57:00-0400,-8.1934,0.038
038441c925bb,1045,2018-08-14T16:57:05-0400,-9.3721,0.0388
038441c925bb,1046,2018-08-14T16:57:10-0400,-1.5626,0.0402
038441c925bb,1047,2018-08-14T16:57:15-0400,-0.3342,0.036
038441c925bb,1048,2018-08-14T16:57:20-0400,-1.9738,0.0356
038441c925bb,1049,2018-08-14T16:57:25-0400,-2.2052,0.0367
038441c925bb,1050,2018-08-14T16:57:30-0400,-2.1732,0.0361
038441c925bb,1051,2018-08-14T16:57:35-0400,1.8233,0.0377
038441c925bb,1052,2018-08-14T16:57:40-0400,-10.7682,0.0406
038441c925bb,1053,2018-08-14T16:57:45-0400,-13.9074,0.0412
038441c925bb,1054,2018-08-14T16:57:50-0400,-13.1436,0.0417
038441c925bb,1055,2018-08-14T16:57:55-0400,-12.8614,0.0404
038441c925bb,1056,2018-08-14T16:58:00-0400,-16.193,0.0441
038441c925bb,1057,2018-08-14T16:58:05-0400,-16.5215,0.0425
038441c925bb,1058,2018-08-14T16:58:10-0400,-16.0311,0.0433
038441c925bb,1059,2018-08-14T16:58:15-0400,-6.8497,0.0582
038441c925bb,1060,2018-08-14T16:58:20-0400,-3.4822,0.1033
038441c925bb,1061,2018-08-14T16:58:25-0400,-5.3774,0.1126
038441c925bb,1062,2018-08-14T16:58:30-0400,-15.834,0.0749
038441c925bb,1063,2018-08-14T16:58:35-0400,-7.5324,0.0622
038441c925bb,1064,2018-08-14T16:58:40-0400,-10.0339,0.1074
038441c925bb,1065,2018-08-14T16:58:45-0400,4.7114,0.0658
038441c925bb,1066,2018-08-14T16:58:50-0400,34.8156,0.0639
038441c925bb,1067,2018-08-14T16:58:55-0400,49.3967,0.0687
038441c925bb,1068,2018-08-14T16:59:00-0400,49.4831,0.0845
038441c925bb,1069,2018-08-14T16:59:05-0400,42.779,0.0665
038441c925bb,1070,2018-08-14T16:59:10-0400,44.5049,0.0532
038441c925bb,1071,2018-08-14T16:59:15-0400,27.6925,0.1017
038441c925bb,1072,2018-08-14T16:59:20-0400,20.5713,0.0949
038441c925bb,1073,2018-08-14T16:59:25-0400,41.6576,0.088
038441c925bb,1074,2018-08-14T16:59:30-0400,45.3725,0.1245
038441c925bb,1075,2018-08-14T16:59:35-0400,46.9032,0.1124
038441c925bb,1076,2018-08-14T16:59:40-0400,44.5251,0.1123
038441c925bb,1077,2018-08-14T16:59:45-0400,43.5366,0.1709
038441c925bb,1078,2018-08-14T16:59:50-0400,45.1592,0.1113
038441c925bb,1079,2018-08-14T16:59:55-0400,39.7743,0.124
038441c925bb,1080,2018-08-14T17:00:00-0400,42.7374,0.0938
038441c925bb,1081,2018-08-14T17:00:05-0400,48.4229,0.1161
038441c925bb,1082,2018-08-14T17:00:10-0400,56.1288,0.1764
038441c925bb,1083,2018-08-14T17:00:15-0400,40.2461,0.1076
038441c925bb,1084,2018-08-14T17:00:20-0400,37.9483,0.1003
038441c925bb,1085,2018-08-14T17:00:25-0400,57.1276,0.1393
038441c925bb,1086,2018-08-14T17:00:30-0400,60.7447,0.1183
038441c925bb,1087,2018-08-14T17:00:35-0400,52.6738,0.1099
038441c925bb,1088,2018-08-14T17:00:40-0400,52.8136,0.085
038441c925bb,1089,2018-08-14T17:00:45-0400,48.2195,0.0671
038441c925bb,1090,2018-08-14T17:00:50-0400,38.6856,0.0578
038441c925bb,1091,2018-08-14T17:00:55-0400,33.4928,0.0543
038441c925bb,1092,2018-08-14T17:01:00-0400,37.2454,0.0494
038441c925bb,1093,2018-08-14T17:01:05-0400,40.4853,0.0279
038441c925bb,1094,2018-08-14T17:01:10-0400,40.7218,0.0394
038441c925bb,1095,2018-08-14T17:01:15-0400,40.0797,0.0629
038441c925bb,1096,2018-08-14T17:01:20-0400,12.8452,0.0534
038441c925bb,1097,2018-08-14T17:01:25-0400,45.0648,0.0417
038441c925bb,1098,2018-08-14T17:01:30-0400,48.7091,0.0364
038441c925bb,1099,2018-08-14T17:01:35-0400,51.158,0.0895
038441c925bb,1100,2018-08-14T17:01:40-0400,54.1771,0.0796
038441c925bb,1101,2018-08-14T17:01:45-0400,49.7913,0.0886
038441c925bb,1102,2018-08-14T17:01:50-0400,44.0348,0.0761
038441c925bb,1103,2018-08-14T17:01:55-0400,47.1221,0.0403
038441c925bb,1104,2018-08-14T17:02:00-0400,49.8818,0.0724
038441c925bb,1105,2018-08-14T17:02:05-0400,50.3719,0.0936
038441c925bb,1106,2018-08-14T17:02:10-0400,51.4162,0.0869
038441c925bb,1107,2018-08-14T17:02:15-0400,48.7479,0.0935
038441c925bb,1108,2018-08-14T17:02:20-0400,43.6349,0.0739
038441c925bb,1109,2018-08-14T17:02:25-0400,38.3607,0.077
038441c925bb,1110,2018-08-14T17:02:30-0400,49.7418,0.0856
038441c925bb,1111,2018-08-14T17:02:35-0400,54.8323,0.0973
038441c925bb,1112,2018-08-14T17:02:40-0400,53.2155,0.101
038441c925bb,1113,2018-08-14T17:02:45-0400,52.2179,0.0789
038441c925bb,1114,2018-08-14T17:02:50-0400,50.1974,0.0929
038441c925bb,1115,2018-08-14T17:02:55-0400,47.614,0.0966
038441c925bb,1116,2018-08-14T17:03:00-0400,54.8683,0.0735
038441c925bb,1117,2018-08-14T17:03:05-0400,54.6849,0.0784
038441c925bb,1118,2018-08-14T17:03:10-0400,51.8249,0.0726
038441c925bb,1119,2018-08-14T17:03:15-0400,46.7685,0.086
038441c925bb,1120,2018-08-14T17:03:20-0400,44.7034,0.0618
038441c925bb,1121,2018-08-14T17:03:25-0400,14.3649,0.099
038441c925bb,1122,2018-08-14T17:03:30-0400,9.4392,0.0995
038441c925bb,1123,2018-08-14T17:03:35-0400,-15.3295,0.1076
038441c925bb,1124,2018-08-14T17:03:40-0400,-5.6611,0.1177
038441c925bb,1125,2018-08-14T17:03:45-0400,-1.3965,0.1142
038441c925bb,1126,2018-08-14T17:03:50-0400,-1.607,0.1397
038441c925bb,1127,2018-08-14T17:03:55-0400,8.2409,0.1088
038441c925bb,1128,2018-08-14T17:04:00-0400,9.4737,0.118
038441c925bb,1129,2018-08-14T17:04:05-0400,14.0931,0.1291
038441c925bb,1130,2018-08-14T17:04:10-0400,9.6408,0.117
038441c925bb,1131,2018-08-14T17:04:15-0400,-0.0362,0.1395
038441c925bb,1132,2018-08-14T17:04:20-0400,12.6819,0.1438
038441c925bb,1133,2018-08-14T17:04:25-0400,2.6517,0.1424
038441c925bb,1134,2018-08-14T17:04:30-0400,-2.4793,0.1609
038441c925bb,1135,2018-08-14T17:04:35-0400,-4.3389,0.1506
038441c925bb,1136,2018-08-14T17:04:40-0400,11.4088,0.1228
038441c925bb,1137,2018-08-14T17:04:45-0400,26.9331,0.0745
038441c925bb,1138,2018-08-14T17:04:50-0400,24.9904,0.1073
038441c925bb,1139,2018-08-14T17:04:55-0400,1.5448,0.09
038441c925bb,1140,2018-08-14T17:05:00-0400,6.8271,0.0939
038441c925bb,1141,2018-08-14T17:05:05-0400,16.8776,0.0836
038441c925bb,1142,2018-08-14T17:05:10-0400,3.5454,0.0874
038441c925bb,1143,2018-08-14T17:05:15-0400,15.5231,0.0964
038441c925bb,1144,2018-08-14T17:05:20-0400,14.0839,0.1026
038441c925bb,1145,2018-08-14T17:05:25-0400,10.4902,0.0987
038441c925bb,1146,2018-08-14T17:05:30-0400,22.0155,0.0885
038441c925bb,1147,2018-08-14T17:05:35-0400,27.0341,0.0412
038441c925bb,1148,2018-08-14T17:05:40-0400,30.7562,0.094
038441c925bb,1149,2018-08-14T17:05:45-0400,49.4179,0.1045
038441c925bb,1150,2018-08-14T17:05:50-0400,22.7153,0.1712
038441c925bb,1151,2018-08-14T17:05:55-0400,29.2245,0.1283
038441c925bb,1152,2018-08-14T17:06:00-0400,25.5882,0.1001
038441c925bb,1153,2018-08-14T17:06:05-0400,1.602,0.0683
038441c925bb,1154,2018-08-14T17:06:10-0400,4.8989,0.0813
038441c925bb,1155,2018-08-14T17:06:15-0400,-6.9972,0.0688
038441c925bb,1156,2018-08-14T17:06:20-0400,18.6851,0.0525
038441c925bb,1157,2018-08-14T17:06:25-0400,3.1601,0.0591
038441c925bb,1158,2018-08-14T17:06:30-0400,2.8036,0.0499
038441c925bb,1159,2018-08-14T17:06:35-0400,0.6087,0.0462
038441c925bb,1160,2018-08-14T17:06:40-0400,13.1109,0.0335
038441c925bb,1161,2018-08-14T17:06:45-0400,14.6292,0.044
038441c925bb,1162,2018-08-14T17:06:50-0400,32.834,0.0457
038441c925bb,1163,2018-08-14T17:06:55-0400,24.9911,0.0829
038441c925bb,1164,2018-08-14T17:07:00-0400,8.4124,0.0935
038441c925bb,1165,2018-08-14T17:07:05-0400,28.1592,0.1232
038441c925bb,1166,2018-08-14T17:07:10-0400,21.6049,0.0659
038441c925bb,1167,2018-08-14T17:07:15-0400,-11.8467,0.0812
038441c925bb,1168,2018-08-14T17:07:20-0400,2.3125,0.1722
038441c925bb,1169,2018-08-14T17:07:25-0400,15.087,0.2432
038441c925bb,1170,2018-08-14T17:07:30-0400,9.0995,0.124
038441c925bb,1171,2018-08-14T17:07:35-0400,6.3928,0.0941
038441c925bb,1172,2018-08-14T17:07:40-0400,-5.0397,0.0747
038441c925bb,1173,2018-08-14T17:07:45-0400,-10.476,0.0655
038441c925bb,1174,2018-08-14T17:07:50-0400,-11.054,0.066
038441c925bb,1175,2018-08-14T17:07:55-0400,3.9902,0.0688
038441c925bb,1176,2018-08-14T17:08:00-0400,6.9922,0.0804
038441c925bb,1177,2018-08-14T17:08:05-0400,-5.2807,0.0505
038441c925bb,1178,2018-08-14T17:08:10-0400,52.7153,0.0578
038441c925bb,1179,2018-08-14T17:08:15-0400,12.4575,0.0631
038441c925bb,1180,2018-08-14T17:08:20-0400,-6.5232,0.089
038441c925bb,1181,2018-08-14T17:08:25-0400,-2.873,0.5797
038441c925bb,1182,2018-08-14T17:08:30-0400,-12.8894,0.6823
038441c925bb,1183,2018-08-14T17:08:35-0400,-29.6017,0.0451
038441c925bb,1184,2018-08-14T17:08:40-0400,21.8625,0.0898
038441c925bb,1185,2018-08-14T17:08:45-0400,-19.114,0.0488
038441c925bb,1186,2018-08-14T17:08:50-0400,-36.5618,0.0339
038441c925bb,1187,2018-08-14T17:08:55-0400,-25.0395,0.0461
038441c925bb,1188,2018-08-14T17:09:00-0400,-31.3889,0.035
038441c925bb,1189,2018-08-14T17:09:05-0400,-26.4733,0.0314
038441c925bb,1190,2018-08-14T17:09:10-0400,-29.3977,0.1365
038441c925bb,1191,2018-08-14T17:09:15-0400,-10.7277,0.6455
038441c925bb,1192,2018-08-14T17:09:20-0400,-35.0398,0.0872
038441c925bb,1193,2018-08-14T17:09:25-0400,-18.9907,0.0803
038441c925bb,1194,2018-08-14T17:09:30-0400,-19.4232,0.0521
038441c925bb,1195,2018-08-14T17:09:35-0400,-1.4006,0.0204
038441c925bb,1196,2018-08-14T17:09:40-0400,-7.9583,0.0678
038441c925bb,1197,2018-08-14T17:09:45-0400,-24.4857,0.0422
038441c925bb,1198,2018-08-14T17:09:50-0400,-11.1439,0.1056
038441c925bb,1199,2018-08-14T17:09:55-0400,1.1756,0.6368
038441c925bb,1200,2018-08-14T17:10:00-0400,-5.3128,0.0847
038441c925bb,1201,2018-08-14T17:10:05-0400,-10.1241,0.0439
038441c925bb,1202,2018-08-14T17:10:10-0400,11.149,0.4168
038441c925bb,1203,2018-08-14T17:10:15-0400,-0.969,0.0947
038441c925bb,1204,2018-08-14T17:10:20-0400,-1.573,0.0555
038441c925bb,1205,2018-08-14T17:10:25-0400,-33.4538,0.0565
038441c925bb,1206,2018-08-14T17:10:30-0400,-58.9664,0.0263
038441c925bb,1207,2018-08-14T17:10:35-0400,-52.3399,0.0686
038441c925bb,1208,2018-08-14T17:10:40-0400,-7.2211,0.0644
038441c925bb,1209,2018-08-14T17:10:45-0400,-1.5456,0.2774
038441c925bb,1210,2018-08-14T17:10:50-0400,-8.3137,0.2146
038441c925bb,1211,2018-08-14T17:10:55-0400,7.8117,0.06
038441c925bb,1212,2018-08-14T17:11:00-0400,-11.9795,0.0618
038441c925bb,1213,2018-08-14T17:11:05-0400,-25.051,0.0344
038441c925bb,1214,2018-08-14T17:11:10-0400,-28.6252,0.023
038441c925bb,1215,2018-08-14T17:11:15-0400,-30.5619,0.0734
038441c925bb,1216,2018-08-14T17:11:20-0400,-40.2577,0.0429
038441c925bb,1217,2018-08-14T17:11:25-0400,-34.1424,0.035
038441c925bb,1218,2018-08-14T17:11:30-0400,-14.7515,0.0372
038441c925bb,1219,2018-08-14T17:11:35-0400,-35.6851,0.0399
038441c925bb,1220,2018-08-14T17:11:40-0400,-34.2986,0.0403
038441c925bb,1221,2018-08-14T17:11:45-0400,-30.4604,0.0418
038441c925bb,1222,2018-08-14T17:11:50-0400,-33.4427,0.0399
038441c925bb,1223,2018-08-14T17:11:55-0400,-36.6152,0.0358
038441c925bb,1224,2018-08-14T17:12:00-0400,-37.8203,0.0328
038441c925bb,1225,2018-08-14T17:12:05-0400,-21.1621,0.1866
038441c925bb,1226,2018-08-14T17:12:10-0400,4.4933,0.0628
038441c925bb,1227,2018-08-14T17:12:15-0400,7.7697,0.0128
038441c925bb,1228,2018-08-14T17:12:20-0400,10.4738,0.0118
038441c925bb,1229,2018-08-14T17:12:25-0400,15.3307,0.0069
038441c925bb,1230,2018-08-14T17:12:30-0400,1.2058,0.0052
038441c925bb,1231,2018-08-14T17:12:35-0400,-10.1885,0.0093
038441c925bb,1232,2018-08-14T17:12:40-0400,-17.1599,0.0139
038441c925bb,1233,2018-08-14T17:12:45-0400,-18.7844,0.0147
038441c925bb,1234,2018-08-14T17:12:50-0400,-19.3585,0.0142
038441c925bb,1235,2018-08-14T17:12:55-0400,-20.8059,0.0112
038441c925bb,1236,2018-08-14T17:13:00-0400,-41.2152,0.0269
038441c925bb,1237,2018-08-14T17:13:05-0400,-50.1435,0.0972
038441c925bb,1238,2018-08-14T17:13:10-0400,-31.781,0.1348
038441c925bb,1239,2018-08-14T17:13:15-0400,7.1708,0.1071
038441c925bb,1240,2018-08-14T17:13:20-0400,-8.2995,0.0387
038441c925bb,1241,2018-08-14T17:13:25-0400,-7.2189,0.0965
038441c925bb,1242,2018-08-14T17:13:30-0400,-1.3909,0.3096
038441c925bb,1243,2018-08-14T17:13:35-0400,-3.1739,0.1281
038441c925bb,1244,2018-08-14T17:13:40-0400,-14.7406,0.176
038441c925bb,1245,2018-08-14T17:13:45-0400,-15.1897,0.0893
038441c925bb,1246,2018-08-14T17:13:50-0400,-0.8592,0.1099
038441c925bb,1247,2018-08-14T17:13:55-0400,-10.1217,0.053
038441c925bb,1248,2018-08-14T17:14:00-0400,-15.5622,0.0437
038441c925bb,1249,2018-08-14T17:14:05-0400,-1.7918,0.0472
038441c925bb,1250,2018-08-14T17:14:10-0400,-15.5342,0.0326
038441c925bb,1251,2018-08-14T17:14:15-0400,-11.6684,0.0657
038441c925bb,1252,2018-08-14T17:14:20-0400,-16.1053,0.2877
038441c925bb,1253,2018-08-14T17:14:25-0400,5.6357,0.1832
038441c925bb,1254,2018-08-14T17:14:30-0400,13.7745,0.0463
038441c925bb,1255,2018-08-14T17:14:35-0400,38.5431,0.0168
038441c925bb,1256,2018-08-14T17:14:40-0400,-9.9957,0.2227
038441c925bb,1257,2018-08-14T17:14:45-0400,-50.2102,0.0995
038441c925bb,1258,2018-08-14T17:14:50-0400,-32.3556,0.0519
038441c925bb,1259,2018-08-14T17:14:55-0400,18.9782,0.0501
038441c925bb,1260,2018-08-14T17:15:00-0400,29.6324,0.0411
038441c925bb,1261,2018-08-14T17:15:05-0400,-4.4088,0.0431
038441c925bb,1262,2018-08-14T17:15:10-0400,-5.8487,0.0405
038441c925bb,1263,2018-08-14T17:15:15-0400,-14.7327,0.0602
038441c925bb,1264,2018-08-14T17:15:20-0400,-17.3629,0.0465
038441c925bb,1265,2018-08-14T17:15:25-0400,-2.0298,0.042
038441c925bb,1266,2018-08-14T17:15:30-0400,-0.0295,0.0411
038441c925bb,1267,2018-08-14T17:15:35-0400,0.6564,0.0432
038441c925bb,1268,2018-08-14T17:15:40-0400,-1.2929,0.0528
038441c925bb,1269,2018-08-14T17:15:45-0400,-3.0452,0.097
038441c925bb,1270,2018-08-14T17:15:50-0400,-19.3751,0.0459
038441c925bb,1271,2018-08-14T17:15:55-0400,-17.2785,0.0494
038441c925bb,1272,2018-08-14T17:16:00-0400,-15.8443,0.046
038441c925bb,1273,2018-08-14T17:16:05-0400,-11.1999,0.0437
038441c925bb,1274,2018-08-14T17:16:10-0400,-8.5736,0.0455
038441c925bb,1275,2018-08-14T17:16:15-0400,-7.9163,0.0531
038441c925bb,1276,2018-08-14T17:16:20-0400,-11.3626,0.0563
038441c925bb,1277,2018-08-14T17:16:25-0400,-12.9702,0.0548
038441c925bb,1278,2018-08-14T17:16:30-0400,-9.971,0.0516
038441c925bb,1279,2018-08-14T17:16:35-0400,-8.7032,0.0444
038441c925bb,1280,2018-08-14T17:16:40-0400,-11.3949,0.0409
038441c925bb,1281,2018-08-14T17:16:45-0400,-10.2435,0.0442
038441c925bb,1282,2018-08-14T17:16:50-0400,-6.6098,0.0708
038441c925bb,1283,2018-08-14T17:16:55-0400,-10.5874,0.0461
038441c925bb,1284,2018-08-14T17:17:00-0400,-11.2107,0.1149
038441c925bb,1285,2018-08-14T17:17:05-0400,-9.3457,0.0984
038441c925bb,1286,2018-08-14T17:17:10-0400,-10.5641,0.0778
038441c925bb,1287,2018-08-14T17:17:15-0400,-9.8407,0.0805
038441c925bb,1288,2018-08-14T17:17:20-0400,-9.8759,0.0624
038441c925bb,1289,2018-08-14T17:17:25-0400,-9.3888,0.0444
038441c925bb,1290,2018-08-14T17:17:30-0400,-9.4204,0.047
038441c925bb,1291,2018-08-14T17:17:35-0400,-10.2025,0.0486
038441c925bb,1292,2018-08-14T17:17:40-0400,-5.0975,0.0399
038441c925bb,1293,2018-08-14T17:17:45-0400,-3.5102,0.0398
038441c925bb,1294,2018-08-14T17:17:50-0400,-5.0177,0.0403
038441c925bb,1295,2018-08-14T17:17:55-0400,-2.9489,0.0397
038441c925bb,1296,2018-08-14T17:18:00-0400,-8.6209,0.0423
038441c925bb,1297,2018-08-14T17:18:05-0400,-5.135,0.0444
038441c925bb,1298,2018-08-14T17:18:10-0400,0.1575,0.0375
038441c925bb,1299,2018-08-14T17:18:15-0400,-2.214,0.0409
038441c925bb,1300,2018-08-14T17:18:20-0400,-1.3763,0.0365
038441c925bb,1301,2018-08-14T17:18:25-0400,-5.6295,0.0467
038441c925bb,1302,2018-08-14T17:18:30-0400,-8.3161,0.0503
038441c925bb,1303,2018-08-14T17:18:35-0400,-4.596,0.0648
038441c925bb,1304,2018-08-14T17:18:40-0400,-4.9012,0.0674
038441c925bb,1305,2018-08-14T17:18:45-0400,-0.7567,0.0554
038441c925bb,1306,2018-08-14T17:18:50-0400,-3.1066,0.0536
038441c925bb,1307,2018-08-14T17:18:55-0400,-6.7481,0.0518
038441c925bb,1308,2018-08-14T17:19:00-0400,6.6426,0.0575
038441c925bb,1309,2018-08-14T17:19:05-0400,-8.9883,0.0458
038441c925bb,1310,2018-08-14T17:19:10-0400,7.2698,0.0358
038441c925bb,1311,2018-08-14T17:19:15-0400,39.002,0.048
038441c925bb,1312,2018-08-14T17:19:20-0400,-9.1662,0.0833
038441c925bb,1313,2018-08-14T17:19:25-0400,3.9589,0.0619
038441c925bb,1314,2018-08-14T17:19:30-0400,7.9407,0.0485
038441c925bb,1315,2018-08-14T17:19:35-0400,-5.7039,0.1009
038441c925bb,1316,2018-08-14T17:19:40-0400,-25.0928,0.6679
038441c925bb,1317,2018-08-14T17:19:45-0400,-27.1123,0.4498
038441c925bb,1318,2018-08-14T17:19:50-0400,-29.9804,0.3184
038441c925bb,1319,2018-08-14T17:19:55-0400,-21.8951,0.2165
038441c925bb,1320,2018-08-14T17:20:00-0400,-4.5485,0.2587
038441c925bb,1321,2018-08-14T17:20:05-0400,-10.0319,0.2507
038441c925bb,1322,2018-08-14T17:20:10-0400,-18.6425,0.6889
038441c925bb,1323,2018-08-14T17:20:15-0400,-21.4002,0.2453
038441c925bb,1324,2018-08-14T17:20:20-0400,-29.3541,0.345
038441c925bb,1325,2018-08-14T17:20:25-0400,-9.2747,0.2649
038441c925bb,1326,2018-08-14T17:20:30-0400,-3.0357,0.4781
038441c925bb,1327,2018-08-14T17:20:35-0400,8.517,0.139
038441c925bb,1328,2018-08-14T17:20:40-0400,9.5158,0.1019
038441c925bb,1329,2018-08-14T17:20:45-0400,-4.2635,0.1513
038441c925bb,1330,2018-08-14T17:20:50-0400,-1.6092,0.0453
038441c925bb,1331,2018-08-14T17:20:55-0400,-13.661,0.0716
038441c925bb,1332,2018-08-14T17:21:00-0400,-3.0036,0.027
038441c925bb,1333,2018-08-14T17:21:05-0400,-2.0587,0.017
038441c925bb,1334,2018-08-14T17:21:10-0400,-6.0008,0.0518
038441c925bb,1335,2018-08-14T17:21:15-0400,-12.5718,0.0478
038441c925bb,1336,2018-08-14T17:21:20-0400,-8.7663,0.0974
038441c925bb,1337,2018-08-14T17:21:25-0400,-2.2024,0.0593
038441c925bb,1338,2018-08-14T17:21:30-0400,-6.3992,0.0322
038441c925bb,1339,2018-08-14T17:21:35-0400,7.6573,0.0632
038441c925bb,1340,2018-08-14T17:21:40-0400,33.7908,0.0588
038441c925bb,1341,2018-08-14T17:21:45-0400,2.308,0.0972
038441c925bb,1342,2018-08-14T17:21:50-0400,-9.4715,0.0927
038441c925bb,1343,2018-08-14T17:21:55-0400,-11.0268,0.0235
038441c925bb,1344,2018-08-14T17:22:00-0400,-12.8877,0.036
038441c925bb,1345,2018-08-14T17:22:05-0400,-14.8453,0.0238
038441c925bb,1346,2018-08-14T17:22:10-0400,-14.9569,0.018
038441c925bb,1347,2018-08-14T17:22:15-0400,-16.1183,0.0604
038441c925bb,1348,2018-08-14T17:22:20-0400,-10.1391,0.1353
038441c925bb,1349,2018-08-14T17:22:25-0400,-4.4864,0.0763
038441c925bb,1350,2018-08-14T17:22:30-0400,-13.4949,0.0245
038441c925bb,1351,2018-08-14T17:22:35-0400,-12.3838,0.0333
038441c925bb,1352,2018-08-14T17:22:40-0400,-9.8787,0.1979
038441c925bb,1353,2018-08-14T17:22:45-0400,-15.2207,0.2549
038441c925bb,1354,2018-08-14T17:22:50-0400,-3.4581,0.2061
038441c925bb,1355,2018-08-14T17:22:55-0400,7.238,0.045
038441c925bb,1356,2018-08-14T17:23:00-0400,7.4228,0.0556
038441c925bb,1357,2018-08-14T17:23:05-0400,10.0683,0.0508
038441c925bb,1358,2018-08-14T17:23:10-0400,10.2186,0.08
038441c925bb,1359,2018-08-14T17:23:15-0400,-0.127,0.0344
038441c925bb,1360,2018-08-14T17:23:20-0400,-1.1877,0.0326
038441c925bb,1361,2018-08-14T17:23:25-0400,2.4237,0.0257
038441c925bb,1362,2018-08-14T17:23:30-0400,-18.004,0.0954
038441c925bb,1363,2018-08-14T17:23:35-0400,-6.7865,0.0786
038441c925bb,1364,2018-08-14T17:23:40-0400,-8.5572,0.1249
038441c925bb,1365,2018-08-14T17:23:45-0400,-0.2138,0.3558
038441c925bb,1366,2018-08-14T17:23:50-0400,-0.1847,0.2683
038441c925bb,1367,2018-08-14T17:23:55-0400,-6.435,0.2199
038441c925bb,1368,2018-08-14T17:24:00-0400,3.0584,0.8093
038441c925bb,1369,2018-08-14T17:24:05-0400,2.9193,0.2
038441c925bb,1370,2018-08-14T17:24:10-0400,2.8676,0.1877
038441c925bb,1371,2018-08-14T17:24:15-0400,-49.6641,0.2404
038441c925bb,1372,2018-08-14T17:24:20-0400,-11.4507,0.157
038441c925bb,1373,2018-08-14T17:24:25-0400,-8.3675,0.2417
038441c925bb,1374,2018-08-14T17:24:30-0400,-13.8048,0.1349
038441c925bb,1375,2018-08-14T17:24:35-0400,-19.6673,0.1589
038441c925bb,1376,2018-08-14T17:24:40-0400,-1.3885,0.2198
038441c925bb,1377,2018-08-14T17:24:45-0400,5.59,0.3576
038441c925bb,1378,2018-08-14T17:24:50-0400,-2.3887,0.1009
038441c925bb,1379,2018-08-14T17:24:55-0400,-9.499,0.0983
038441c925bb,1380,2018-08-14T17:25:00-0400,-8.8296,0.0943
038441c925bb,1381,2018-08-14T17:25:05-0400,-21.0442,0.1576
038441c925bb,1382,2018-08-14T17:25:10-0400,16.378,0.1037
038441c925bb,1383,2018-08-14T17:25:15-0400,38.9916,0.1777
038441c925bb,1384,2018-08-14T17:25:20-0400,37.1409,0.1243
038441c925bb,1385,2018-08-14T17:25:25-0400,-2.1022,0.2204
038441c925bb,1386,2018-08-14T17:25:30-0400,-36.2858,0.2074
038441c925bb,1387,2018-08-14T17:25:35-0400,-19.5163,0.1688
038441c925bb,1388,2018-08-14T17:25:40-0400,-24.6579,0.3161
038441c925bb,1389,2018-08-14T17:25:45-0400,0.6012,0.313
038441c925bb,1390,2018-08-14T17:25:50-0400,-0.6516,0.1849
038441c925bb,1391,2018-08-14T17:25:55-0400,-27.8157,0.1009
038441c925bb,1392,2018-08-14T17:26:00-0400,-26.6301,0.0918
038441c925bb,1393,2018-08-14T17:26:05-0400,-31.3207,0.0792
038441c925bb,1394,2018-08-14T17:26:10-0400,-25.5532,0.0865
038441c925bb,1395,2018-08-14T17:26:15-0400,-25.1436,0.0917
038441c925bb,1396,2018-08-14T17:26:20-0400,-28.3115,0.0924
038441c925bb,1397,2018-08-14T17:26:25-0400,-31.9893,0.0962
038441c925bb,1398,2018-08-14T17:26:30-0400,-25.6405,0.0907
038441c925bb,1399,2018-08-14T17:26:35-0400,-28.3066,0.107
038441c925bb,1400,2018-08-14T17:26:40-0400,-16.7568,0.1073
038441c925bb,1401,2018-08-14T17:26:45-0400,-11.2858,0.1089
038441c925bb,1402,2018-08-14T17:26:50-0400,-14.3427,0.1163
038441c925bb,1403,2018-08-14T17:26:55-0400,-12.0454,0.1365
038441c925bb,1404,2018-08-14T17:27:00-0400,-10.2399,0.1246
038441c925bb,1405,2018-08-14T17:27:05-0400,-19.0468,0.1024
038441c925bb,1406,2018-08-14T17:27:10-0400,-12.2839,0.0883
038441c925bb,1407,2018-08-14T17:27:15-0400,-16.5384,0.1025
038441c925bb,1408,2018-08-14T17:27:20-0400,-28.9738,0.1205
038441c925bb,1409,2018-08-14T17:27:25-0400,-22.395,0.095
038441c925bb,1410,2018-08-14T17:27:30-0400,-13.2073,0.128
038441c925bb,1411,2018-08-14T17:27:35-0400,1.0701,0.1112
038441c925bb,1412,2018-08-14T17:27:40-0400,-12.9562,0.0847
038441c925bb,1413,2018-08-14T17:27:45-0400,-16.0901,0.0934
038441c925bb,1414,2018-08-14T17:27:50-0400,-20.4733,0.072
038441c925bb,1415,2018-08-14T17:27:55-0400,-15.9826,0.0491
038441c925bb,1416,2018-08-14T17:28:00-0400,-5.2245,0.1504
038441c925bb,1417,2018-08-14T17:28:05-0400,-17.9774,0.0662
038441c925bb,1418,2018-08-14T17:28:10-0400,-24.2551,0.0245
038441c925bb,1419,2018-08-14T17:28:15-0400,-9.121,0.0563
038441c925bb,1420,2018-08-14T17:28:20-0400,-6.9308,0.0228
038441c925bb,1421,2018-08-14T17:28:25-0400,-0.0063,0.1487
038441c925bb,1422,2018-08-14T17:28:30-0400,9.9001,0.0179
038441c925bb,1423,2018-08-14T17:28:35-0400,2.0136,0.0197
038441c925bb,1424,2018-08-14T17:28:40-0400,8.4746,0.0305
038441c925bb,1425,2018-08-14T17:28:45-0400,10.4588,0.0925
038441c925bb,1426,2018-08-14T17:28:50-0400,-0.8336,0.0599
038441c925bb,1427,2018-08-14T17:28:55-0400,14.8063,0.0486
038441c925bb,1428,2018-08-14T17:29:00-0400,30.0389,0.0757
038441c925bb,1429,2018-08-14T17:29:05-0400,-26.717,0.0341
038441c925bb,1430,2018-08-14T17:29:10-0400,-38.8369,0.0661
038441c925bb,1431,2018-08-14T17:29:15-0400,-42.8556,0.2931
038441c925bb,1432,2018-08-14T17:29:20-0400,-40.4679,0.1337
038441c925bb,1433,2018-08-14T17:29:25-0400,-25.8253,0.1613
038441c925bb,1434,2018-08-14T17:29:30-0400,-12.454,0.2007
038441c925bb,1435,2018-08-14T17:29:35-0400,1.8218,0.159
038441c925bb,1436,2018-08-14T17:29:40-0400,7.4641,0.1881
038441c925bb,1437,2018-08-14T17:29:45-0400,-8.843,0.2606
038441c925bb,1438,2018-08-14T17:29:50-0400,-3.4659,0.1705
038441c925bb,1439,2018-08-14T17:29:55-0400,10.1568,0.1671
038441c925bb,1440,2018-08-14T17:30:00-0400,10.7858,0.2485
038441c925bb,1441,2018-08-14T17:30:05-0400,7.9977,0.3142
038441c925bb,1442,2018-08-14T17:30:10-0400,-10.6628,0.2254
038441c925bb,1443,2018-08-14T17:30:15-0400,0.1809,0.1846
038441c925bb,1444,2018-08-14T17:30:20-0400,-9.6737,0.3136
038441c925bb,1445,2018-08-14T17:30:25-0400,-13.8481,0.1687
038441c925bb,1446,2018-08-14T17:30:30-0400,-12.7373,0.1573
038441c925bb,1447,2018-08-14T17:30:35-0400,-8.0476,0.1899
038441c925bb,1448,2018-08-14T17:30:40-0400,-4.7642,0.1399
038441c925bb,1449,2018-08-14T17:30:45-0400,4.0032,0.2004
038441c925bb,1450,2018-08-14T17:30:50-0400,-1.5079,0.1815
038441c925bb,1451,2018-08-14T17:30:55-0400,0.4373,0.1797
038441c925bb,1452,2018-08-14T17:31:00-0400,-7.4861,0.1251
038441c925bb,1453,2018-08-14T17:31:05-0400,-8.0378,0.1424
038441c925bb,1454,2018-08-14T17:31:10-0400,-3.3396,0.1513
038441c925bb,1455,2018-08-14T17:31:15-0400,4.0859,0.2046
038441c925bb,1456,2018-08-14T17:31:20-0400,3.8954,0.244
038441c925bb,1457,2018-08-14T17:31:25-0400,-9.4139,0.1185
038441c925bb,1458,2018-08-14T17:31:30-0400,-18.3289,0.1039
038441c925bb,1459,2018-08-14T17:31:35-0400,-3.7055,0.1438
038441c925bb,1460,2018-08-14T17:31:40-0400,2.8467,0.1759
038441c925bb,1461,2018-08-14T17:31:45-0400,7.0599,0.1536
038441c925bb,1462,2018-08-14T17:31:50-0400,-0.0892,0.1794
038441c925bb,1463,2018-08-14T17:31:55-0400,4.886,0.1662
038441c925bb,1464,2018-08-14T17:32:00-0400,9.6359,0.1229
038441c925bb,1465,2018-08-14T17:32:05-0400,3.552,0.1252
038441c925bb,1466,2018-08-14T17:32:10-0400,-0.3575,0.1243
038441c925bb,1467,2018-08-14T17:32:15-0400,-2.278,0.1107
038441c925bb,1468,2018-08-14T17:32:20-0400,-5.6353,0.0823
038441c925bb,1469,2018-08-14T17:32:25-0400,-2.7493,0.0791
038441c925bb,1470,2018-08-14T17:32:30-0400,4.551,0.0667
038441c925bb,1471,2018-08-14T17:32:35-0400,2.8553,0.0276
038441c925bb,1472,2018-08-14T17:32:40-0400,2.2248,0.0316
038441c925bb,1473,2018-08-14T17:32:45-0400,2.3188,0.0304
038441c925bb,1474,2018-08-14T17:32:50-0400,4.7871,0.0288
038441c925bb,1475,2018-08-14T17:32:55-0400,3.1167,0.031
038441c925bb,1476,2018-08-14T17:33:00-0400,3.3482,0.0257
038441c925bb,1477,2018-08-14T17:33:05-0400,5.5999,0.0222
038441c925bb,1478,2018-08-14T17:33:10-0400,-5.5934,0.0183
038441c925bb,1479,2018-08-14T17:33:15-0400,-2.8528,0.0496
038441c925bb,1480,2018-08-14T17:33:20-0400,1.3761,0.1115
038441c925bb,1481,2018-08-14T17:33:25-0400,-3.4402,0.0776
038441c925bb,1482,2018-08-14T17:33:30-0400,-8.8687,0.1251
038441c925bb,1483,2018-08-14T17:33:35-0400,-1.2662,0.1623
038441c925bb,1484,2018-08-14T17:33:40-0400,-7.018,0.1092
038441c925bb,1485,2018-08-14T17:33:45-0400,-9.253,0.1507
038441c925bb,1486,2018-08-14T17:33:50-0400,-3.848,0.095
038441c925bb,1487,2018-08-14T17:33:55-0400,0.3036,0.1078
038441c925bb,1488,2018-08-14T17:34:00-0400,-18.6154,0.0871
038441c925bb,1489,2018-08-14T17:34:05-0400,-15.4649,0.068
038441c925bb,1490,2018-08-14T17:34:10-0400,-7.076,0.0629
038441c925bb,1491,2018-08-14T17:34:15-0400,-17.4312,0.1134
038441c925bb,1492,2018-08-14T17:34:20-0400,-18.2645,0.3338
038441c925bb,1493,2018-08-14T17:34:25-0400,-27.7486,0.2351
038441c925bb,1494,2018-08-14T17:34:30-0400,-12.6134,0.3852
038441c925bb,1495,2018-08-14T17:34:35-0400,4.2595,0.5643
038441c925bb,1496,2018-08-14T17:34:40-0400,-10.4706,0.1949
038441c925bb,1497,2018-08-14T17:34:45-0400,27.5411,0.2833
038441c925bb,1498,2018-08-14T17:34:50-0400,-22.7784,0.0503
038441c925bb,1499,2018-08-14T17:34:55-0400,-5.576,0.0994
038441c925bb,1500,2018-08-14T17:35:00-0400,-32.8858,0.0802
038441c925bb,1501,2018-08-14T17:35:05-0400,-24.7984,0.1549
038441c925bb,1502,2018-08-14T17:35:10-0400,-15.9101,0.14
038441c925bb,1503,2018-08-14T17:35:15-0400,45.6623,0.3888
038441c925bb,1504,2018-08-14T17:35:20-0400,9.3829,0.3981
038441c925bb,1505,2018-08-14T17:35:25-0400,21.676,0.7208
038441c925bb,1506,2018-08-14T17:35:30-0400,37.2647,0.5034
038441c925bb,1507,2018-08-14T17:35:35-0400,1.0027,0.3003
038441c925bb,1508,2018-08-14T17:35:40-0400,-2.5613,0.5474
038441c925bb,1509,2018-08-14T17:35:45-0400,0.46,0.3464
038441c925bb,1510,2018-08-14T17:35:50-0400,6.5171,0.3702
038441c925bb,1511,2018-08-14T17:35:55-0400,-0.1684,0.28
038441c925bb,1512,2018-08-14T17:36:00-0400,6.1996,0.2944
038441c925bb,1513,2018-08-14T17:36:05-0400,-9.5994,0.1759
038441c925bb,1514,2018-08-14T17:36:10-0400,-21.2344,0.1123
038441c925bb,1515,2018-08-14T17:36:15-0400,-24.0688,0.1645
038441c925bb,1516,2018-08-14T17:36:20-0400,-28.119,0.1165
038441c925bb,1517,2018-08-14T17:36:25-0400,29.4459,0.091
038441c925bb,1518,2018-08-14T17:36:30-0400,8.9958,0.0477
038441c925bb,1519,2018-08-14T17:36:35-0400,12.4864,0.242
038441c925bb,1520,2018-08-14T17:36:40-0400,-7.2411,0.1392
038441c925bb,1521,2018-08-14T17:36:45-0400,-35.651,0.0241
038441c925bb,1522,2018-08-14T17:36:50-0400,4.7451,0.0233
038441c925bb,1523,2018-08-14T17:36:55-0400,6.9944,0.0467
038441c925bb,1524,2018-08-14T17:37:00-0400,22.3344,0.0794
038441c925bb,1525,2018-08-14T17:37:05-0400,19.2168,0.577
038441c925bb,1526,2018-08-14T17:37:10-0400,0.8936,0.2176
038441c925bb,1527,2018-08-14T17:37:15-0400,-11.613,0.231
038441c925bb,1528,2018-08-14T17:37:20-0400,-62.531,0.12
038441c925bb,1529,2018-08-14T17:37:25-0400,-58.7607,0.0872
038441c925bb,1530,2018-08-14T17:37:30-0400,-51.8948,0.0948
038441c925bb,1531,2018-08-14T17:37:35-0400,-62.2479,0.1618
038441c925bb,1532,2018-08-14T17:37:40-0400,-46.3837,0.0842
038441c925bb,1533,2018-08-14T17:37:45-0400,-38.5306,0.0977
038441c925bb,1534,2018-08-14T17:37:50-0400,12.5163,0.0881
038441c925bb,1535,2018-08-14T17:37:55-0400,29.1504,0.1303
038441c925bb,1536,2018-08-14T17:38:00-0400,2.3301,0.2449
038441c925bb,1537,2018-08-14T17:38:05-0400,-29.0681,0.1174
038441c925bb,1538,2018-08-14T17:38:10-0400,-48.2489,0.146
038441c925bb,1539,2018-08-14T17:38:15-0400,-3.2617,0.9312
038441c925bb,1540,2018-08-14T17:38:20-0400,-3.3912,0.1607
038441c925bb,1541,2018-08-14T17:38:25-0400,3.0802,0.1538
038441c925bb,1542,2018-08-14T17:38:30-0400,-23.0361,0.1813
038441c925bb,1543,2018-08-14T17:38:35-0400,-19.451,0.1992
038441c925bb,1544,2018-08-14T17:38:40-0400,-11.6408,0.2423
038441c925bb,1545,2018-08-14T17:38:45-0400,-5.978,0.2215
038441c925bb,1546,2018-08-14T17:38:50-0400,2.7327,0.1476
038441c925bb,1547,2018-08-14T17:38:55-0400,10.6823,0.1924
038441c925bb,1548,2018-08-14T17:39:00-0400,38.3914,0.241
038441c925bb,1549,2018-08-14T17:39:05-0400,-9.046,0.2151
038441c925bb,1550,2018-08-14T17:39:10-0400,-19.3834,0.1884
038441c925bb,1551,2018-08-14T17:39:15-0400,-61.3653,0.1726
038441c925bb,1552,2018-08-14T17:39:20-0400,-31.7617,0.212
038441c925bb,1553,2018-08-14T17:39:25-0400,-34.2838,0.211
038441c925bb,1554,2018-08-14T17:39:30-0400,-47.3901,0.22
038441c925bb,1555,2018-08-14T17:39:35-0400,-59.1565,0.1093
038441c925bb,1556,2018-08-14T17:39:40-0400,-3.2055,0.7312
038441c925bb,1557,2018-08-14T17:39:45-0400,-2.9901,0.2349
038441c925bb,1558,2018-08-14T17:39:50-0400,-2.0372,0.143
038441c925bb,1559,2018-08-14T17:39:55-0400,-5.0668,0.1228
038441c925bb,1560,2018-08-14T17:40:00-0400,-4.4812,0.0504
038441c925bb,1561,2018-08-14T17:40:05-0400,-0.0948,0.6278
038441c925bb,1562,2018-08-14T17:40:10-0400,-2.8991,0.3082
038441c925bb,1563,2018-08-14T17:40:15-0400,-4.2547,0.253
038441c925bb,1564,2018-08-14T17:40:20-0400,-7.6433,0.1105
038441c925bb,1565,2018-08-14T17:40:25-0400,-7.7816,0.0756
038441c925bb,1566,2018-08-14T17:40:30-0400,17.7354,0.3435
038441c925bb,1567,2018-08-14T17:40:35-0400,-2.8776,0.208
038441c925bb,1568,2018-08-14T17:40:40-0400,-0.7997,0.2094
038441c925bb,1569,2018-08-14T17:40:45-0400,-11.9835,0.1456
038441c925bb,1570,2018-08-14T17:40:50-0400,30.05,0.3794
038441c925bb,1571,2018-08-14T17:40:55-0400,15.4226,0.2261
038441c925bb,1572,2018-08-14T17:41:00-0400,-47.1511,0.4063
038441c925bb,1573,2018-08-14T17:41:05-0400,-61.4739,0.2139
038441c925bb,1574,2018-08-14T17:41:10-0400,-20.7926,0.3047
038441c925bb,1575,2018-08-14T17:41:15-0400,-0.7175,0.588
038441c925bb,1576,2018-08-14T17:41:20-0400,-3.4485,0.2421
038441c925bb,1577,2018-08-14T17:41:25-0400,-18.8437,0.1458
038441c925bb,1578,2018-08-14T17:41:30-0400,-7.0471,0.2062
038441c925bb,1579,2018-08-14T17:41:35-0400,15.1519,0.505
038441c925bb,1580,2018-08-14T17:41:40-0400,11.5579,0.4002
038441c925bb,1581,2018-08-14T17:41:45-0400,-29.4527,0.1942
038441c925bb,1582,2018-08-14T17:41:50-0400,-19.828,0.2074
038441c925bb,1583,2018-08-14T17:41:55-0400,-27.551,0.1214
038441c925bb,1584,2018-08-14T17:42:00-0400,-15.7457,0.2686
038441c925bb,1585,2018-08-14T17:42:05-0400,-8.1762,0.3317
038441c925bb,1586,2018-08-14T17:42:10-0400,2.003,0.2605
038441c925bb,1587,2018-08-14T17:42:15-0400,-5.1098,0.4098
038441c925bb,1588,2018-08-14T17:42:20-0400,-16.5147,0.2109
038441c925bb,1589,2018-08-14T17:42:25-0400,-27.9674,0.1966
038441c925bb,1590,2018-08-14T17:42:30-0400,-21.1421,0.2491
038441c925bb,1591,2018-08-14T17:42:35-0400,-13.0942,0.3566
038441c925bb,1592,2018-08-14T17:42:40-0400,-5.952,0.2418
038441c925bb,1593,2018-08-14T17:42:45-0400,-29.3979,0.3033
038441c925bb,1594,2018-08-14T17:42:50-0400,-6.2376,0.3612
038441c925bb,1595,2018-08-14T17:42:55-0400,6.6989,0.7675
038441c925bb,1596,2018-08-14T17:43:00-0400,-10.0528,0.298
038441c925bb,1597,2018-08-14T17:43:05-0400,-6.4655,0.1847
038441c925bb,1598,2018-08-14T17:43:10-0400,-0.0065,0.2457
038441c925bb,1599,2018-08-14T17:43:15-0400,-1.9033,0.0724
038441c925bb,1600,2018-08-14T17:43:20-0400,-1.7827,0.0583
038441c925bb,1601,2018-08-14T17:43:25-0400,-2.3122,0.0578
038441c925bb,1602,2018-08-14T17:43:30-0400,-3.6754,0.002
038441c925bb,1603,2018-08-14T17:43:35-0400,-2.143,0.0305
038441c925bb,1604,2018-08-14T17:43:40-0400,-3.1657,0.0817
038441c925bb,1605,2018-08-14T17:43:45-0400,-0.0263,0.0849
038441c925bb,1606,2018-08-14T17:43:50-0400,0.7958,0.08
038441c925bb,1607,2018-08-14T17:43:55-0400,-23.0229,0.0938
038441c925bb,1608,2018-08-14T17:44:00-0400,-12.2733,0.1184
038441c925bb,1609,2018-08-14T17:44:05-0400,-19.2398,0.1873
038441c925bb,1610,2018-08-14T17:44:10-0400,-36.6792,0.117
038441c925bb,1611,2018-08-14T17:44:15-0400,4.3486,0.1795
038441c925bb,1612,2018-08-14T17:44:20-0400,-6.8731,0.0885
038441c925bb,1613,2018-08-14T17:44:25-0400,-6.3126,0.2824
038441c925bb,1614,2018-08-14T17:44:30-0400,-5.6298,0.437
038441c925bb,1615,2018-08-14T17:44:35-0400,-21.3032,0.0038
038441c925bb,1616,2018-08-14T17:44:40-0400,-23.4554,0.0013
038441c925bb,1617,2018-08-14T17:44:45-0400,-22.8021,0.0014
038441c925bb,1618,2018-08-14T17:44:50-0400,-23.3477,0.0028
038441c925bb,1619,2018-08-14T17:44:55-0400,-6.0731,0.0643
038441c925bb,1620,2018-08-14T17:45:00-0400,2.5252,0.0849
038441c925bb,1621,2018-08-14T17:45:05-0400,2.2133,0.6045
038441c925bb,1622,2018-08-14T17:45:10-0400,1.4802,0.5989
038441c925bb,1623,2018-08-14T17:45:15-0400,8.4582,0.3687
038441c925bb,1624,2018-08-14T17:45:20-0400,-50.8204,0.2037
038441c925bb,1625,2018-08-14T17:45:25-0400,-28.2735,0.1026
038441c925bb,1626,2018-08-14T17:45:30-0400,-5.9597,0.0933
038441c925bb,1627,2018-08-14T17:45:35-0400,-17.2577,0.163
038441c925bb,1628,2018-08-14T17:45:40-0400,-9.0584,0.1545
038441c925bb,1629,2018-08-14T17:45:45-0400,-21.7574,0.0724
038441c925bb,1630,2018-08-14T17:45:50-0400,-19.9995,0.1122
038441c925bb,1631,2018-08-14T17:45:55-0400,11.8076,0.0597
038441c925bb,1632,2018-08-14T17:46:00-0400,-1.6416,0.1186
038441c925bb,1633,2018-08-14T17:46:05-0400,-28.896,0.0904
038441c925bb,1634,2018-08-14T17:46:10-0400,7.9081,0.1034
038441c925bb,1635,2018-08-14T17:46:15-0400,-41.7605,0.0894
038441c925bb,1636,2018-08-14T17:46:20-0400,-37.0184,0.0732
038441c925bb,1637,2018-08-14T17:46:25-0400,-13.3258,0.1205
038441c925bb,1638,2018-08-14T17:46:30-0400,14.5837,0.0102
038441c925bb,1639,2018-08-14T17:46:35-0400,3.3865,0.0278
038441c925bb,1640,2018-08-14T17:46:40-0400,2.0248,0.0219
038441c925bb,1641,2018-08-14T17:46:45-0400,7.9183,0.0617
038441c925bb,1642,2018-08-14T17:46:50-0400,-37.9168,0.0723
038441c925bb,1643,2018-08-14T17:46:55-0400,-52.3319,0.0689
038441c925bb,1644,2018-08-14T17:47:00-0400,-40.8469,0.0142
038441c925bb,1645,2018-08-14T17:47:05-0400,-41.4678,0.0213
038441c925bb,1646,2018-08-14T17:47:10-0400,-36.6448,0.1038
038441c925bb,1647,2018-08-14T17:47:15-0400,2.7708,0.0456
038441c925bb,1648,2018-08-14T17:47:20-0400,-22.8308,0.0709
038441c925bb,1649,2018-08-14T17:47:25-0400,-40.1108,0.0822
038441c925bb,1650,2018-08-14T17:47:30-0400,-15.3384,0.2222
038441c925bb,1651,2018-08-14T17:47:35-0400,-15.7979,0.0466
038441c925bb,1652,2018-08-14T17:47:40-0400,-11.2847,0.1199
038441c925bb,1653,2018-08-14T17:47:45-0400,-12.4113,0.0477
038441c925bb,1654,2018-08-14T17:47:50-0400,-6.1211,0.0487
038441c925bb,1655,2018-08-14T17:47:55-0400,-74.6381,0.0497
038441c925bb,1656,2018-08-14T17:48:00-0400,-26.8208,0.0497
038441c925bb,1657,2018-08-14T17:48:05-0400,-16.8757,0.0065
038441c925bb,1658,2018-08-14T17:48:10-0400,-20.7974,0.0296
038441c925bb,1659,2018-08-14T17:48:15-0400,-37.6591,0.0957
038441c925bb,1660,2018-08-14T17:48:20-0400,-73.1592,0.0601
038441c925bb,1661,2018-08-14T17:48:25-0400,-75.5033,0.058
038441c925bb,1662,2018-08-14T17:48:30-0400,-80.9291,0.0252
038441c925bb,1663,2018-08-14T17:48:35-0400,-53.3215,0.0381
038441c925bb,1664,2018-08-14T17:48:40-0400,-30.4067,0.0227
038441c925bb,1665,2018-08-14T17:48:45-0400,-31.7128,0.0446
038441c925bb,1666,2018-08-14T17:48:50-0400,-46.2144,0.032
038441c925bb,1667,2018-08-14T17:48:55-0400,-48.0371,0.0262
038441c925bb,1668,2018-08-14T17:49:00-0400,-53.204,0.0241
038441c925bb,1669,2018-08-14T17:49:05-0400,-63.8869,0.0317
038441c925bb,1670,2018-08-14T17:49:10-0400,-54.4036,0.0406
038441c925bb,1671,2018-08-14T17:49:15-0400,-59.735,0.0176
038441c925bb,1672,2018-08-14T17:49:20-0400,-81.3616,0.013
038441c925bb,1673,2018-08-14T17:49:25-0400,-80.223,0.0126
038441c925bb,1674,2018-08-14T17:49:30-0400,-38.6786,0.0156
038441c925bb,1675,2018-08-14T17:49:35-0400,-33.0851,0.0677
038441c925bb,1676,2018-08-14T17:49:40-0400,-9.1968,0.0849
038441c925bb,1677,2018-08-14T17:49:45-0400,-27.3822,0.0003
038441c925bb,1678,2018-08-14T17:49:50-0400,-45.2287,0.0554
038441c925bb,1679,2018-08-14T17:49:55-0400,-36.1628,0.1223
038441c925bb,1680,2018-08-14T17:50:00-0400,-38.5579,0.1049
038441c925bb,1681,2018-08-14T17:50:05-0400,-2.3076,0.0881
038441c925bb,1682,2018-08-14T17:50:10-0400,3.3747,0.105
038441c925bb,1683,2018-08-14T17:50:15-0400,-13.5499,0.2364
038441c925bb,1684,2018-08-14T17:50:20-0400,-58.6047,0.0429
038441c925bb,1685,2018-08-14T17:50:25-0400,-73.5577,0.3325
038441c925bb,1686,2018-08-14T17:50:30-0400,-64.8009,0.0334
038441c925bb,1687,2018-08-14T17:50:35-0400,-66.9472,0.043
038441c925bb,1688,2018-08-14T17:50:40-0400,-71.0655,0.0634
038441c925bb,1689,2018-08-14T17:50:45-0400,-78.8485,0.0448
038441c925bb,1690,2018-08-14T17:50:50-0400,-70.3216,0.0196
038441c925bb,1691,2018-08-14T17:50:55-0400,-66.085,0.012
038441c925bb,1692,2018-08-14T17:51:00-0400,-66.6852,0.0108
038441c925bb,1693,2018-08-14T17:51:05-0400,-34.5978,0.0903
038441c925bb,1694,2018-08-14T17:51:10-0400,-24.152,0.0551
038441c925bb,1695,2018-08-14T17:51:15-0400,-15.1473,0.0882
038441c925bb,1696,2018-08-14T17:51:20-0400,-37.7423,0.0688
038441c925bb,1697,2018-08-14T17:51:25-0400,-7.4458,0.1539
038441c925bb,1698,2018-08-14T17:51:30-0400,14.4118,0.0789
038441c925bb,1699,2018-08-14T17:51:35-0400,12.0821,0.0684
038441c925bb,1700,2018-08-14T17:51:40-0400,-11.046,0.0
038441c925bb,1701,2018-08-14T17:51:45-0400,-10.6227,1e-04
038441c925bb,1702,2018-08-14T17:51:50-0400,-3.2348,0.0933
038441c925bb,1703,2018-08-14T17:51:55-0400,14.7168,0.1801
038441c925bb,1704,2018-08-14T17:52:00-0400,6.3702,0.133
038441c925bb,1705,2018-08-14T17:52:05-0400,-4.0407,0.1536
038441c925bb,1706,2018-08-14T17:52:10-0400,-19.1623,0.0775
038441c925bb,1707,2018-08-14T17:52:15-0400,-26.4956,0.1223
038441c925bb,1708,2018-08-14T17:52:20-0400,-60.3951,0.0654
038441c925bb,1709,2018-08-14T17:52:25-0400,-3.3288,0.3548
038441c925bb,1710,2018-08-14T17:52:30-0400,9.9864,0.0628
038441c925bb,1711,2018-08-14T17:52:35-0400,-39.1433,0.0499
038441c925bb,1712,2018-08-14T17:52:40-0400,21.4722,0.074
038441c925bb,1713,2018-08-14T17:52:45-0400,-9.6004,0.0474
038441c925bb,1714,2018-08-14T17:52:50-0400,-53.9668,0.068
038441c925bb,1715,2018-08-14T17:52:55-0400,-80.412,0.0201
038441c925bb,1716,2018-08-14T17:53:00-0400,-81.6491,0.013
038441c925bb,1717,2018-08-14T17:53:05-0400,-82.2185,0.0131
038441c925bb,1718,2018-08-14T17:53:10-0400,-83.7872,0.0147
038441c925bb,1719,2018-08-14T17:53:15-0400,-74.554,0.0616
038441c925bb,1720,2018-08-14T17:53:20-0400,-81.6733,0.237
038441c925bb,1721,2018-08-14T17:53:25-0400,-80.7999,0.0746
038441c925bb,1722,2018-08-14T17:53:30-0400,-81.3935,0.0148
038441c925bb,1723,2018-08-14T17:53:35-0400,-81.7636,0.0129
038441c925bb,1724,2018-08-14T17:53:40-0400,-80.5334,0.0562
038441c925bb,1725,2018-08-14T17:53:45-0400,-54.3798,0.0419
038441c925bb,1726,2018-08-14T17:53:50-0400,-44.5446,0.0603
038441c925bb,1727,2018-08-14T17:53:55-0400,-34.797,0.072
038441c925bb,1728,2018-08-14T17:54:00-0400,-54.1496,0.0897
038441c925bb,1729,2018-08-14T17:54:05-0400,-51.2758,0.0393
038441c925bb,1730,2018-08-14T17:54:10-0400,-51.4316,0.0419
038441c925bb,1731,2018-08-14T17:54:15-0400,-54.0956,0.0453
038441c925bb,1732,2018-08-14T17:54:20-0400,-23.9154,0.0221
038441c925bb,1733,2018-08-14T17:54:25-0400,-36.5649,0.0147
038441c925bb,1734,2018-08-14T17:54:30-0400,-50.6247,0.0122
038441c925bb,1735,2018-08-14T17:54:35-0400,-78.9793,0.0305
038441c925bb,1736,2018-08-14T17:54:40-0400,-83.7489,0.038
038441c925bb,1737,2018-08-14T17:54:45-0400,-60.7183,0.04
038441c925bb,1738,2018-08-14T17:54:50-0400,-32.309,0.0239
038441c925bb,1739,2018-08-14T17:54:55-0400,-29.5788,0.0094
038441c925bb,1740,2018-08-14T17:55:00-0400,-60.8297,0.013
038441c925bb,1741,2018-08-14T17:55:05-0400,-73.7506,0.0216
038441c925bb,1742,2018-08-14T17:55:10-0400,-77.2885,0.0153
038441c925bb,1743,2018-08-14T17:55:15-0400,-74.5549,0.0259
038441c925bb,1744,2018-08-14T17:55:20-0400,-82.8402,0.0165
038441c925bb,1745,2018-08-14T17:55:25-0400,-81.367,0.0403
038441c925bb,1746,2018-08-14T17:55:30-0400,-43.466,0.0105
038441c925bb,1747,2018-08-14T17:55:35-0400,-38.6102,0.029
038441c925bb,1748,2018-08-14T17:55:40-0400,-59.5254,0.0835
038441c925bb,1749,2018-08-14T17:55:45-0400,-32.4519,0.0571
038441c925bb,1750,2018-08-14T17:55:50-0400,-30.8102,0.0399
038441c925bb,1751,2018-08-14T17:55:55-0400,-33.7884,0.0835
038441c925bb,1752,2018-08-14T17:56:00-0400,-2.7143,0.0954
038441c925bb,1753,2018-08-14T17:56:05-0400,3.3118,0.0438
038441c925bb,1754,2018-08-14T17:56:10-0400,-3.5994,0.0483
038441c925bb,1755,2018-08-14T17:56:15-0400,0.0978,0.2277
038441c925bb,1756,2018-08-14T17:56:20-0400,19.2812,0.0349
038441c925bb,1757,2018-08-14T17:56:25-0400,19.477,0.0687
038441c925bb,1758,2018-08-14T17:56:30-0400,2.3878,0.0609
038441c925bb,1759,2018-08-14T17:56:35-0400,0.5852,0.067
038441c925bb,1760,2018-08-14T17:56:40-0400,11.8971,0.0596
038441c925bb,1761,2018-08-14T17:56:45-0400,3.4064,0.0454
038441c925bb,1762,2018-08-14T17:56:50-0400,16.3295,0.0302
038441c925bb,1763,2018-08-14T17:56:55-0400,21.7927,0.1079
038441c925bb,1764,2018-08-14T17:57:00-0400,24.3684,0.0727
038441c925bb,1765,2018-08-14T17:57:05-0400,28.3744,0.0662
038441c925bb,1766,2018-08-14T17:57:10-0400,46.8315,0.0537
038441c925bb,1767,2018-08-14T17:57:15-0400,30.4581,0.1235
038441c925bb,1768,2018-08-14T17:57:20-0400,5.0188,0.0779
038441c925bb,1769,2018-08-14T17:57:25-0400,-52.8906,0.0325
038441c925bb,1770,2018-08-14T17:57:30-0400,-62.7657,0.0087
038441c925bb,1771,2018-08-14T17:57:35-0400,-45.4193,0.0193
038441c925bb,1772,2018-08-14T17:57:40-0400,-25.0694,0.0063
038441c925bb,1773,2018-08-14T17:57:45-0400,-26.5083,0.0063
038441c925bb,1774,2018-08-14T17:57:50-0400,5.3354,0.0665
038441c925bb,1775,2018-08-14T17:57:55-0400,2.4418,0.0813
038441c925bb,1776,2018-08-14T17:58:00-0400,10.0356,0.0789
038441c925bb,1777,2018-08-14T17:58:05-0400,5.7723,0.0402
038441c925bb,1778,2018-08-14T17:58:10-0400,13.8641,0.0334
038441c925bb,1779,2018-08-14T17:58:15-0400,18.5876,0.0512
038441c925bb,1780,2018-08-14T17:58:20-0400,9.5075,0.0419
038441c925bb,1781,2018-08-14T17:58:25-0400,-14.4272,0.0404
038441c925bb,1782,2018-08-14T17:58:30-0400,-24.8933,0.0412
038441c925bb,1783,2018-08-14T17:58:35-0400,6.9396,0.0813
038441c925bb,1784,2018-08-14T17:58:40-0400,-22.6884,0.0753
038441c925bb,1785,2018-08-14T17:58:45-0400,19.9042,0.0578
038441c925bb,1786,2018-08-14T17:58:50-0400,8.6585,0.0785
038441c925bb,1787,2018-08-14T17:58:55-0400,2.8715,0.0396
038441c925bb,1788,2018-08-14T17:59:00-0400,12.74,0.0539
038441c925bb,1789,2018-08-14T17:59:05-0400,15.8553,0.0267
038441c925bb,1790,2018-08-14T17:59:10-0400,10.6573,0.083
038441c925bb,1791,2018-08-14T17:59:15-0400,29.409,0.0649
038441c925bb,1792,2018-08-14T17:59:20-0400,29.2151,0.0249
038441c925bb,1793,2018-08-14T17:59:25-0400,30.3847,0.063
038441c925bb,1794,2018-08-14T17:59:30-0400,-28.869,0.1022
038441c925bb,1795,2018-08-14T17:59:35-0400,21.3033,0.0773
038441c925bb,1796,2018-08-14T17:59:40-0400,26.3341,0.074
038441c925bb,1797,2018-08-14T17:59:45-0400,31.0924,0.0339
038441c925bb,1798,2018-08-14T17:59:50-0400,14.1176,0.0363
038441c925bb,1799,2018-08-14T17:59:55-0400,-17.8252,0.0827
038441c925bb,1800,2018-08-14T18:00:00-0400,21.3257,0.1332
038441c925bb,1801,2018-08-14T18:00:05-0400,-26.6834,0.0502
038441c925bb,1802,2018-08-14T18:00:10-0400,6.8549,0.1181
038441c925bb,1803,2018-08-14T18:00:15-0400,-7.8882,0.0417
038441c925bb,1804,2018-08-14T18:00:20-0400,-9.7479,0.0349
038441c925bb,1805,2018-08-14T18:00:25-0400,-17.0339,0.0383
038441c925bb,1806,2018-08-14T18:00:30-0400,-36.5014,0.0308
038441c925bb,1807,2018-08-14T18:00:35-0400,-50.9116,0.026
038441c925bb,1808,2018-08-14T18:00:40-0400,-40.5717,0.0113
038441c925bb,1809,2018-08-14T18:00:45-0400,-28.5115,0.02
038441c925bb,1810,2018-08-14T18:00:50-0400,7.0586,0.0139
038441c925bb,1811,2018-08-14T18:00:55-0400,6.8818,0.0369
038441c925bb,1812,2018-08-14T18:01:00-0400,-8.6559,0.0179
038441c925bb,1813,2018-08-14T18:01:05-0400,4.0823,0.0398
038441c925bb,1814,2018-08-14T18:01:10-0400,23.3989,0.0731
038441c925bb,1815,2018-08-14T18:01:15-0400,34.523,0.0606
038441c925bb,1816,2018-08-14T18:01:20-0400,7.4109,0.038
038441c925bb,1817,2018-08-14T18:01:25-0400,-16.7958,0.0656
038441c925bb,1818,2018-08-14T18:01:30-0400,18.8475,0.0455
038441c925bb,1819,2018-08-14T18:01:35-0400,32.3992,0.0303
038441c925bb,1820,2018-08-14T18:01:40-0400,14.5552,0.0198
038441c925bb,1821,2018-08-14T18:01:45-0400,16.1537,0.053
038441c925bb,1822,2018-08-14T18:01:50-0400,32.974,0.0941
038441c925bb,1823,2018-08-14T18:01:55-0400,-32.0914,0.1399
038441c925bb,1824,2018-08-14T18:02:00-0400,27.8092,0.0849
038441c925bb,1825,2018-08-14T18:02:05-0400,19.9425,0.0167
038441c925bb,1826,2018-08-14T18:02:10-0400,-3.6711,0.0454
038441c925bb,1827,2018-08-14T18:02:15-0400,-7.7212,0.0405
038441c925bb,1828,2018-08-14T18:02:20-0400,-12.3833,0.0922
038441c925bb,1829,2018-08-14T18:02:25-0400,-2.9582,0.1428
038441c925bb,1830,2018-08-14T18:02:30-0400,7.9756,0.1294
038441c925bb,1831,2018-08-14T18:02:35-0400,16.1253,0.0969
038441c925bb,1832,2018-08-14T18:02:40-0400,14.1256,0.0945
038441c925bb,1833,2018-08-14T18:02:45-0400,29.3611,0.1038
038441c925bb,1834,2018-08-14T18:02:50-0400,12.7976,0.0814
038441c925bb,1835,2018-08-14T18:02:55-0400,-16.6902,0.0268
038441c925bb,1836,2018-08-14T18:03:00-0400,-8.8309,0.0292
038441c925bb,1837,2018-08-14T18:03:05-0400,-4.1998,0.0404
038441c925bb,1838,2018-08-14T18:03:10-0400,39.6253,0.0173
038441c925bb,1839,2018-08-14T18:03:15-0400,39.3605,0.0379
038441c925bb,1840,2018-08-14T18:03:20-0400,-7.5536,0.0138
038441c925bb,1841,2018-08-14T18:03:25-0400,-15.2651,0.0327
038441c925bb,1842,2018-08-14T18:03:30-0400,-18.9783,0.0661
038441c925bb,1843,2018-08-14T18:03:35-0400,-29.1426,0.0362
038441c925bb,1844,2018-08-14T18:03:40-0400,-19.1613,0.069
038441c925bb,1845,2018-08-14T18:03:45-0400,-8.4471,0.0462
038441c925bb,1846,2018-08-14T18:03:50-0400,-16.4809,0.0438
038441c925bb,1847,2018-08-14T18:03:55-0400,-25.1267,0.031
038441c925bb,1848,2018-08-14T18:04:00-0400,-32.4082,0.0442
038441c925bb,1849,2018-08-14T18:04:05-0400,-4.4109,0.048
038441c925bb,1850,2018-08-14T18:04:10-0400,-5.21,0.0324
038441c925bb,1851,2018-08-14T18:04:15-0400,11.8932,0.0334
038441c925bb,1852,2018-08-14T18:04:20-0400,30.5679,0.0481
038441c925bb,1853,2018-08-14T18:04:25-0400,14.2551,0.046
038441c925bb,1854,2018-08-14T18:04:30-0400,4.6297,0.0296
038441c925bb,1855,2018-08-14T18:04:35-0400,12.0089,0.0558
038441c925bb,1856,2018-08-14T18:04:40-0400,16.7937,0.0201
038441c925bb,1857,2018-08-14T18:04:45-0400,-7.6641,0.0656
038441c925bb,1858,2018-08-14T18:04:50-0400,-11.0415,0.0542
038441c925bb,1859,2018-08-14T18:04:55-0400,-36.4244,0.0472
038441c925bb,1860,2018-08-14T18:05:00-0400,9.8647,0.0743
038441c925bb,1861,2018-08-14T18:05:05-0400,11.1458,0.056
038441c925bb,1862,2018-08-14T18:05:10-0400,7.8783,0.0512
038441c925bb,1863,2018-08-14T18:05:15-0400,15.5918,0.0488
038441c925bb,1864,2018-08-14T18:05:20-0400,36.0962,0.0261
038441c925bb,1865,2018-08-14T18:05:25-0400,29.5274,0.0263
038441c925bb,1866,2018-08-14T18:05:30-0400,13.7315,0.0824
038441c925bb,1867,2018-08-14T18:05:35-0400,10.2978,0.0411
038441c925bb,1868,2018-08-14T18:05:40-0400,13.8355,0.0317
038441c925bb,1869,2018-08-14T18:05:45-0400,14.3632,0.0354
038441c925bb,1870,2018-08-14T18:05:50-0400,23.125,0.0479
038441c925bb,1871,2018-08-14T18:05:55-0400,19.0624,0.0423
038441c925bb,1872,2018-08-14T18:06:00-0400,3.9139,0.045
038441c925bb,1873,2018-08-14T18:06:05-0400,14.3919,0.0295
038441c925bb,1874,2018-08-14T18:06:10-0400,2.3013,0.0476
038441c925bb,1875,2018-08-14T18:06:15-0400,-9.9273,0.0585
038441c925bb,1876,2018-08-14T18:06:20-0400,-14.7692,0.0627
038441c925bb,1877,2018-08-14T18:06:25-0400,-3.5096,0.0403
038441c925bb,1878,2018-08-14T18:06:30-0400,-2.7926,0.068
038441c925bb,1879,2018-08-14T18:06:35-0400,6.2092,0.0511
038441c925bb,1880,2018-08-14T18:06:40-0400,-8.5059,0.0497
038441c925bb,1881,2018-08-14T18:06:45-0400,-5.5909,0.0343
038441c925bb,1882,2018-08-14T18:06:50-0400,-0.5734,0.0592
038441c925bb,1883,2018-08-14T18:06:55-0400,8.3482,0.0512
038441c925bb,1884,2018-08-14T18:07:00-0400,-31.9225,0.0458
038441c925bb,1885,2018-08-14T18:07:05-0400,-26.6742,0.0428
038441c925bb,1886,2018-08-14T18:07:10-0400,-18.8177,0.0569
038441c925bb,1887,2018-08-14T18:07:15-0400,-22.2896,0.076
038441c925bb,1888,2018-08-14T18:07:20-0400,-8.6442,0.0554
038441c925bb,1889,2018-08-14T18:07:25-0400,-14.0293,0.0597
038441c925bb,1890,2018-08-14T18:07:30-0400,-22.2033,0.0475
038441c925bb,1891,2018-08-14T18:07:35-0400,-5.7352,0.0487
038441c925bb,1892,2018-08-14T18:07:40-0400,15.9931,0.0385
038441c925bb,1893,2018-08-14T18:07:45-0400,-4.271,0.062
038441c925bb,1894,2018-08-14T18:07:50-0400,-35.1232,0.0659
038441c925bb,1895,2018-08-14T18:07:55-0400,-53.6822,0.0602
038441c925bb,1896,2018-08-14T18:08:00-0400,-22.0546,0.0545
038441c925bb,1897,2018-08-14T18:08:05-0400,-17.2623,0.0732
038441c925bb,1898,2018-08-14T18:08:10-0400,-13.4444,0.0665
038441c925bb,1899,2018-08-14T18:08:15-0400,-21.4636,0.075
038441c925bb,1900,2018-08-14T18:08:20-0400,-30.5184,0.0617
038441c925bb,1901,2018-08-14T18:08:25-0400,-29.4239,0.04
038441c925bb,1902,2018-08-14T18:08:30-0400,-3.935,0.0231
038441c925bb,1903,2018-08-14T18:08:35-0400,-19.7525,0.0363
038441c925bb,1904,2018-08-14T18:08:40-0400,-24.9175,0.0331
038441c925bb,1905,2018-08-14T18:08:45-0400,-16.3296,0.075
038441c925bb,1906,2018-08-14T18:08:50-0400,5.2691,0.0291
038441c925bb,1907,2018-08-14T18:08:55-0400,-10.4583,0.0765
038441c925bb,1908,2018-08-14T18:09:00-0400,-20.5827,0.0437
038441c925bb,1909,2018-08-14T18:09:05-0400,-31.9839,0.0377
038441c925bb,1910,2018-08-14T18:09:10-0400,-28.312,0.0441
038441c925bb,1911,2018-08-14T18:09:15-0400,-25.0789,0.0611
038441c925bb,1912,2018-08-14T18:09:20-0400,-17.801,0.0471
038441c925bb,1913,2018-08-14T18:09:25-0400,-13.3207,0.0587
038441c925bb,1914,2018-08-14T18:09:30-0400,1.4794,0.0277
038441c925bb,1915,2018-08-14T18:09:35-0400,0.7683,0.0201
038441c925bb,1916,2018-08-14T18:09:40-0400,-35.3485,0.0239
038441c925bb,1917,2018-08-14T18:09:45-0400,-37.3267,0.0349
038441c925bb,1918,2018-08-14T18:09:50-0400,-36.4193,0.0315
038441c925bb,1919,2018-08-14T18:09:55-0400,-38.2467,0.0373
038441c925bb,1920,2018-08-14T18:10:00-0400,-37.1033,0.0357
038441c925bb,1921,2018-08-14T18:10:05-0400,-37.1275,0.0774
038441c925bb,1922,2018-08-14T18:10:10-0400,-36.4783,0.0373
038441c925bb,1923,2018-08-14T18:10:15-0400,-11.3452,0.0398
038441c925bb,1924,2018-08-14T18:10:20-0400,-4.4215,0.0402
038441c925bb,1925,2018-08-14T18:10:25-0400,3.3746,0.036
038441c925bb,1926,2018-08-14T18:10:30-0400,-8.3245,0.0341
038441c925bb,1927,2018-08-14T18:10:35-0400,-27.0702,0.0326
038441c925bb,1928,2018-08-14T18:10:40-0400,-7.1037,0.0485
038441c925bb,1929,2018-08-14T18:10:45-0400,-47.1774,0.0718
038441c925bb,1930,2018-08-14T18:10:50-0400,-67.9799,0.0865
038441c925bb,1931,2018-08-14T18:10:55-0400,-36.8067,0.0659
038441c925bb,1932,2018-08-14T18:11:00-0400,2.9128,0.0239
038441c925bb,1933,2018-08-14T18:11:05-0400,9.6626,0.0358
038441c925bb,1934,2018-08-14T18:11:10-0400,26.2743,0.0416
038441c925bb,1935,2018-08-14T18:11:15-0400,33.5653,0.0276
038441c925bb,1936,2018-08-14T18:11:20-0400,-34.272,0.0448
038441c925bb,1937,2018-08-14T18:11:25-0400,-49.1671,0.0357
038441c925bb,1938,2018-08-14T18:11:30-0400,-23.4921,0.0408
038441c925bb,1939,2018-08-14T18:11:35-0400,-16.8772,0.0368
038441c925bb,1940,2018-08-14T18:11:40-0400,-13.7595,0.0281
038441c925bb,1941,2018-08-14T18:11:45-0400,-15.9235,0.0304
038441c925bb,1942,2018-08-14T18:11:50-0400,-29.3846,0.0322
038441c925bb,1943,2018-08-14T18:11:55-0400,-44.0513,0.0493
038441c925bb,1944,2018-08-14T18:12:00-0400,-38.1475,0.0435
038441c925bb,1945,2018-08-14T18:12:05-0400,-38.2888,0.0296
038441c925bb,1946,2018-08-14T18:12:10-0400,-50.7884,0.0343
038441c925bb,1947,2018-08-14T18:12:15-0400,-53.5865,0.0341
038441c925bb,1948,2018-08-14T18:12:20-0400,-54.478,0.0327
038441c925bb,1949,2018-08-14T18:12:25-0400,-49.7946,0.0455
038441c925bb,1950,2018-08-14T18:12:30-0400,-36.411,0.0462
038441c925bb,1951,2018-08-14T18:12:35-0400,-35.9898,0.0047
038441c925bb,1952,2018-08-14T18:12:40-0400,-33.3787,0.0032
038441c925bb,1953,2018-08-14T18:12:45-0400,-36.858,0.0022
038441c925bb,1954,2018-08-14T18:12:50-0400,-36.2495,0.0019
038441c925bb,1955,2018-08-14T18:12:55-0400,-33.0184,0.0246
038441c925bb,1956,2018-08-14T18:13:00-0400,-17.7401,0.0764
038441c925bb,1957,2018-08-14T18:13:05-0400,-38.7908,0.0114
038441c925bb,1958,2018-08-14T18:13:10-0400,-27.2261,0.0378
038441c925bb,1959,2018-08-14T18:13:15-0400,-47.141,0.0242
038441c925bb,1960,2018-08-14T18:13:20-0400,-24.2189,0.0662
038441c925bb,1961,2018-08-14T18:13:25-0400,10.5369,0.0382
038441c925bb,1962,2018-08-14T18:13:30-0400,19.5599,0.0383
038441c925bb,1963,2018-08-14T18:13:35-0400,24.5048,0.0262
038441c925bb,1964,2018-08-14T18:13:40-0400,9.4916,0.0479
038441c925bb,1965,2018-08-14T18:13:45-0400,-11.0664,0.066
038441c925bb,1966,2018-08-14T18:13:50-0400,2.8436,0.0236
038441c925bb,1967,2018-08-14T18:13:55-0400,27.5405,0.0134
038441c925bb,1968,2018-08-14T18:14:00-0400,-19.8248,0.0237
038441c925bb,1969,2018-08-14T18:14:05-0400,-1.6666,0.0393
038441c925bb,1970,2018-08-14T18:14:10-0400,-8.2261,0.1206
038441c925bb,1971,2018-08-14T18:14:15-0400,10.3269,0.1054
038441c925bb,1972,2018-08-14T18:14:20-0400,-38.1204,0.0327
038441c925bb,1973,2018-08-14T18:14:25-0400,-34.2525,0.0334
038441c925bb,1974,2018-08-14T18:14:30-0400,16.5785,0.1149
038441c925bb,1975,2018-08-14T18:14:35-0400,-7.8114,0.1504
038441c925bb,1976,2018-08-14T18:14:40-0400,-25.6122,0.0472
038441c925bb,1977,2018-08-14T18:14:45-0400,-3.4191,0.0453
038441c925bb,1978,2018-08-14T18:14:50-0400,-2.018,0.0493
038441c925bb,1979,2018-08-14T18:14:55-0400,-26.1992,0.0625
038441c925bb,1980,2018-08-14T18:15:00-0400,-20.5681,0.0326
038441c925bb,1981,2018-08-14T18:15:05-0400,-7.2212,0.0357
038441c925bb,1982,2018-08-14T18:15:10-0400,-9.6063,0.0198
038441c925bb,1983,2018-08-14T18:15:15-0400,11.1138,0.0235
038441c925bb,1984,2018-08-14T18:15:20-0400,16.3919,0.0378
038441c925bb,1985,2018-08-14T18:15:25-0400,1.5046,0.0592
038441c925bb,1986,2018-08-14T18:15:30-0400,-5.4249,0.0386
038441c925bb,1987,2018-08-14T18:15:35-0400,-10.9049,0.0494
038441c925bb,1988,2018-08-14T18:15:40-0400,-11.232,0.0891
038441c925bb,1989,2018-08-14T18:15:45-0400,1.3611,0.04
038441c925bb,1990,2018-08-14T18:15:50-0400,-6.0092,0.1237
038441c925bb,1991,2018-08-14T18:15:55-0400,-10.8653,0.0417
038441c925bb,1992,2018-08-14T18:16:00-0400,-10.5565,0.0411
038441c925bb,1993,2018-08-14T18:16:05-0400,-8.1985,0.0397
038441c925bb,1994,2018-08-14T18:16:10-0400,8.0835,0.0476
038441c925bb,1995,2018-08-14T18:16:15-0400,2.4421,0.0548
038441c925bb,1996,2018-08-14T18:16:20-0400,-0.3112,0.2466
038441c925bb,1997,2018-08-14T18:16:25-0400,-17.6303,0.0589
038441c925bb,1998,2018-08-14T18:16:30-0400,-22.7709,0.0879
038441c925bb,1999,2018-08-14T18:16:35-0400,82.2822,0.0533
038441c925bb,2000,2018-08-14T18:16:40-0400,20.151,0.0969
038441c925bb,2001,2018-08-14T18:16:45-0400,-10.3437,0.1135
038441c925bb,2002,2018-08-14T18:16:50-0400,-34.6806,0.0596
038441c925bb,2003,2018-08-14T18:16:55-0400,-1.5872,0.1297
038441c925bb,2004,2018-08-14T18:17:00-0400,0.8189,0.1282
038441c925bb,2005,2018-08-14T18:17:05-0400,8.9425,0.0559
038441c925bb,2006,2018-08-14T18:17:10-0400,9.3495,0.1445
038441c925bb,2007,2018-08-14T18:17:15-0400,-1.8404,0.0742
038441c925bb,2008,2018-08-14T18:17:20-0400,5.4895,0.1045
038441c925bb,2009,2018-08-14T18:17:25-0400,3.2444,0.2411
038441c925bb,2010,2018-08-14T18:17:30-0400,23.2302,0.1443
038441c925bb,2011,2018-08-14T18:17:35-0400,17.7575,0.1456
038441c925bb,2012,2018-08-14T18:17:40-0400,9.5515,0.1674
038441c925bb,2013,2018-08-14T18:17:45-0400,10.0979,0.218
038441c925bb,2014,2018-08-14T18:17:50-0400,14.0954,0.111
038441c925bb,2015,2018-08-14T18:17:55-0400,25.534,0.1053
038441c925bb,2016,2018-08-14T18:18:00-0400,-6.0893,0.0708
038441c925bb,2017,2018-08-14T18:18:05-0400,-34.1263,0.0146
038441c925bb,2018,2018-08-14T18:18:10-0400,-33.5569,0.0349
038441c925bb,2019,2018-08-14T18:18:15-0400,-27.7267,0.0626
038441c925bb,2020,2018-08-14T18:18:20-0400,-24.7834,0.0534
038441c925bb,2021,2018-08-14T18:18:25-0400,2.6581,0.0753
038441c925bb,2022,2018-08-14T18:18:30-0400,8.0584,0.0345
038441c925bb,2023,2018-08-14T18:18:35-0400,4.1208,0.1011
038441c925bb,2024,2018-08-14T18:18:40-0400,2.8397,0.0449
038441c925bb,2025,2018-08-14T18:18:45-0400,-9.6884,0.1128
038441c925bb,2026,2018-08-14T18:18:50-0400,-4.2248,0.0455
038441c925bb,2027,2018-08-14T18:18:55-0400,-5.9116,0.0367
038441c925bb,2028,2018-08-14T18:19:00-0400,0.591,0.0376
038441c925bb,2029,2018-08-14T18:19:05-0400,12.572,0.0944
038441c925bb,2030,2018-08-14T18:19:10-0400,-8.7138,0.0891
038441c925bb,2031,2018-08-14T18:19:15-0400,11.7163,0.0301
038441c925bb,2032,2018-08-14T18:19:20-0400,15.5502,0.0736
038441c925bb,2033,2018-08-14T18:19:25-0400,6.0207,0.0444
038441c925bb,2034,2018-08-14T18:19:30-0400,7.2987,0.0559
038441c925bb,2035,2018-08-14T18:19:35-0400,1.0909,0.0749
038441c925bb,2036,2018-08-14T18:19:40-0400,-18.8577,0.0919
038441c925bb,2037,2018-08-14T18:19:45-0400,-6.7585,0.0938
038441c925bb,2038,2018-08-14T18:19:50-0400,20.812,0.0904
038441c925bb,2039,2018-08-14T18:19:55-0400,-11.8699,0.0756
038441c925bb,2040,2018-08-14T18:20:00-0400,-3.4894,0.1308
038441c925bb,2041,2018-08-14T18:20:05-0400,26.7855,0.0713
038441c925bb,2042,2018-08-14T18:20:10-0400,8.5834,0.0683
038441c925bb,2043,2018-08-14T18:20:15-0400,16.6173,0.0764
038441c925bb,2044,2018-08-14T18:20:20-0400,11.8255,0.121
038441c925bb,2045,2018-08-14T18:20:25-0400,-2.6057,0.11
038441c925bb,2046,2018-08-14T18:20:30-0400,3.2185,0.1831
038441c925bb,2047,2018-08-14T18:20:35-0400,7.78,0.1196
038441c925bb,2048,2018-08-14T18:20:40-0400,14.8561,0.1021
038441c925bb,2049,2018-08-14T18:20:45-0400,-3.9771,0.1535
038441c925bb,2050,2018-08-14T18:20:50-0400,-2.4611,0.1163
038441c925bb,2051,2018-08-14T18:20:55-0400,13.2602,0.1801
038441c925bb,2052,2018-08-14T18:21:00-0400,18.2878,0.1538
038441c925bb,2053,2018-08-14T18:21:05-0400,-11.4022,0.1333
038441c925bb,2054,2018-08-14T18:21:10-0400,18.5489,0.0972
038441c925bb,2055,2018-08-14T18:21:15-0400,27.2971,0.0489
038441c925bb,2056,2018-08-14T18:21:20-0400,33.2825,0.2102
038441c925bb,2057,2018-08-14T18:21:25-0400,20.1436,0.2253
038441c925bb,2058,2018-08-14T18:21:30-0400,-15.8639,0.1473
038441c925bb,2059,2018-08-14T18:21:35-0400,21.3249,0.1142
038441c925bb,2060,2018-08-14T18:21:40-0400,23.1035,0.3827
038441c925bb,2061,2018-08-14T18:21:45-0400,8.2717,0.254
038441c925bb,2062,2018-08-14T18:21:50-0400,10.3424,0.1667
038441c925bb,2063,2018-08-14T18:21:55-0400,1.892,0.1844
038441c925bb,2064,2018-08-14T18:22:00-0400,0.014,0.1816
038441c925bb,2065,2018-08-14T18:22:05-0400,-7.4265,0.2811
038441c925bb,2066,2018-08-14T18:22:10-0400,11.0164,0.2447
038441c925bb,2067,2018-08-14T18:22:15-0400,-8.344,0.1511
038441c925bb,2068,2018-08-14T18:22:20-0400,-33.2538,0.1172
038441c925bb,2069,2018-08-14T18:22:25-0400,-27.7688,0.114
038441c925bb,2070,2018-08-14T18:22:30-0400,-12.2182,0.1539
038441c925bb,2071,2018-08-14T18:22:35-0400,-16.2885,0.1368
038441c925bb,2072,2018-08-14T18:22:40-0400,-4.8579,0.2331
038441c925bb,2073,2018-08-14T18:22:45-0400,-3.3443,0.2355
038441c925bb,2074,2018-08-14T18:22:50-0400,1.852,0.1746
038441c925bb,2075,2018-08-14T18:22:55-0400,-2.023,0.1858
038441c925bb,2076,2018-08-14T18:23:00-0400,15.6481,0.2466
038441c925bb,2077,2018-08-14T18:23:05-0400,3.1353,0.1337
038441c925bb,2078,2018-08-14T18:23:10-0400,-15.797,0.1539
038441c925bb,2079,2018-08-14T18:23:15-0400,8.0158,0.1224
038441c925bb,2080,2018-08-14T18:23:20-0400,-8.758,0.1148
038441c925bb,2081,2018-08-14T18:23:25-0400,-16.5143,0.164
038441c925bb,2082,2018-08-14T18:23:30-0400,-13.2554,0.0919
038441c925bb,2083,2018-08-14T18:23:35-0400,-20.2805,0.1071
038441c925bb,2084,2018-08-14T18:23:40-0400,-9.3405,0.1151
038441c925bb,2085,2018-08-14T18:23:45-0400,-15.3089,0.1117
038441c925bb,2086,2018-08-14T18:23:50-0400,-13.4314,0.1342
038441c925bb,2087,2018-08-14T18:23:55-0400,-24.9338,0.1417
038441c925bb,2088,2018-08-14T18:24:00-0400,7.2623,0.1708
038441c925bb,2089,2018-08-14T18:24:05-0400,-1.6294,0.1331
038441c925bb,2090,2018-08-14T18:24:10-0400,10.1059,0.2064
038441c925bb,2091,2018-08-14T18:24:15-0400,6.1192,0.1796
038441c925bb,2092,2018-08-14T18:24:20-0400,-8.3183,0.1574
038441c925bb,2093,2018-08-14T18:24:25-0400,-14.6335,0.1335
038441c925bb,2094,2018-08-14T18:24:30-0400,20.1827,0.1339
038441c925bb,2095,2018-08-14T18:24:35-0400,-1.0168,0.2601
038441c925bb,2096,2018-08-14T18:24:40-0400,35.0536,0.1275
038441c925bb,2097,2018-08-14T18:24:45-0400,56.0237,0.1017
038441c925bb,2098,2018-08-14T18:24:50-0400,48.0751,0.1106
038441c925bb,2099,2018-08-14T18:24:55-0400,1.8224,0.0977
038441c925bb,2100,2018-08-14T18:25:00-0400,1.791,0.1068
038441c925bb,2101,2018-08-14T18:25:05-0400,-0.5004,0.1277
038441c925bb,2102,2018-08-14T18:25:10-0400,-19.4609,0.0887
038441c925bb,2103,2018-08-14T18:25:15-0400,-8.425,0.1029
038441c925bb,2104,2018-08-14T18:25:20-0400,5.1365,0.1528
038441c925bb,2105,2018-08-14T18:25:25-0400,0.8795,0.1062
038441c925bb,2106,2018-08-14T18:25:30-0400,-7.8508,0.1234
038441c925bb,2107,2018-08-14T18:25:35-0400,-6.8629,0.092
038441c925bb,2108,2018-08-14T18:25:40-0400,3.7312,0.1354
038441c925bb,2109,2018-08-14T18:25:45-0400,-3.0941,0.1156
038441c925bb,2110,2018-08-14T18:25:50-0400,-20.5689,0.1513
038441c925bb,2111,2018-08-14T18:25:55-0400,-26.2651,0.084
038441c925bb,2112,2018-08-14T18:26:00-0400,-22.6335,0.0812
038441c925bb,2113,2018-08-14T18:26:05-0400,-9.9776,0.0884
038441c925bb,2114,2018-08-14T18:26:10-0400,-20.0335,0.1029
038441c925bb,2115,2018-08-14T18:26:15-0400,-36.92,0.1205
038441c925bb,2116,2018-08-14T18:26:20-0400,1.5344,0.2118
038441c925bb,2117,2018-08-14T18:26:25-0400,-20.8221,0.1291
038441c925bb,2118,2018-08-14T18:26:30-0400,-58.9942,0.0736
038441c925bb,2119,2018-08-14T18:26:35-0400,-57.6221,0.0565
038441c925bb,2120,2018-08-14T18:26:40-0400,-26.9586,0.0975
038441c925bb,2121,2018-08-14T18:26:45-0400,6.0191,0.2289
038441c925bb,2122,2018-08-14T18:26:50-0400,-5.68,0.1985
038441c925bb,2123,2018-08-14T18:26:55-0400,7.6339,0.0824
038441c925bb,2124,2018-08-14T18:27:00-0400,0.2693,0.0637
038441c925bb,2125,2018-08-14T18:27:05-0400,45.3544,0.0347
038441c925bb,2126,2018-08-14T18:27:10-0400,40.3523,0.0416
038441c925bb,2127,2018-08-14T18:27:15-0400,18.2895,0.0241
038441c925bb,2128,2018-08-14T18:27:20-0400,21.5373,0.2031
038441c925bb,2129,2018-08-14T18:27:25-0400,-17.5394,0.1161
038441c925bb,2130,2018-08-14T18:27:30-0400,-18.903,0.086
038441c925bb,2131,2018-08-14T18:27:35-0400,-3.3226,0.0608
038441c925bb,2132,2018-08-14T18:27:40-0400,-24.0042,0.0634
038441c925bb,2133,2018-08-14T18:27:45-0400,-22.8876,0.0868
038441c925bb,2134,2018-08-14T18:27:50-0400,3.9852,0.2886
038441c925bb,2135,2018-08-14T18:27:55-0400,-8.1845,0.25
038441c925bb,2136,2018-08-14T18:28:00-0400,0.2085,0.2149
038441c925bb,2137,2018-08-14T18:28:05-0400,7.5455,0.0995
038441c925bb,2138,2018-08-14T18:28:10-0400,-14.388,0.0596
038441c925bb,2139,2018-08-14T18:28:15-0400,-47.3449,0.0334
038441c925bb,2140,2018-08-14T18:28:20-0400,-15.7432,0.0843
038441c925bb,2141,2018-08-14T18:28:25-0400,-10.5725,0.113
038441c925bb,2142,2018-08-14T18:28:30-0400,-44.6893,0.032
038441c925bb,2143,2018-08-14T18:28:35-0400,-25.4313,0.3836
038441c925bb,2144,2018-08-14T18:28:40-0400,-10.8204,0.5189
038441c925bb,2145,2018-08-14T18:28:45-0400,-46.142,0.1254
038441c925bb,2146,2018-08-14T18:28:50-0400,-43.6444,0.0049
038441c925bb,2147,2018-08-14T18:28:55-0400,-32.8754,0.0582
038441c925bb,2148,2018-08-14T18:29:00-0400,-21.907,0.0817
038441c925bb,2149,2018-08-14T18:29:05-0400,2.9726,0.0485
038441c925bb,2150,2018-08-14T18:29:10-0400,-20.3077,0.0404
038441c925bb,2151,2018-08-14T18:29:15-0400,-27.6439,0.045
038441c925bb,2152,2018-08-14T18:29:20-0400,-36.5869,0.0352
038441c925bb,2153,2018-08-14T18:29:25-0400,-35.8334,0.0289
038441c925bb,2154,2018-08-14T18:29:30-0400,-12.6698,0.0338
038441c925bb,2155,2018-08-14T18:29:35-0400,-16.2857,0.0282
038441c925bb,2156,2018-08-14T18:29:40-0400,-15.2084,0.0554
038441c925bb,2157,2018-08-14T18:29:45-0400,-14.0236,0.044
038441c925bb,2158,2018-08-14T18:29:50-0400,-2.6109,0.0454
038441c925bb,2159,2018-08-14T18:29:55-0400,-4.7178,0.0341
038441c925bb,2160,2018-08-14T18:30:00-0400,-17.569,0.0419
038441c925bb,2161,2018-08-14T18:30:05-0400,-20.1073,0.0552
038441c925bb,2162,2018-08-14T18:30:10-0400,-12.3797,0.0419
038441c925bb,2163,2018-08-14T18:30:15-0400,-2.9854,0.0409
038441c925bb,2164,2018-08-14T18:30:20-0400,-8.8128,0.0419
038441c925bb,2165,2018-08-14T18:30:25-0400,7.082,0.0401
038441c925bb,2166,2018-08-14T18:30:30-0400,-16.3663,0.042
038441c925bb,2167,2018-08-14T18:30:35-0400,-25.2101,0.0835
038441c925bb,2168,2018-08-14T18:30:40-0400,-22.0366,0.3285
038441c925bb,2169,2018-08-14T18:30:45-0400,-34.4247,0.07
038441c925bb,2170,2018-08-14T18:30:50-0400,-41.686,0.027
038441c925bb,2171,2018-08-14T18:30:55-0400,-53.8265,0.0158
038441c925bb,2172,2018-08-14T18:31:00-0400,-49.9054,1e-04
038441c925bb,2173,2018-08-14T18:31:05-0400,-46.6924,1e-04
038441c925bb,2174,2018-08-14T18:31:10-0400,-44.6177,1e-04
038441c925bb,2175,2018-08-14T18:31:15-0400,-52.3712,0.0283
038441c925bb,2176,2018-08-14T18:31:20-0400,-45.5874,0.0045
038441c925bb,2177,2018-08-14T18:31:25-0400,-33.4504,0.0743
038441c925bb,2178,2018-08-14T18:31:30-0400,-1.437,0.0373
038441c925bb,2179,2018-08-14T18:31:35-0400,-14.9407,0.0603
038441c925bb,2180,2018-08-14T18:31:40-0400,-19.4325,0.0651
038441c925bb,2181,2018-08-14T18:31:45-0400,-9.1583,0.0364
038441c925bb,2182,2018-08-14T18:31:50-0400,-17.5777,0.0515
038441c925bb,2183,2018-08-14T18:31:55-0400,-0.1231,0.0623
038441c925bb,2184,2018-08-14T18:32:00-0400,21.2768,0.0256
038441c925bb,2185,2018-08-14T18:32:05-0400,25.5699,0.0388
038441c925bb,2186,2018-08-14T18:32:10-0400,27.1969,0.0045
038441c925bb,2187,2018-08-14T18:32:15-0400,27.0713,0.0198
038441c925bb,2188,2018-08-14T18:32:20-0400,25.9761,0.0075
038441c925bb,2189,2018-08-14T18:32:25-0400,22.9792,0.0386
038441c925bb,2190,2018-08-14T18:32:30-0400,7.4107,0.0618
038441c925bb,2191,2018-08-14T18:32:35-0400,8.7708,0.0752
038441c925bb,2192,2018-08-14T18:32:40-0400,8.9331,0.0634
038441c925bb,2193,2018-08-14T18:32:45-0400,9.1855,0.0651
038441c925bb,2194,2018-08-14T18:32:50-0400,3.706,0.0552
038441c925bb,2195,2018-08-14T18:32:55-0400,2.8584,0.0428
038441c925bb,2196,2018-08-14T18:33:00-0400,-9.0952,0.0299
038441c925bb,2197,2018-08-14T18:33:05-0400,4.0344,0.0269
038441c925bb,2198,2018-08-14T18:33:10-0400,9.7737,0.0004
038441c925bb,2199,2018-08-14T18:33:15-0400,6.9019,0.0034
038441c925bb,2200,2018-08-14T18:33:20-0400,14.2176,0.005
038441c925bb,2201,2018-08-14T18:33:25-0400,25.1248,0.0024
038441c925bb,2202,2018-08-14T18:33:30-0400,21.59,0.0041
038441c925bb,2203,2018-08-14T18:33:35-0400,11.4809,0.0011
038441c925bb,2204,2018-08-14T18:33:40-0400,14.1441,0.0003
038441c925bb,2205,2018-08-14T18:33:45-0400,8.8947,0.0024
038441c925bb,2206,2018-08-14T18:33:50-0400,10.1985,0.0116
038441c925bb,2207,2018-08-14T18:33:55-0400,22.5034,0.0114
038441c925bb,2208,2018-08-14T18:34:00-0400,-0.643,0.0372
038441c925bb,2209,2018-08-14T18:34:05-0400,-21.5417,0.0155
038441c925bb,2210,2018-08-14T18:34:10-0400,-23.081,0.0175
038441c925bb,2211,2018-08-14T18:34:15-0400,7.1265,0.0327
038441c925bb,2212,2018-08-14T18:34:20-0400,-5.9003,0.0384
038441c925bb,2213,2018-08-14T18:34:25-0400,-23.4969,0.0405
038441c925bb,2214,2018-08-14T18:34:30-0400,-7.4258,0.0472
038441c925bb,2215,2018-08-14T18:34:35-0400,-15.4517,0.0369
038441c925bb,2216,2018-08-14T18:34:40-0400,-16.1596,0.0396
038441c925bb,2217,2018-08-14T18:34:45-0400,-11.647,0.0374
038441c925bb,2218,2018-08-14T18:34:50-0400,-10.7931,0.0335
038441c925bb,2219,2018-08-14T18:34:55-0400,-11.5768,0.0323
038441c925bb,2220,2018-08-14T18:35:00-0400,-13.4745,0.0329
038441c925bb,2221,2018-08-14T18:35:05-0400,-14.5223,0.0343
038441c925bb,2222,2018-08-14T18:35:10-0400,-14.5634,0.0343
038441c925bb,2223,2018-08-14T18:35:15-0400,-16.0484,0.0362
038441c925bb,2224,2018-08-14T18:35:20-0400,-18.8035,0.0342
038441c925bb,2225,2018-08-14T18:35:25-0400,-6.6577,0.0402
038441c925bb,2226,2018-08-14T18:35:30-0400,-3.1737,0.0406
038441c925bb,2227,2018-08-14T18:35:35-0400,1.6062,0.0366
038441c925bb,2228,2018-08-14T18:35:40-0400,1.4496,0.0412
038441c925bb,2229,2018-08-14T18:35:45-0400,-7.5077,0.042
038441c925bb,2230,2018-08-14T18:35:50-0400,-2.7803,0.037
038441c925bb,2231,2018-08-14T18:35:55-0400,-5.4942,0.0435
038441c925bb,2232,2018-08-14T18:36:00-0400,-5.5472,0.0365
038441c925bb,2233,2018-08-14T18:36:05-0400,-65.6308,0.0248
038441c925bb,2234,2018-08-14T18:36:10-0400,-48.1354,0.0322
038441c925bb,2235,2018-08-14T18:36:15-0400,-29.4936,0.045
038441c925bb,2236,2018-08-14T18:36:20-0400,-20.9938,0.0562
038441c925bb,2237,2018-08-14T18:36:25-0400,-29.1146,0.0737
038441c925bb,2238,2018-08-14T18:36:30-0400,-32.1043,0.0612
038441c925bb,2239,2018-08-14T18:36:35-0400,-20.8974,0.0379
038441c925bb,2240,2018-08-14T18:36:40-0400,-19.1853,0.0469
038441c925bb,2241,2018-08-14T18:36:45-0400,22.7026,0.034
038441c925bb,2242,2018-08-14T18:36:50-0400,-15.691,0.0395
038441c925bb,2243,2018-08-14T18:36:55-0400,-25.1728,0.0413
038441c925bb,2244,2018-08-14T18:37:00-0400,-1.0323,0.0392
038441c925bb,2245,2018-08-14T18:37:05-0400,-2.3065,0.037
038441c925bb,2246,2018-08-14T18:37:10-0400,-23.509,0.0906
038441c925bb,2247,2018-08-14T18:37:15-0400,-34.2587,0.0251
038441c925bb,2248,2018-08-14T18:37:20-0400,-37.3751,0.0337
038441c925bb,2249,2018-08-14T18:37:25-0400,-15.0771,0.0375
038441c925bb,2250,2018-08-14T18:37:30-0400,-19.7208,0.0384
038441c925bb,2251,2018-08-14T18:37:35-0400,-15.1083,0.0559
038441c925bb,2252,2018-08-14T18:37:40-0400,-4.8112,0.0284
038441c925bb,2253,2018-08-14T18:37:45-0400,-14.3813,0.023
038441c925bb,2254,2018-08-14T18:37:50-0400,-7.9318,0.0486
038441c925bb,2255,2018-08-14T18:37:55-0400,-23.7791,0.0415
038441c925bb,2256,2018-08-14T18:38:00-0400,-29.8832,0.0398
038441c925bb,2257,2018-08-14T18:38:05-0400,-20.4583,0.0466
038441c925bb,2258,2018-08-14T18:38:10-0400,-21.8634,0.043
038441c925bb,2259,2018-08-14T18:38:15-0400,-25.9936,0.0425
038441c925bb,2260,2018-08-14T18:38:20-0400,-26.3277,0.0425
038441c925bb,2261,2018-08-14T18:38:25-0400,-23.9559,0.0457
038441c925bb,2262,2018-08-14T18:38:30-0400,-4.6326,0.0567
038441c925bb,2263,2018-08-14T18:38:35-0400,-0.6216,0.0439
038441c925bb,2264,2018-08-14T18:38:40-0400,27.505,0.0719
038441c925bb,2265,2018-08-14T18:38:45-0400,3.1628,0.0446
038441c925bb,2266,2018-08-14T18:38:50-0400,6.2679,0.0239
038441c925bb,2267,2018-08-14T18:38:55-0400,-14.9003,0.0212
038441c925bb,2268,2018-08-14T18:39:00-0400,-28.6115,0.0205
038441c925bb,2269,2018-08-14T18:39:05-0400,-28.8588,0.0275
038441c925bb,2270,2018-08-14T18:39:10-0400,-28.9456,0.029
038441c925bb,2271,2018-08-14T18:39:15-0400,-32.1949,0.0257
038441c925bb,2272,2018-08-14T18:39:20-0400,-37.5237,0.0274
038441c925bb,2273,2018-08-14T18:39:25-0400,-30.6977,0.0299
038441c925bb,2274,2018-08-14T18:39:30-0400,-28.7547,0.0372
038441c925bb,2275,2018-08-14T18:39:35-0400,-13.746,0.1018
038441c925bb,2276,2018-08-14T18:39:40-0400,-24.462,0.2268
038441c925bb,2277,2018-08-14T18:39:45-0400,-33.3562,0.268
038441c925bb,2278,2018-08-14T18:39:50-0400,-22.6943,0.0918
038441c925bb,2279,2018-08-14T18:39:55-0400,-32.393,0.0384
038441c925bb,2280,2018-08-14T18:40:00-0400,-36.4826,0.1141
038441c925bb,2281,2018-08-14T18:40:05-0400,-50.3867,0.114
038441c925bb,2282,2018-08-14T18:40:10-0400,-50.7019,0.0441
038441c925bb,2283,2018-08-14T18:40:15-0400,-25.6791,0.0559
038441c925bb,2284,2018-08-14T18:40:20-0400,-42.3973,0.0291
038441c925bb,2285,2018-08-14T18:40:25-0400,5.0343,0.0625
038441c925bb,2286,2018-08-14T18:40:30-0400,10.7583,0.0426
038441c925bb,2287,2018-08-14T18:40:35-0400,-28.7454,0.109
038441c925bb,2288,2018-08-14T18:40:40-0400,-62.7343,0.0465
038441c925bb,2289,2018-08-14T18:40:45-0400,-67.1316,0.0476
038441c925bb,2290,2018-08-14T18:40:50-0400,-69.1095,0.0633
038441c925bb,2291,2018-08-14T18:40:55-0400,-29.4797,0.0551
038441c925bb,2292,2018-08-14T18:41:00-0400,-17.6951,0.0545
038441c925bb,2293,2018-08-14T18:41:05-0400,-71.4072,0.0286
038441c925bb,2294,2018-08-14T18:41:10-0400,-39.654,0.0657
038441c925bb,2295,2018-08-14T18:41:15-0400,-9.5641,0.0104
038441c925bb,2296,2018-08-14T18:41:20-0400,-18.7456,0.0143
038441c925bb,2297,2018-08-14T18:41:25-0400,-20.8752,0.0437
038441c925bb,2298,2018-08-14T18:41:30-0400,-35.2203,0.0243
038441c925bb,2299,2018-08-14T18:41:35-0400,-21.3241,0.0578
038441c925bb,2300,2018-08-14T18:41:40-0400,-22.1648,0.0523
038441c925bb,2301,2018-08-14T18:41:45-0400,-18.8552,0.0481
038441c925bb,2302,2018-08-14T18:41:50-0400,4.8399,0.0401
038441c925bb,2303,2018-08-14T18:41:55-0400,-4.3183,0.042
038441c925bb,2304,2018-08-14T18:42:00-0400,-12.8381,0.0625
038441c925bb,2305,2018-08-14T18:42:05-0400,2.0439,0.0547
038441c925bb,2306,2018-08-14T18:42:10-0400,-11.866,0.049
038441c925bb,2307,2018-08-14T18:42:15-0400,-31.0154,0.0561
038441c925bb,2308,2018-08-14T18:42:20-0400,-18.985,0.0156
038441c925bb,2309,2018-08-14T18:42:25-0400,-0.0624,0.1312
038441c925bb,2310,2018-08-14T18:42:30-0400,0.473,0.0379
038441c925bb,2311,2018-08-14T18:42:35-0400,1.1222,0.0368
038441c925bb,2312,2018-08-14T18:42:40-0400,1.0382,0.0375
038441c925bb,2313,2018-08-14T18:42:45-0400,1.5127,0.0366
038441c925bb,2314,2018-08-14T18:42:50-0400,0.7298,0.0373
038441c925bb,2315,2018-08-14T18:42:55-0400,-0.9806,0.0398
038441c925bb,2316,2018-08-14T18:43:00-0400,-3.7136,0.0407
038441c925bb,2317,2018-08-14T18:43:05-0400,-2.5424,0.0386
038441c925bb,2318,2018-08-14T18:43:10-0400,-2.1702,0.0378
038441c925bb,2319,2018-08-14T18:43:15-0400,-4.5278,0.0377
038441c925bb,2320,2018-08-14T18:43:20-0400,-7.9036,0.038
038441c925bb,2321,2018-08-14T18:43:25-0400,-6.2238,0.0385
038441c925bb,2322,2018-08-14T18:43:30-0400,-4.2889,0.0391
038441c925bb,2323,2018-08-14T18:43:35-0400,-2.1248,0.0365
038441c925bb,2324,2018-08-14T18:43:40-0400,0.4846,0.0383
038441c925bb,2325,2018-08-14T18:43:45-0400,0.373,0.0409
038441c925bb,2326,2018-08-14T18:43:50-0400,2.2265,0.0401
038441c925bb,2327,2018-08-14T18:43:55-0400,6.4624,0.0391
038441c925bb,2328,2018-08-14T18:44:00-0400,8.0486,0.0366
038441c925bb,2329,2018-08-14T18:44:05-0400,7.5149,0.0403
038441c925bb,2330,2018-08-14T18:44:10-0400,8.31,0.0373
038441c925bb,2331,2018-08-14T18:44:15-0400,7.1147,0.0395
038441c925bb,2332,2018-08-14T18:44:20-0400,8.0245,0.0386
038441c925bb,2333,2018-08-14T18:44:25-0400,8.2569,0.0378
038441c925bb,2334,2018-08-14T18:44:30-0400,8.7052,0.0372
038441c925bb,2335,2018-08-14T18:44:35-0400,9.082,0.0379
038441c925bb,2336,2018-08-14T18:44:40-0400,8.6086,0.0362
038441c925bb,2337,2018-08-14T18:44:45-0400,8.6766,0.0345
038441c925bb,2338,2018-08-14T18:44:50-0400,11.5936,0.0355
038441c925bb,2339,2018-08-14T18:44:55-0400,9.4055,0.0351
038441c925bb,2340,2018-08-14T18:45:00-0400,11.2707,0.0349
038441c925bb,2341,2018-08-14T18:45:05-0400,12.3702,0.0324
038441c925bb,2342,2018-08-14T18:45:10-0400,11.3912,0.0328
038441c925bb,2343,2018-08-14T18:45:15-0400,11.2187,0.0336
038441c925bb,2344,2018-08-14T18:45:20-0400,11.676,0.0327
038441c925bb,2345,2018-08-14T18:45:25-0400,11.5423,0.0325
038441c925bb,2346,2018-08-14T18:45:30-0400,-4.6562,0.0253
038441c925bb,2347,2018-08-14T18:45:35-0400,-7.1047,0.0853
038441c925bb,2348,2018-08-14T18:45:40-0400,-3.9728,0.0568
038441c925bb,2349,2018-08-14T18:45:45-0400,-2.2152,0.0541
038441c925bb,2350,2018-08-14T18:45:50-0400,5.765,0.0496
038441c925bb,2351,2018-08-14T18:45:55-0400,23.9838,0.0255
038441c925bb,2352,2018-08-14T18:46:00-0400,21.7326,0.026
038441c925bb,2353,2018-08-14T18:46:05-0400,2.9331,0.0393
038441c925bb,2354,2018-08-14T18:46:10-0400,-0.1976,0.0373
038441c925bb,2355,2018-08-14T18:46:15-0400,3.0092,0.0387
038441c925bb,2356,2018-08-14T18:46:20-0400,-7.9113,0.0473
038441c925bb,2357,2018-08-14T18:46:25-0400,-7.4204,0.0429
038441c925bb,2358,2018-08-14T18:46:30-0400,-5.5646,0.0445
038441c925bb,2359,2018-08-14T18:46:35-0400,-6.8168,0.04
038441c925bb,2360,2018-08-14T18:46:40-0400,-5.555,0.038
038441c925bb,2361,2018-08-14T18:46:45-0400,-0.5956,0.0445
038441c925bb,2362,2018-08-14T18:46:50-0400,-0.2669,0.0422
038441c925bb,2363,2018-08-14T18:46:55-0400,-2.1063,0.0371
038441c925bb,2364,2018-08-14T18:47:00-0400,-8.8847,0.0389
038441c925bb,2365,2018-08-14T18:47:05-0400,-7.6133,0.0382
038441c925bb,2366,2018-08-14T18:47:10-0400,-7.5546,0.0388
038441c925bb,2367,2018-08-14T18:47:15-0400,-8.8019,0.0393
038441c925bb,2368,2018-08-14T18:47:20-0400,-3.9742,0.038
038441c925bb,2369,2018-08-14T18:47:25-0400,0.1185,0.0368
038441c925bb,2370,2018-08-14T18:47:30-0400,-1.0797,0.035
038441c925bb,2371,2018-08-14T18:47:35-0400,-3.6357,0.0374
038441c925bb,2372,2018-08-14T18:47:40-0400,11.0506,0.0904
038441c925bb,2373,2018-08-14T18:47:45-0400,25.6433,0.0365
038441c925bb,2374,2018-08-14T18:47:50-0400,37.4053,0.0405
038441c925bb,2375,2018-08-14T18:47:55-0400,-13.8563,0.4282
038441c925bb,2376,2018-08-14T18:48:00-0400,-17.6636,0.4691
038441c925bb,2377,2018-08-14T18:48:05-0400,-25.8935,0.1212
038441c925bb,2378,2018-08-14T18:48:10-0400,9.4963,0.1397
038441c925bb,2379,2018-08-14T18:48:15-0400,21.8684,0.0327
038441c925bb,2380,2018-08-14T18:48:20-0400,22.6548,0.0284
038441c925bb,2381,2018-08-14T18:48:25-0400,9.8481,0.0435
038441c925bb,2382,2018-08-14T18:48:30-0400,5.161,0.0298
038441c925bb,2383,2018-08-14T18:48:35-0400,17.2403,0.0347
038441c925bb,2384,2018-08-14T18:48:40-0400,18.9437,0.039
038441c925bb,2385,2018-08-14T18:48:45-0400,20.0018,0.0412
038441c925bb,2386,2018-08-14T18:48:50-0400,13.0584,0.035
038441c925bb,2387,2018-08-14T18:48:55-0400,4.6101,0.0375
038441c925bb,2388,2018-08-14T18:49:00-0400,-0.4562,0.0385
038441c925bb,2389,2018-08-14T18:49:05-0400,-0.571,0.0389
038441c925bb,2390,2018-08-14T18:49:10-0400,-0.7267,0.0396
038441c925bb,2391,2018-08-14T18:49:15-0400,-1.1036,0.039
038441c925bb,2392,2018-08-14T18:49:20-0400,-0.5035,0.0383
038441c925bb,2393,2018-08-14T18:49:25-0400,0.5409,0.0386
038441c925bb,2394,2018-08-14T18:49:30-0400,1.1157,0.0387
038441c925bb,2395,2018-08-14T18:49:35-0400,3.266,0.0363
038441c925bb,2396,2018-08-14T18:49:40-0400,4.8953,0.036
038441c925bb,2397,2018-08-14T18:49:45-0400,5.0878,0.0368
038441c925bb,2398,2018-08-14T18:49:50-0400,7.4157,0.0352
038441c925bb,2399,2018-08-14T18:49:55-0400,10.689,0.0336
038441c925bb,2400,2018-08-14T18:50:00-0400,11.1361,0.0329
038441c925bb,2401,2018-08-14T18:50:05-0400,10.7851,0.032
038441c925bb,2402,2018-08-14T18:50:10-0400,12.061,0.0316
038441c925bb,2403,2018-08-14T18:50:15-0400,14.845,0.0305
038441c925bb,2404,2018-08-14T18:50:20-0400,13.027,0.0331
038441c925bb,2405,2018-08-14T18:50:25-0400,5.4606,0.0392
038441c925bb,2406,2018-08-14T18:50:30-0400,6.3346,0.0372
038441c925bb,2407,2018-08-14T18:50:35-0400,6.7652,0.0361
038441c925bb,2408,2018-08-14T18:50:40-0400,5.1249,0.0366
038441c925bb,2409,2018-08-14T18:50:45-0400,3.7995,0.0361
038441c925bb,2410,2018-08-14T18:50:50-0400,5.0531,0.0359
038441c925bb,2411,2018-08-14T18:50:55-0400,5.9157,0.0347
038441c925bb,2412,2018-08-14T18:51:00-0400,6.2444,0.035
038441c925bb,2413,2018-08-14T18:51:05-0400,7.0309,0.0351
038441c925bb,2414,2018-08-14T18:51:10-0400,7.5323,0.0338
038441c925bb,2415,2018-08-14T18:51:15-0400,7.6282,0.0334
038441c925bb,2416,2018-08-14T18:51:20-0400,7.0413,0.0368
038441c925bb,2417,2018-08-14T18:51:25-0400,6.6708,0.0351
038441c925bb,2418,2018-08-14T18:51:30-0400,5.5183,0.0354
038441c925bb,2419,2018-08-14T18:51:35-0400,3.5273,0.0368
038441c925bb,2420,2018-08-14T18:51:40-0400,3.8649,0.0363
038441c925bb,2421,2018-08-14T18:51:45-0400,5.8341,0.0345
038441c925bb,2422,2018-08-14T18:51:50-0400,4.2423,0.0362
038441c925bb,2423,2018-08-14T18:51:55-0400,2.6353,0.0383
038441c925bb,2424,2018-08-14T18:52:00-0400,3.5065,0.0426
038441c925bb,2425,2018-08-14T18:52:05-0400,9.5576,0.0405
038441c925bb,2426,2018-08-14T18:52:10-0400,14.6427,0.0379
038441c925bb,2427,2018-08-14T18:52:15-0400,17.9896,0.0295
038441c925bb,2428,2018-08-14T18:52:20-0400,18.5629,0.029
038441c925bb,2429,2018-08-14T18:52:25-0400,18.1696,0.0297
038441c925bb,2430,2018-08-14T18:52:30-0400,12.765,0.0449
038441c925bb,2431,2018-08-14T18:52:35-0400,4.2037,0.0405
038441c925bb,2432,2018-08-14T18:52:40-0400,2.0514,0.0395
038441c925bb,2433,2018-08-14T18:52:45-0400,1.4794,0.0402
038441c925bb,2434,2018-08-14T18:52:50-0400,6.9516,0.0367
038441c925bb,2435,2018-08-14T18:52:55-0400,6.9696,0.0404
038441c925bb,2436,2018-08-14T18:53:00-0400,6.869,0.0413
038441c925bb,2437,2018-08-14T18:53:05-0400,7.3398,0.0388
038441c925bb,2438,2018-08-14T18:53:10-0400,8.57,0.0377
038441c925bb,2439,2018-08-14T18:53:15-0400,9.3205,0.0352
038441c925bb,2440,2018-08-14T18:53:20-0400,9.921,0.0334
038441c925bb,2441,2018-08-14T18:53:25-0400,8.3529,0.0346
038441c925bb,2442,2018-08-14T18:53:30-0400,7.028,0.0348
038441c925bb,2443,2018-08-14T18:53:35-0400,7.2546,0.0362
038441c925bb,2444,2018-08-14T18:53:40-0400,17.6282,0.0488
038441c925bb,2445,2018-08-14T18:53:45-0400,24.6729,0.0238
038441c925bb,2446,2018-08-14T18:53:50-0400,27.3172,0.0223
038441c925bb,2447,2018-08-14T18:53:55-0400,22.7641,0.0254
038441c925bb,2448,2018-08-14T18:54:00-0400,23.708,0.0247
038441c925bb,2449,2018-08-14T18:54:05-0400,24.4164,0.0247
038441c925bb,2450,2018-08-14T18:54:10-0400,15.9762,0.0271
038441c925bb,2451,2018-08-14T18:54:15-0400,5.2342,0.068
038441c925bb,2452,2018-08-14T18:54:20-0400,-27.6403,0.0821
038441c925bb,2453,2018-08-14T18:54:25-0400,-5.2559,0.0546
038441c925bb,2454,2018-08-14T18:54:30-0400,-12.3148,0.0
038441c925bb,2455,2018-08-14T18:54:35-0400,-8.1663,0.1079
038441c925bb,2456,2018-08-14T18:54:40-0400,16.3841,0.0599
038441c925bb,2457,2018-08-14T18:54:45-0400,4.9125,0.086
038441c925bb,2458,2018-08-14T18:54:50-0400,-12.5394,0.0513
038441c925bb,2459,2018-08-14T18:54:55-0400,-15.8316,0.0572
038441c925bb,2460,2018-08-14T18:55:00-0400,-20.2528,0.0
038441c925bb,2461,2018-08-14T18:55:05-0400,-42.2871,0.0737
038441c925bb,2462,2018-08-14T18:55:10-0400,-72.7071,0.0396
038441c925bb,2463,2018-08-14T18:55:15-0400,-66.3822,0.0912
038441c925bb,2464,2018-08-14T18:55:20-0400,-30.8545,0.0576
038441c925bb,2465,2018-08-14T18:55:25-0400,-9.5383,0.0555
038441c925bb,2466,2018-08-14T18:55:30-0400,6.7896,0.0447
038441c925bb,2467,2018-08-14T18:55:35-0400,15.4345,0.0322
038441c925bb,2468,2018-08-14T18:55:40-0400,11.0996,0.0402
038441c925bb,2469,2018-08-14T18:55:45-0400,-1.023,0.6365
038441c925bb,2470,2018-08-14T18:55:50-0400,-12.4782,0.0669
038441c925bb,2471,2018-08-14T18:55:55-0400,-20.029,0.0787
038441c925bb,2472,2018-08-14T18:56:00-0400,-37.719,0.055
038441c925bb,2473,2018-08-14T18:56:05-0400,-27.8763,0.0903
038441c925bb,2474,2018-08-14T18:56:10-0400,-42.9143,0.055
038441c925bb,2475,2018-08-14T18:56:15-0400,-48.1452,0.0953
038441c925bb,2476,2018-08-14T18:56:20-0400,-22.2772,0.1372
038441c925bb,2477,2018-08-14T18:56:25-0400,-47.8022,0.0515
038441c925bb,2478,2018-08-14T18:56:30-0400,-22.5827,0.0557
038441c925bb,2479,2018-08-14T18:56:35-0400,4.8151,0.0345
038441c925bb,2480,2018-08-14T18:56:40-0400,2.7695,0.0373
038441c925bb,2481,2018-08-14T18:56:45-0400,-0.2541,0.0434
038441c925bb,2482,2018-08-14T18:56:50-0400,-34.3961,0.1341
038441c925bb,2483,2018-08-14T18:56:55-0400,7.3285,0.4877
038441c925bb,2484,2018-08-14T18:57:00-0400,-46.0032,0.0664
038441c925bb,2485,2018-08-14T18:57:05-0400,-2.4417,0.0922
038441c925bb,2486,2018-08-14T18:57:10-0400,-16.7864,0.0613
038441c925bb,2487,2018-08-14T18:57:15-0400,-41.9751,0.0613
038441c925bb,2488,2018-08-14T18:57:20-0400,-67.0078,0.0479
038441c925bb,2489,2018-08-14T18:57:25-0400,-28.4107,0.0485
038441c925bb,2490,2018-08-14T18:57:30-0400,9.9053,0.0385
038441c925bb,2491,2018-08-14T18:57:35-0400,6.115,0.0391
038441c925bb,2492,2018-08-14T18:57:40-0400,-2.0497,0.0506
038441c925bb,2493,2018-08-14T18:57:45-0400,1.4846,0.0373
038441c925bb,2494,2018-08-14T18:57:50-0400,16.3892,0.0311
038441c925bb,2495,2018-08-14T18:57:55-0400,11.6081,0.0426
038441c925bb,2496,2018-08-14T18:58:00-0400,-0.7461,0.0366
038441c925bb,2497,2018-08-14T18:58:05-0400,-2.5347,0.0335
038441c925bb,2498,2018-08-14T18:58:10-0400,3.8278,0.0352
038441c925bb,2499,2018-08-14T18:58:15-0400,19.1551,0.036
038441c925bb,2500,2018-08-14T18:58:20-0400,24.9583,0.0386
038441c925bb,2501,2018-08-14T18:58:25-0400,8.4048,0.0412
038441c925bb,2502,2018-08-14T18:58:30-0400,25.3046,0.0231
038441c925bb,2503,2018-08-14T18:58:35-0400,24.1177,0.0331
038441c925bb,2504,2018-08-14T18:58:40-0400,-12.6647,0.0543
038441c925bb,2505,2018-08-14T18:58:45-0400,-36.2394,0.0358
038441c925bb,2506,2018-08-14T18:58:50-0400,-37.3607,0.0512
038441c925bb,2507,2018-08-14T18:58:55-0400,-49.0442,0.0583
038441c925bb,2508,2018-08-14T18:59:00-0400,-12.5783,0.0655
038441c925bb,2509,2018-08-14T18:59:05-0400,-5.6684,0.0479
038441c925bb,2510,2018-08-14T18:59:10-0400,10.2551,0.0422
038441c925bb,2511,2018-08-14T18:59:15-0400,12.453,0.0346
038441c925bb,2512,2018-08-14T18:59:20-0400,10.4418,0.0438
038441c925bb,2513,2018-08-14T18:59:25-0400,14.041,0.0616
038441c925bb,2514,2018-08-14T18:59:30-0400,17.2047,0.0648
038441c925bb,2515,2018-08-14T18:59:35-0400,20.5148,0.0682
038441c925bb,2516,2018-08-14T18:59:40-0400,-54.1521,0.1061
038441c925bb,2517,2018-08-14T18:59:45-0400,-53.6252,0.0597
038441c925bb,2518,2018-08-14T18:59:50-0400,-36.4536,0.182
038441c925bb,2519,2018-08-14T18:59:55-0400,-39.98,0.193
038441c925bb,2520,2018-08-14T19:00:00-0400,56.1992,0.0388
038441c925bb,2521,2018-08-14T19:00:05-0400,-23.5695,0.0577
038441c925bb,2522,2018-08-14T19:00:10-0400,-9.8944,0.1658
038441c925bb,2523,2018-08-14T19:00:15-0400,-25.3053,0.1033
038441c925bb,2524,2018-08-14T19:00:20-0400,-25.6638,0.0379
038441c925bb,2525,2018-08-14T19:00:25-0400,-42.3409,0.0601
038441c925bb,2526,2018-08-14T19:00:30-0400,-26.2139,0.0721
038441c925bb,2527,2018-08-14T19:00:35-0400,-31.5221,0.2547
038441c925bb,2528,2018-08-14T19:00:40-0400,-63.645,0.0415
038441c925bb,2529,2018-08-14T19:00:45-0400,-29.6437,0.5263
038441c925bb,2530,2018-08-14T19:00:50-0400,-9.5749,0.5749
038441c925bb,2531,2018-08-14T19:00:55-0400,-42.7655,0.1712
038441c925bb,2532,2018-08-14T19:01:00-0400,-77.2603,0.0407
038441c925bb,2533,2018-08-14T19:01:05-0400,-46.909,0.0535
038441c925bb,2534,2018-08-14T19:01:10-0400,-14.4939,0.2732
038441c925bb,2535,2018-08-14T19:01:15-0400,-10.5634,0.8238
038441c925bb,2536,2018-08-14T19:01:20-0400,22.4083,0.0759
038441c925bb,2537,2018-08-14T19:01:25-0400,50.5241,0.0414
038441c925bb,2538,2018-08-14T19:01:30-0400,20.9456,0.0374
038441c925bb,2539,2018-08-14T19:01:35-0400,-14.4044,0.0421
038441c925bb,2540,2018-08-14T19:01:40-0400,-13.4877,0.0492
038441c925bb,2541,2018-08-14T19:01:45-0400,-6.135,0.0483
038441c925bb,2542,2018-08-14T19:01:50-0400,-7.2022,0.0413
038441c925bb,2543,2018-08-14T19:01:55-0400,-7.3813,0.0441
038441c925bb,2544,2018-08-14T19:02:00-0400,1.9025,0.0332
038441c925bb,2545,2018-08-14T19:02:05-0400,-17.083,0.0795
038441c925bb,2546,2018-08-14T19:02:10-0400,-21.52,0.0735
038441c925bb,2547,2018-08-14T19:02:15-0400,-16.8423,0.0433
038441c925bb,2548,2018-08-14T19:02:20-0400,-22.4084,0.0384
038441c925bb,2549,2018-08-14T19:02:25-0400,-21.6895,0.0694
038441c925bb,2550,2018-08-14T19:02:30-0400,-14.6713,0.0656
038441c925bb,2551,2018-08-14T19:02:35-0400,-13.3517,0.0683
038441c925bb,2552,2018-08-14T19:02:40-0400,-27.1165,0.0722
038441c925bb,2553,2018-08-14T19:02:45-0400,-0.928,0.0327
038441c925bb,2554,2018-08-14T19:02:50-0400,9.871,0.1385
038441c925bb,2555,2018-08-14T19:02:55-0400,18.1928,0.0345
038441c925bb,2556,2018-08-14T19:03:00-0400,28.1641,0.0336
038441c925bb,2557,2018-08-14T19:03:05-0400,46.0882,0.0135
038441c925bb,2558,2018-08-14T19:03:10-0400,23.7708,0.0191
038441c925bb,2559,2018-08-14T19:03:15-0400,31.4096,0.0231
038441c925bb,2560,2018-08-14T19:03:20-0400,18.5968,0.0333
038441c925bb,2561,2018-08-14T19:03:25-0400,28.6419,0.0237
038441c925bb,2562,2018-08-14T19:03:30-0400,24.7265,0.0264
038441c925bb,2563,2018-08-14T19:03:35-0400,-12.8213,0.0214
038441c925bb,2564,2018-08-14T19:03:40-0400,1.8365,0.0205
038441c925bb,2565,2018-08-14T19:03:45-0400,8.5195,0.0218
038441c925bb,2566,2018-08-14T19:03:50-0400,2.3507,0.0374
038441c925bb,2567,2018-08-14T19:03:55-0400,12.6917,0.0309
038441c925bb,2568,2018-08-14T19:04:00-0400,18.9407,0.0334
038441c925bb,2569,2018-08-14T19:04:05-0400,8.3473,0.0193
038441c925bb,2570,2018-08-14T19:04:10-0400,0.506,0.0166
038441c925bb,2571,2018-08-14T19:04:15-0400,26.9908,0.0115
038441c925bb,2572,2018-08-14T19:04:20-0400,30.7091,0.0097
038441c925bb,2573,2018-08-14T19:04:25-0400,21.0943,0.0198
038441c925bb,2574,2018-08-14T19:04:30-0400,22.6268,0.0149
038441c925bb,2575,2018-08-14T19:04:35-0400,32.2003,0.0112
038441c925bb,2576,2018-08-14T19:04:40-0400,26.8578,0.0255
038441c925bb,2577,2018-08-14T19:04:45-0400,21.8464,0.0503
038441c925bb,2578,2018-08-14T19:04:50-0400,10.1548,0.0343
038441c925bb,2579,2018-08-14T19:04:55-0400,-13.3916,0.0415
038441c925bb,2580,2018-08-14T19:05:00-0400,-21.4197,0.0681
038441c925bb,2581,2018-08-14T19:05:05-0400,-32.4845,0.0466
038441c925bb,2582,2018-08-14T19:05:10-0400,-53.3581,0.0758
038441c925bb,2583,2018-08-14T19:05:15-0400,-52.7263,0.094
038441c925bb,2584,2018-08-14T19:05:20-0400,-67.8282,0.0493
038441c925bb,2585,2018-08-14T19:05:25-0400,-50.2341,0.051
038441c925bb,2586,2018-08-14T19:05:30-0400,-28.9849,0.0182
038441c925bb,2587,2018-08-14T19:05:35-0400,-15.6847,0.0461
038441c925bb,2588,2018-08-14T19:05:40-0400,-15.383,0.0267
038441c925bb,2589,2018-08-14T19:05:45-0400,-11.7402,0.0566
038441c925bb,2590,2018-08-14T19:05:50-0400,30.1952,0.0263
038441c925bb,2591,2018-08-14T19:05:55-0400,3.9964,0.0648
038441c925bb,2592,2018-08-14T19:06:00-0400,-1.3449,0.0428
038441c925bb,2593,2018-08-14T19:06:05-0400,-2.4479,0.0386
038441c925bb,2594,2018-08-14T19:06:10-0400,-0.4713,0.04
038441c925bb,2595,2018-08-14T19:06:15-0400,-57.4288,0.0646
038441c925bb,2596,2018-08-14T19:06:20-0400,-59.0391,0.0466
038441c925bb,2597,2018-08-14T19:06:25-0400,-46.9798,0.0914
038441c925bb,2598,2018-08-14T19:06:30-0400,-29.8547,0.0552
038441c925bb,2599,2018-08-14T19:06:35-0400,-30.3509,0.0271
038441c925bb,2600,2018-08-14T19:06:40-0400,-30.3074,0.0052
038441c925bb,2601,2018-08-14T19:06:45-0400,-31.6324,0.0007
038441c925bb,2602,2018-08-14T19:06:50-0400,-32.5356,0.0006
038441c925bb,2603,2018-08-14T19:06:55-0400,-26.1761,0.005
038441c925bb,2604,2018-08-14T19:07:00-0400,-24.0655,0.0
038441c925bb,2605,2018-08-14T19:07:05-0400,-23.9237,0.0
038441c925bb,2606,2018-08-14T19:07:10-0400,-23.9967,0.0014
038441c925bb,2607,2018-08-14T19:07:15-0400,-45.2635,0.0714
038441c925bb,2608,2018-08-14T19:07:20-0400,-63.5855,0.0385
038441c925bb,2609,2018-08-14T19:07:25-0400,-49.7183,0.0635
038441c925bb,2610,2018-08-14T19:07:30-0400,-65.6806,0.0455
038441c925bb,2611,2018-08-14T19:07:35-0400,-0.9575,0.0702
038441c925bb,2612,2018-08-14T19:07:40-0400,-0.8782,0.0425
038441c925bb,2613,2018-08-14T19:07:45-0400,-1.0528,0.0429
038441c925bb,2614,2018-08-14T19:07:50-0400,-2.03,0.0741
038441c925bb,2615,2018-08-14T19:07:55-0400,-55.8,0.0715
038441c925bb,2616,2018-08-14T19:08:00-0400,-14.8844,0.0538
038441c925bb,2617,2018-08-14T19:08:05-0400,-16.4856,0.0236
038441c925bb,2618,2018-08-14T19:08:10-0400,-76.098,0.0652
038441c925bb,2619,2018-08-14T19:08:15-0400,-64.1611,0.0534
038441c925bb,2620,2018-08-14T19:08:20-0400,-68.7714,0.0613
038441c925bb,2621,2018-08-14T19:08:25-0400,-15.9394,0.0511
038441c925bb,2622,2018-08-14T19:08:30-0400,-2.008,0.0459
038441c925bb,2623,2018-08-14T19:08:35-0400,-11.4035,0.0407
038441c925bb,2624,2018-08-14T19:08:40-0400,-9.5618,0.0322
038441c925bb,2625,2018-08-14T19:08:45-0400,-48.4343,0.0485
038441c925bb,2626,2018-08-14T19:08:50-0400,-79.326,0.0261
038441c925bb,2627,2018-08-14T19:08:55-0400,-34.8291,0.0371
038441c925bb,2628,2018-08-14T19:09:00-0400,-30.6282,0.0437
038441c925bb,2629,2018-08-14T19:09:05-0400,-76.4154,0.0366
038441c925bb,2630,2018-08-14T19:09:10-0400,-81.9813,0.0157
038441c925bb,2631,2018-08-14T19:09:15-0400,-79.4966,0.0152
038441c925bb,2632,2018-08-14T19:09:20-0400,-85.0482,0.0207
038441c925bb,2633,2018-08-14T19:09:25-0400,-76.2616,0.0141
038441c925bb,2634,2018-08-14T19:09:30-0400,-70.0946,0.0148
038441c925bb,2635,2018-08-14T19:09:35-0400,-78.7883,0.0189
038441c925bb,2636,2018-08-14T19:09:40-0400,-75.521,0.0232
038441c925bb,2637,2018-08-14T19:09:45-0400,-76.9013,0.0179
038441c925bb,2638,2018-08-14T19:09:50-0400,-80.9748,0.0243
038441c925bb,2639,2018-08-14T19:09:55-0400,-62.8864,0.0483
038441c925bb,2640,2018-08-14T19:10:00-0400,-56.3539,0.0837
038441c925bb,2641,2018-08-14T19:10:05-0400,-64.1114,0.0466
038441c925bb,2642,2018-08-14T19:10:10-0400,-79.5665,0.0143
038441c925bb,2643,2018-08-14T19:10:15-0400,-79.1709,0.0368
038441c925bb,2644,2018-08-14T19:10:20-0400,-69.7854,0.146
038441c925bb,2645,2018-08-14T19:10:25-0400,-35.6396,0.1004
038441c925bb,2646,2018-08-14T19:10:30-0400,6.404,0.0426
038441c925bb,2647,2018-08-14T19:10:35-0400,26.5823,0.0915
038441c925bb,2648,2018-08-14T19:10:40-0400,20.2438,0.2878
038441c925bb,2649,2018-08-14T19:10:45-0400,-24.0763,0.1472
038441c925bb,2650,2018-08-14T19:10:50-0400,-20.5271,0.0
038441c925bb,2651,2018-08-14T19:10:55-0400,-13.7597,0.1439
038441c925bb,2652,2018-08-14T19:11:00-0400,-22.4047,0.0743
038441c925bb,2653,2018-08-14T19:11:05-0400,-1.3403,0.047
038441c925bb,2654,2018-08-14T19:11:10-0400,1.2551,0.097
038441c925bb,2655,2018-08-14T19:11:15-0400,-31.4383,0.0447
038441c925bb,2656,2018-08-14T19:11:20-0400,9.5976,0.0487
038441c925bb,2657,2018-08-14T19:11:25-0400,27.3867,0.0
038441c925bb,2658,2018-08-14T19:11:30-0400,28.5667,0.0008
038441c925bb,2659,2018-08-14T19:11:35-0400,33.6782,0.0106
038441c925bb,2660,2018-08-14T19:11:40-0400,15.592,0.022
038441c925bb,2661,2018-08-14T19:11:45-0400,0.0466,0.0304
038441c925bb,2662,2018-08-14T19:11:50-0400,-16.7185,0.1139
038441c925bb,2663,2018-08-14T19:11:55-0400,-26.7634,0.0448
038441c925bb,2664,2018-08-14T19:12:00-0400,-7.6039,0.0581
038441c925bb,2665,2018-08-14T19:12:05-0400,-2.7348,0.0518
038441c925bb,2666,2018-08-14T19:12:10-0400,-20.9751,0.0544
038441c925bb,2667,2018-08-14T19:12:15-0400,7.7355,0.0511
038441c925bb,2668,2018-08-14T19:12:20-0400,26.1678,0.0459
038441c925bb,2669,2018-08-14T19:12:25-0400,19.6189,0.0588
038441c925bb,2670,2018-08-14T19:12:30-0400,2.3584,0.0435
038441c925bb,2671,2018-08-14T19:12:35-0400,-11.9936,0.089
038441c925bb,2672,2018-08-14T19:12:40-0400,-14.6878,0.0811
038441c925bb,2673,2018-08-14T19:12:45-0400,-11.4967,0.14
038441c925bb,2674,2018-08-14T19:12:50-0400,-30.3153,0.1063
038441c925bb,2675,2018-08-14T19:12:55-0400,-1.8788,0.0744
038441c925bb,2676,2018-08-14T19:13:00-0400,-12.8143,0.0719
038441c925bb,2677,2018-08-14T19:13:05-0400,-15.2369,0.079
038441c925bb,2678,2018-08-14T19:13:10-0400,-5.0234,0.0757
038441c925bb,2679,2018-08-14T19:13:15-0400,-11.7431,0.0868
038441c925bb,2680,2018-08-14T19:13:20-0400,-17.897,0.0031
038441c925bb,2681,2018-08-14T19:13:25-0400,-8.0961,0.0158
038441c925bb,2682,2018-08-14T19:13:30-0400,-1.329,0.0393
038441c925bb,2683,2018-08-14T19:13:35-0400,2.6432,0.0485
038441c925bb,2684,2018-08-14T19:13:40-0400,-17.3491,0.0623
038441c925bb,2685,2018-08-14T19:13:45-0400,-22.1453,0.0015
038441c925bb,2686,2018-08-14T19:13:50-0400,-22.104,0.0005
038441c925bb,2687,2018-08-14T19:13:55-0400,-21.7305,0.0043
038441c925bb,2688,2018-08-14T19:14:00-0400,-23.5982,0.0002
038441c925bb,2689,2018-08-14T19:14:05-0400,-26.7417,0.0007
038441c925bb,2690,2018-08-14T19:14:10-0400,-27.5127,0.0017
038441c925bb,2691,2018-08-14T19:14:15-0400,3.6326,0.0585
038441c925bb,2692,2018-08-14T19:14:20-0400,31.7013,0.0036
038441c925bb,2693,2018-08-14T19:14:25-0400,-5.1977,0.1218
038441c925bb,2694,2018-08-14T19:14:30-0400,39.6168,0.0177
038441c925bb,2695,2018-08-14T19:14:35-0400,49.6778,0.0005
038441c925bb,2696,2018-08-14T19:14:40-0400,29.9601,0.0141
038441c925bb,2697,2018-08-14T19:14:45-0400,-4.2426,0.0876
038441c925bb,2698,2018-08-14T19:14:50-0400,6.6298,0.0224
038441c925bb,2699,2018-08-14T19:14:55-0400,2.2205,0.0251
038441c925bb,2700,2018-08-14T19:15:00-0400,-13.6525,0.0942
038441c925bb,2701,2018-08-14T19:15:05-0400,-17.0829,0.0671
038441c925bb,2702,2018-08-14T19:15:10-0400,31.456,0.0336
038441c925bb,2703,2018-08-14T19:15:15-0400,4.2956,0.0799
038441c925bb,2704,2018-08-14T19:15:20-0400,-20.1704,0.0043
038441c925bb,2705,2018-08-14T19:15:25-0400,-17.5129,0.0011
038441c925bb,2706,2018-08-14T19:15:30-0400,-16.5676,0.0059
038441c925bb,2707,2018-08-14T19:15:35-0400,49.9724,0.0332
038441c925bb,2708,2018-08-14T19:15:40-0400,35.8663,0.0331
038441c925bb,2709,2018-08-14T19:15:45-0400,-26.1429,0.0023
038441c925bb,2710,2018-08-14T19:15:50-0400,-29.3632,0.0003
038441c925bb,2711,2018-08-14T19:15:55-0400,-31.1175,0.0427
038441c925bb,2712,2018-08-14T19:16:00-0400,-2.3258,0.0892
038441c925bb,2713,2018-08-14T19:16:05-0400,1.4241,0.0305
038441c925bb,2714,2018-08-14T19:16:10-0400,24.7287,0.0528
038441c925bb,2715,2018-08-14T19:16:15-0400,10.4935,0.0829
038441c925bb,2716,2018-08-14T19:16:20-0400,16.9523,0.0287
038441c925bb,2717,2018-08-14T19:16:25-0400,42.2977,0.0151
038441c925bb,2718,2018-08-14T19:16:30-0400,40.3887,0.0237
038441c925bb,2719,2018-08-14T19:16:35-0400,7.9745,0.2319
038441c925bb,2720,2018-08-14T19:16:40-0400,-62.4809,0.0524
038441c925bb,2721,2018-08-14T19:16:45-0400,-22.1971,0.084
038441c925bb,2722,2018-08-14T19:16:50-0400,-3.8857,0.1552
038441c925bb,2723,2018-08-14T19:16:55-0400,-14.5696,0.1296
038441c925bb,2724,2018-08-14T19:17:00-0400,-52.3135,0.0839
038441c925bb,2725,2018-08-14T19:17:05-0400,-28.982,0.0707
038441c925bb,2726,2018-08-14T19:17:10-0400,-26.0871,0.149
038441c925bb,2727,2018-08-14T19:17:15-0400,-35.7492,0.1304
038441c925bb,2728,2018-08-14T19:17:20-0400,-39.359,0.0469
038441c925bb,2729,2018-08-14T19:17:25-0400,-3.0905,0.1017
038441c925bb,2730,2018-08-14T19:17:30-0400,-2.1927,0.1611
038441c925bb,2731,2018-08-14T19:17:35-0400,-28.0344,0.1421
038441c925bb,2732,2018-08-14T19:17:40-0400,-75.0195,0.0358
038441c925bb,2733,2018-08-14T19:17:45-0400,-6.9889,0.1406
038441c925bb,2734,2018-08-14T19:17:50-0400,3.5187,0.0818
038441c925bb,2735,2018-08-14T19:17:55-0400,7.6683,0.0796
038441c925bb,2736,2018-08-14T19:18:00-0400,10.361,0.0847
038441c925bb,2737,2018-08-14T19:18:05-0400,3.9323,0.0495
038441c925bb,2738,2018-08-14T19:18:10-0400,3.605,0.0464
038441c925bb,2739,2018-08-14T19:18:15-0400,-0.8392,0.0361
038441c925bb,2740,2018-08-14T19:18:20-0400,-2.6882,0.0691
038441c925bb,2741,2018-08-14T19:18:25-0400,-3.0583,0.1273
038441c925bb,2742,2018-08-14T19:18:30-0400,15.9492,0.0361
038441c925bb,2743,2018-08-14T19:18:35-0400,3.9575,0.0478
038441c925bb,2744,2018-08-14T19:18:40-0400,-17.212,0.1018
038441c925bb,2745,2018-08-14T19:18:45-0400,-26.5894,0.064
038441c925bb,2746,2018-08-14T19:18:50-0400,-10.4279,0.0605
038441c925bb,2747,2018-08-14T19:18:55-0400,-14.2038,0.06
038441c925bb,2748,2018-08-14T19:19:00-0400,-2.1724,0.0434
038441c925bb,2749,2018-08-14T19:19:05-0400,27.6684,0.0219
038441c925bb,2750,2018-08-14T19:19:10-0400,13.4208,0.0324
038441c925bb,2751,2018-08-14T19:19:15-0400,-0.6559,0.039
038441c925bb,2752,2018-08-14T19:19:20-0400,-10.6954,0.0487
038441c925bb,2753,2018-08-14T19:19:25-0400,-11.123,0.059
038441c925bb,2754,2018-08-14T19:19:30-0400,-6.5419,0.1004
038441c925bb,2755,2018-08-14T19:19:35-0400,13.3586,0.0204
038441c925bb,2756,2018-08-14T19:19:40-0400,1.4275,0.0204
038441c925bb,2757,2018-08-14T19:19:45-0400,-14.4131,0.0292
038441c925bb,2758,2018-08-14T19:19:50-0400,-20.4714,0.0054
038441c925bb,2759,2018-08-14T19:19:55-0400,-25.756,0.006
038441c925bb,2760,2018-08-14T19:20:00-0400,-30.5046,0.0245
038441c925bb,2761,2018-08-14T19:20:05-0400,-24.9772,0.0255
038441c925bb,2762,2018-08-14T19:20:10-0400,-24.2693,0.0122
038441c925bb,2763,2018-08-14T19:20:15-0400,-29.5135,0.0019
038441c925bb,2764,2018-08-14T19:20:20-0400,-30.9961,0.0183
038441c925bb,2765,2018-08-14T19:20:25-0400,-31.758,0.0096
038441c925bb,2766,2018-08-14T19:20:30-0400,2.2903,0.1058
038441c925bb,2767,2018-08-14T19:20:35-0400,7.5737,0.0623
038441c925bb,2768,2018-08-14T19:20:40-0400,1.0162,0.0566
038441c925bb,2769,2018-08-14T19:20:45-0400,22.9169,0.0344
038441c925bb,2770,2018-08-14T19:20:50-0400,24.871,0.0268
038441c925bb,2771,2018-08-14T19:20:55-0400,16.9574,0.0881
038441c925bb,2772,2018-08-14T19:21:00-0400,-13.1819,0.0224
038441c925bb,2773,2018-08-14T19:21:05-0400,-5.2112,0.0458
038441c925bb,2774,2018-08-14T19:21:10-0400,14.7627,0.0455
038441c925bb,2775,2018-08-14T19:21:15-0400,17.2212,0.0201
038441c925bb,2776,2018-08-14T19:21:20-0400,11.6604,0.0228
038441c925bb,2777,2018-08-14T19:21:25-0400,8.2513,0.0322
038441c925bb,2778,2018-08-14T19:21:30-0400,-10.3402,0.1303
038441c925bb,2779,2018-08-14T19:21:35-0400,-11.752,0.1733
038441c925bb,2780,2018-08-14T19:21:40-0400,-8.2185,0.0349
038441c925bb,2781,2018-08-14T19:21:45-0400,-25.2817,0.1241
038441c925bb,2782,2018-08-14T19:21:50-0400,-30.5318,0.0812
038441c925bb,2783,2018-08-14T19:21:55-0400,-1.3237,0.0723
038441c925bb,2784,2018-08-14T19:22:00-0400,-6.8531,0.0941
038441c925bb,2785,2018-08-14T19:22:05-0400,19.9052,0.0441
038441c925bb,2786,2018-08-14T19:22:10-0400,11.6774,0.0659
038441c925bb,2787,2018-08-14T19:22:15-0400,-6.5074,0.1133
038441c925bb,2788,2018-08-14T19:22:20-0400,-8.3789,0.1451
038441c925bb,2789,2018-08-14T19:22:25-0400,-2.972,0.1616
038441c925bb,2790,2018-08-14T19:22:30-0400,-0.7328,0.0711
038441c925bb,2791,2018-08-14T19:22:35-0400,1.8229,0.0502
038441c925bb,2792,2018-08-14T19:22:40-0400,-6.7419,0.0583
038441c925bb,2793,2018-08-14T19:22:45-0400,-17.9769,0.0571
038441c925bb,2794,2018-08-14T19:22:50-0400,-39.0504,0.0401
038441c925bb,2795,2018-08-14T19:22:55-0400,-23.0084,0.1189
038441c925bb,2796,2018-08-14T19:23:00-0400,8.1572,0.1552
038441c925bb,2797,2018-08-14T19:23:05-0400,-15.8732,0.0961
038441c925bb,2798,2018-08-14T19:23:10-0400,-8.4192,0.0852
038441c925bb,2799,2018-08-14T19:23:15-0400,-6.7415,0.0984
038441c925bb,2800,2018-08-14T19:23:20-0400,-8.6818,0.0326
038441c925bb,2801,2018-08-14T19:23:25-0400,-8.0029,0.0489
038441c925bb,2802,2018-08-14T19:23:30-0400,-4.0095,0.0999
038441c925bb,2803,2018-08-14T19:23:35-0400,-9.7088,0.0581
038441c925bb,2804,2018-08-14T19:23:40-0400,-28.4347,0.1414
038441c925bb,2805,2018-08-14T19:23:45-0400,-29.3699,0.0535
038441c925bb,2806,2018-08-14T19:23:50-0400,-36.9839,0.0495
038441c925bb,2807,2018-08-14T19:23:55-0400,-50.7729,0.1905
038441c925bb,2808,2018-08-14T19:24:00-0400,-55.1134,0.0435
038441c925bb,2809,2018-08-14T19:24:05-0400,-53.8893,0.0023
038441c925bb,2810,2018-08-14T19:24:10-0400,-7.3874,0.0481
038441c925bb,2811,2018-08-14T19:24:15-0400,17.6511,0.0511
038441c925bb,2812,2018-08-14T19:24:20-0400,-75.7989,0.038
038441c925bb,2813,2018-08-14T19:24:25-0400,23.8301,0.0613
038441c925bb,2814,2018-08-14T19:24:30-0400,27.3703,0.0566
038441c925bb,2815,2018-08-14T19:24:35-0400,-26.6192,0.0815
038441c925bb,2816,2018-08-14T19:24:40-0400,35.7611,0.1414
038441c925bb,2817,2018-08-14T19:24:45-0400,-44.9724,0.1675
038441c925bb,2818,2018-08-14T19:24:50-0400,-78.6176,0.0433
038441c925bb,2819,2018-08-14T19:24:55-0400,-58.4219,0.0513
038441c925bb,2820,2018-08-14T19:25:00-0400,-28.8707,0.0557
038441c925bb,2821,2018-08-14T19:25:05-0400,-27.8404,0.0296
038441c925bb,2822,2018-08-14T19:25:10-0400,-35.0515,0.0391
038441c925bb,2823,2018-08-14T19:25:15-0400,-53.6536,0.0478
038441c925bb,2824,2018-08-14T19:25:20-0400,-33.6966,0.143
038441c925bb,2825,2018-08-14T19:25:25-0400,3.8423,0.0609
038441c925bb,2826,2018-08-14T19:25:30-0400,-1.2445,0.0465
038441c925bb,2827,2018-08-14T19:25:35-0400,-38.2528,0.0831
038441c925bb,2828,2018-08-14T19:25:40-0400,-7.1711,0.0373
038441c925bb,2829,2018-08-14T19:25:45-0400,4.8734,0.0188
038441c925bb,2830,2018-08-14T19:25:50-0400,-15.3135,0.073
038441c925bb,2831,2018-08-14T19:25:55-0400,-79.8569,0.0496
038441c925bb,2832,2018-08-14T19:26:00-0400,-87.1505,0.0161
038441c925bb,2833,2018-08-14T19:26:05-0400,-89.4035,0.0221
038441c925bb,2834,2018-08-14T19:26:10-0400,-87.7952,0.0261
038441c925bb,2835,2018-08-14T19:26:15-0400,-82.7161,0.0386
038441c925bb,2836,2018-08-14T19:26:20-0400,-44.0974,0.0402
038441c925bb,2837,2018-08-14T19:26:25-0400,34.8188,0.0959
038441c925bb,2838,2018-08-14T19:26:30-0400,78.8871,0.0144
038441c925bb,2839,2018-08-14T19:26:35-0400,7.6567,0.1684
038441c925bb,2840,2018-08-14T19:26:40-0400,-1.1648,0.0982
038441c925bb,2841,2018-08-14T19:26:45-0400,2.6716,0.03
038441c925bb,2842,2018-08-14T19:26:50-0400,-14.5781,0.1148
038441c925bb,2843,2018-08-14T19:26:55-0400,1.2658,0.0946
038441c925bb,2844,2018-08-14T19:27:00-0400,5.3976,0.0934
038441c925bb,2845,2018-08-14T19:27:05-0400,-1.8657,0.1839
038441c925bb,2846,2018-08-14T19:27:10-0400,-0.9994,0.127
038441c925bb,2847,2018-08-14T19:27:15-0400,-3.2657,0.1985
038441c925bb,2848,2018-08-14T19:27:20-0400,1.3147,0.1739
038441c925bb,2849,2018-08-14T19:27:25-0400,-6.676,0.1545
038441c925bb,2850,2018-08-14T19:27:30-0400,-3.7676,0.1109
038441c925bb,2851,2018-08-14T19:27:35-0400,-8.4498,0.2179
038441c925bb,2852,2018-08-14T19:27:40-0400,-40.7122,0.1225
038441c925bb,2853,2018-08-14T19:27:45-0400,-40.4521,0.0863
038441c925bb,2854,2018-08-14T19:27:50-0400,26.1281,0.0346
038441c925bb,2855,2018-08-14T19:27:55-0400,14.3793,0.1385
038441c925bb,2856,2018-08-14T19:28:00-0400,15.5679,0.1515
038441c925bb,2857,2018-08-14T19:28:05-0400,45.8071,0.1387
038441c925bb,2858,2018-08-14T19:28:10-0400,-11.238,0.0482
038441c925bb,2859,2018-08-14T19:28:15-0400,-7.1843,0.0731
038441c925bb,2860,2018-08-14T19:28:20-0400,3.05,0.0393
038441c925bb,2861,2018-08-14T19:28:25-0400,39.0442,0.0549
038441c925bb,2862,2018-08-14T19:28:30-0400,39.9901,0.0328
038441c925bb,2863,2018-08-14T19:28:35-0400,12.5507,0.064
038441c925bb,2864,2018-08-14T19:28:40-0400,-5.9385,0.0561
038441c925bb,2865,2018-08-14T19:28:45-0400,-4.6779,0.0595
038441c925bb,2866,2018-08-14T19:28:50-0400,13.6163,0.0353
038441c925bb,2867,2018-08-14T19:28:55-0400,5.5389,0.0584
038441c925bb,2868,2018-08-14T19:29:00-0400,5.4428,0.0381
038441c925bb,2869,2018-08-14T19:29:05-0400,3.1242,0.0829
038441c925bb,2870,2018-08-14T19:29:10-0400,-10.639,0.0807
038441c925bb,2871,2018-08-14T19:29:15-0400,6.3433,0.0373
038441c925bb,2872,2018-08-14T19:29:20-0400,10.4492,0.0209
038441c925bb,2873,2018-08-14T19:29:25-0400,28.3965,0.03
038441c925bb,2874,2018-08-14T19:29:30-0400,36.1406,0.0003
038441c925bb,2875,2018-08-14T19:29:35-0400,8.4539,0.058
038441c925bb,2876,2018-08-14T19:29:40-0400,-37.1958,0.0018
038441c925bb,2877,2018-08-14T19:29:45-0400,-42.3861,0.0025
038441c925bb,2878,2018-08-14T19:29:50-0400,-46.4584,0.0024
038441c925bb,2879,2018-08-14T19:29:55-0400,-49.1359,0.0018
038441c925bb,2880,2018-08-14T19:30:00-0400,-20.0216,0.0402
038441c925bb,2881,2018-08-14T19:30:05-0400,36.9678,0.0
038441c925bb,2882,2018-08-14T19:30:10-0400,70.6954,0.0102
038441c925bb,2883,2018-08-14T19:30:15-0400,81.5967,0.0042
038441c925bb,2884,2018-08-14T19:30:20-0400,50.5451,0.0422
038441c925bb,2885,2018-08-14T19:30:25-0400,-28.042,0.0439
038441c925bb,2886,2018-08-14T19:30:30-0400,1.5208,0.0352
038441c925bb,2887,2018-08-14T19:30:35-0400,38.0715,0.0404
038441c925bb,2888,2018-08-14T19:30:40-0400,60.5697,0.0181
038441c925bb,2889,2018-08-14T19:30:45-0400,73.3267,0.0291
038441c925bb,2890,2018-08-14T19:30:50-0400,17.6829,0.066
038441c925bb,2891,2018-08-14T19:30:55-0400,-51.2129,0.0507
038441c925bb,2892,2018-08-14T19:31:00-0400,18.8827,0.094
038441c925bb,2893,2018-08-14T19:31:05-0400,46.2181,0.0004
038441c925bb,2894,2018-08-14T19:31:10-0400,56.8986,0.0066
038441c925bb,2895,2018-08-14T19:31:15-0400,71.3463,0.0107
038441c925bb,2896,2018-08-14T19:31:20-0400,63.3603,0.0048
038441c925bb,2897,2018-08-14T19:31:25-0400,52.7169,0.0289
038441c925bb,2898,2018-08-14T19:31:30-0400,44.3662,0.0686
038441c925bb,2899,2018-08-14T19:31:35-0400,52.5228,0.0025
038441c925bb,2900,2018-08-14T19:31:40-0400,50.747,0.0183
038441c925bb,2901,2018-08-14T19:31:45-0400,48.52,0.0206
038441c925bb,2902,2018-08-14T19:31:50-0400,50.2238,0.0323
038441c925bb,2903,2018-08-14T19:31:55-0400,50.3233,0.0198
038441c925bb,2904,2018-08-14T19:32:00-0400,49.0073,0.0385
038441c925bb,2905,2018-08-14T19:32:05-0400,47.1092,0.0122
038441c925bb,2906,2018-08-14T19:32:10-0400,47.2745,0.0061
038441c925bb,2907,2018-08-14T19:32:15-0400,46.364,0.0011
038441c925bb,2908,2018-08-14T19:32:20-0400,46.3537,0.0147
038441c925bb,2909,2018-08-14T19:32:25-0400,49.6118,0.0201
038441c925bb,2910,2018-08-14T19:32:30-0400,49.3085,0.0122
038441c925bb,2911,2018-08-14T19:32:35-0400,48.8754,0.0273
038441c925bb,2912,2018-08-14T19:32:40-0400,49.2533,0.0018
038441c925bb,2913,2018-08-14T19:32:45-0400,48.6634,0.0027
038441c925bb,2914,2018-08-14T19:32:50-0400,48.1206,0.0282
038441c925bb,2915,2018-08-14T19:32:55-0400,47.9545,0.0249
038441c925bb,2916,2018-08-14T19:33:00-0400,45.4914,0.0178
038441c925bb,2917,2018-08-14T19:33:05-0400,48.1869,0.0
038441c925bb,2918,2018-08-14T19:33:10-0400,51.0569,0.0514
038441c925bb,2919,2018-08-14T19:33:15-0400,51.699,0.0927
038441c925bb,2920,2018-08-14T19:33:20-0400,49.0564,0.0908
038441c925bb,2921,2018-08-14T19:33:25-0400,50.4013,0.0717
038441c925bb,2922,2018-08-14T19:33:30-0400,46.7212,0.03
038441c925bb,2923,2018-08-14T19:33:35-0400,30.4335,0.0574
038441c925bb,2924,2018-08-14T19:33:40-0400,-69.7101,0.0063
038441c925bb,2925,2018-08-14T19:33:45-0400,-69.5138,0.0144
038441c925bb,2926,2018-08-14T19:33:50-0400,1.7212,0.0266
038441c925bb,2927,2018-08-14T19:33:55-0400,21.785,0.0116
038441c925bb,2928,2018-08-14T19:34:00-0400,28.7561,0.0011
038441c925bb,2929,2018-08-14T19:34:05-0400,0.6577,0.0288
038441c925bb,2930,2018-08-14T19:34:10-0400,-10.8739,0.0825
038441c925bb,2931,2018-08-14T19:34:15-0400,-7.0068,0.113
038441c925bb,2932,2018-08-14T19:34:20-0400,-7.3037,0.1352
038441c925bb,2933,2018-08-14T19:34:25-0400,-7.6152,0.143
038441c925bb,2934,2018-08-14T19:34:30-0400,-7.488,0.1211
038441c925bb,2935,2018-08-14T19:34:35-0400,-10.7594,0.1169
038441c925bb,2936,2018-08-14T19:34:40-0400,-10.0511,0.1219
038441c925bb,2937,2018-08-14T19:34:45-0400,-10.131,0.1138
038441c925bb,2938,2018-08-14T19:34:50-0400,-8.3982,0.148
038441c925bb,2939,2018-08-14T19:34:55-0400,-8.2188,0.1199
038441c925bb,2940,2018-08-14T19:35:00-0400,-10.1774,0.1185
038441c925bb,2941,2018-08-14T19:35:05-0400,-10.8631,0.1399
038441c925bb,2942,2018-08-14T19:35:10-0400,-11.264,0.1219
038441c925bb,2943,2018-08-14T19:35:15-0400,-9.3067,0.1015
038441c925bb,2944,2018-08-14T19:35:20-0400,-10.3731,0.1168
038441c925bb,2945,2018-08-14T19:35:25-0400,-9.9214,0.1099
038441c925bb,2946,2018-08-14T19:35:30-0400,-9.8711,0.1279
038441c925bb,2947,2018-08-14T19:35:35-0400,-9.143,0.125
038441c925bb,2948,2018-08-14T19:35:40-0400,-10.3628,0.1122
038441c925bb,2949,2018-08-14T19:35:45-0400,-9.7632,0.1114
038441c925bb,2950,2018-08-14T19:35:50-0400,-9.1334,0.1192
038441c925bb,2951,2018-08-14T19:35:55-0400,-9.4932,0.103
038441c925bb,2952,2018-08-14T19:36:00-0400,-10.6926,0.1091
038441c925bb,2953,2018-08-14T19:36:05-0400,-10.1916,0.1094
038441c925bb,2954,2018-08-14T19:36:10-0400,-10.3394,0.1215
038441c925bb,2955,2018-08-14T19:36:15-0400,-10.1267,0.1169
038441c925bb,2956,2018-08-14T19:36:20-0400,-10.9052,0.1143
038441c925bb,2957,2018-08-14T19:36:25-0400,-11.5238,0.1331
038441c925bb,2958,2018-08-14T19:36:30-0400,-11.2734,0.1156
038441c925bb,2959,2018-08-14T19:36:35-0400,-12.0651,0.0614
038441c925bb,2960,2018-08-14T19:36:40-0400,-10.3613,0.015
038441c925bb,2961,2018-08-14T19:36:45-0400,-9.3719,0.0036
038441c925bb,2962,2018-08-14T19:36:50-0400,-9.4125,0.0002
038441c925bb,2963,2018-08-14T19:36:55-0400,-11.1363,0.0
038441c925bb,2964,2018-08-14T19:37:00-0400,-7.0606,0.0011
038441c925bb,2965,2018-08-14T19:37:05-0400,-6.4182,0.0
038441c925bb,2966,2018-08-14T19:37:10-0400,-8.0182,0.002
038441c925bb,2967,2018-08-14T19:37:15-0400,-9.4349,0.0
038441c925bb,2968,2018-08-14T19:37:20-0400,-10.0247,0.0
038441c925bb,2969,2018-08-14T19:37:25-0400,-10.6292,0.0002
038441c925bb,2970,2018-08-14T19:37:30-0400,-10.6929,0.0
038441c925bb,2971,2018-08-14T19:37:35-0400,-9.961,0.0005
038441c925bb,2972,2018-08-14T19:37:40-0400,-9.7467,1e-04
038441c925bb,2973,2018-08-14T19:37:45-0400,-9.8025,0.0428
038441c925bb,2974,2018-08-14T19:37:50-0400,-9.5837,0.1149
038441c925bb,2975,2018-08-14T19:37:55-0400,-11.6439,0.1191
038441c925bb,2976,2018-08-14T19:38:00-0400,-11.5467,0.0888
038441c925bb,2977,2018-08-14T19:38:05-0400,-7.1429,0.0096
038441c925bb,2978,2018-08-14T19:38:10-0400,-8.5734,0.004
038441c925bb,2979,2018-08-14T19:38:15-0400,-9.6412,0.0197
038441c925bb,2980,2018-08-14T19:38:20-0400,-11.7312,0.0
038441c925bb,2981,2018-08-14T19:38:25-0400,-11.3085,0.0003
038441c925bb,2982,2018-08-14T19:38:30-0400,-10.8637,0.025
038441c925bb,2983,2018-08-14T19:38:35-0400,-10.7302,0.0093
038441c925bb,2984,2018-08-14T19:38:40-0400,-8.3162,0.0159
038441c925bb,2985,2018-08-14T19:38:45-0400,-8.2439,0.0381
038441c925bb,2986,2018-08-14T19:38:50-0400,-9.4792,0.1169
038441c925bb,2987,2018-08-14T19:38:55-0400,-2.0037,0.026
038441c925bb,2988,2018-08-14T19:39:00-0400,-5.557,0.0401
038441c925bb,2989,2018-08-14T19:39:05-0400,-24.1975,0.0568
038441c925bb,2990,2018-08-14T19:39:10-0400,-41.6655,0.0184
038441c925bb,2991,2018-08-14T19:39:15-0400,-33.6617,0.0606
038441c925bb,2992,2018-08-14T19:39:20-0400,-16.9092,1e-04
038441c925bb,2993,2018-08-14T19:39:25-0400,-16.8355,0.0
038441c925bb,2994,2018-08-14T19:39:30-0400,-16.7969,0.0046
038441c925bb,2995,2018-08-14T19:39:35-0400,50.0429,0.0139
038441c925bb,2996,2018-08-14T19:39:40-0400,62.7136,0.0003
038441c925bb,2997,2018-08-14T19:39:45-0400,64.2313,0.0
038441c925bb,2998,2018-08-14T19:39:50-0400,66.9411,0.0048
038441c925bb,2999,2018-08-14T19:39:55-0400,71.128,0.022
038441c925bb,3000,2018-08-14T19:40:00-0400,71.3292,0.0094
038441c925bb,3001,2018-08-14T19:40:05-0400,75.6185,0.015
038441c925bb,3002,2018-08-14T19:40:10-0400,79.332,0.0092
038441c925bb,3003,2018-08-14T19:40:15-0400,80.9151,0.0074
038441c925bb,3004,2018-08-14T19:40:20-0400,80.8886,0.0056
038441c925bb,3005,2018-08-14T19:40:25-0400,80.6352,0.0052
038441c925bb,3006,2018-08-14T19:40:30-0400,80.9688,0.0125
038441c925bb,3007,2018-08-14T19:40:35-0400,79.8268,0.0208
038441c925bb,3008,2018-08-14T19:40:40-0400,78.9653,0.0185
038441c925bb,3009,2018-08-14T19:40:45-0400,76.6485,0.0029
038441c925bb,3010,2018-08-14T19:40:50-0400,77.2523,0.0046
038441c925bb,3011,2018-08-14T19:40:55-0400,77.8415,0.0173
038441c925bb,3012,2018-08-14T19:41:00-0400,80.6507,0.0102
038441c925bb,3013,2018-08-14T19:41:05-0400,79.8366,0.0014
038441c925bb,3014,2018-08-14T19:41:10-0400,80.9591,0.0014
038441c925bb,3015,2018-08-14T19:41:15-0400,79.1143,0.0014
038441c925bb,3016,2018-08-14T19:41:20-0400,81.3058,0.0007
038441c925bb,3017,2018-08-14T19:41:25-0400,80.4983,1e-04
038441c925bb,3018,2018-08-14T19:41:30-0400,80.4804,0.0
038441c925bb,3019,2018-08-14T19:41:35-0400,80.4683,0.0
038441c925bb,3020,2018-08-14T19:41:40-0400,80.2906,0.0
038441c925bb,3021,2018-08-14T19:41:45-0400,80.4182,0.0
038441c925bb,3022,2018-08-14T19:41:50-0400,80.327,0.0
038441c925bb,3023,2018-08-14T19:41:55-0400,77.2366,0.0019
038441c925bb,3024,2018-08-14T19:42:00-0400,79.0326,0.0058
038441c925bb,3025,2018-08-14T19:42:05-0400,77.9359,0.0109
038441c925bb,3026,2018-08-14T19:42:10-0400,78.3863,0.0105
038441c925bb,3027,2018-08-14T19:42:15-0400,79.9844,0.0036
038441c925bb,3028,2018-08-14T19:42:20-0400,75.7006,0.0138
038441c925bb,3029,2018-08-14T19:42:25-0400,79.5157,0.0083
038441c925bb,3030,2018-08-14T19:42:30-0400,81.1927,0.0071
038441c925bb,3031,2018-08-14T19:42:35-0400,77.9496,0.0171
038441c925bb,3032,2018-08-14T19:42:40-0400,76.8656,0.0332
038441c925bb,3033,2018-08-14T19:42:45-0400,73.7584,0.0284
038441c925bb,3034,2018-08-14T19:42:50-0400,69.421,0.0274
038441c925bb,3035,2018-08-14T19:42:55-0400,76.493,0.016
038441c925bb,3036,2018-08-14T19:43:00-0400,78.2644,0.0312
038441c925bb,3037,2018-08-14T19:43:05-0400,79.2399,0.0102
038441c925bb,3038,2018-08-14T19:43:10-0400,77.0128,0.0021
038441c925bb,3039,2018-08-14T19:43:15-0400,76.3262,0.0
038441c925bb,3040,2018-08-14T19:43:20-0400,76.3459,0.0
038441c925bb,3041,2018-08-14T19:43:25-0400,76.2931,0.0
038441c925bb,3042,2018-08-14T19:43:30-0400,75.2947,0.0016
038441c925bb,3043,2018-08-14T19:43:35-0400,74.4892,0.004
038441c925bb,3044,2018-08-14T19:43:40-0400,74.3973,0.0157
038441c925bb,3045,2018-08-14T19:43:45-0400,72.8448,0.0255
038441c925bb,3046,2018-08-14T19:43:50-0400,73.479,0.0107
038441c925bb,3047,2018-08-14T19:43:55-0400,73.0662,0.0052
038441c925bb,3048,2018-08-14T19:44:00-0400,75.2668,0.0058
038441c925bb,3049,2018-08-14T19:44:05-0400,73.5642,0.0032
038441c925bb,3050,2018-08-14T19:44:10-0400,72.4841,1e-04
038441c925bb,3051,2018-08-14T19:44:15-0400,72.436,0.0
038441c925bb,3052,2018-08-14T19:44:20-0400,72.3491,0.0
038441c925bb,3053,2018-08-14T19:44:25-0400,72.3297,0.0
038441c925bb,3054,2018-08-14T19:44:30-0400,72.1091,1e-04
038441c925bb,3055,2018-08-14T19:44:35-0400,72.0033,1e-04
038441c925bb,3056,2018-08-14T19:44:40-0400,71.9665,0.0
038441c925bb,3057,2018-08-14T19:44:45-0400,71.6407,1e-04
038441c925bb,3058,2018-08-14T19:44:50-0400,71.5035,0.0
038441c925bb,3059,2018-08-14T19:44:55-0400,70.5546,0.0004
038441c925bb,3060,2018-08-14T19:45:00-0400,68.7203,0.0044
038441c925bb,3061,2018-08-14T19:45:05-0400,70.6878,0.0088
038441c925bb,3062,2018-08-14T19:45:10-0400,73.5742,0.0135
038441c925bb,3063,2018-08-14T19:45:15-0400,73.2971,0.0146
038441c925bb,3064,2018-08-14T19:45:20-0400,70.345,0.007
038441c925bb,3065,2018-08-14T19:45:25-0400,69.8065,0.007
038441c925bb,3066,2018-08-14T19:45:30-0400,73.3109,0.0151
038441c925bb,3067,2018-08-14T19:45:35-0400,75.7564,0.0115
038441c925bb,3068,2018-08-14T19:45:40-0400,74.2181,0.0027
038441c925bb,3069,2018-08-14T19:45:45-0400,72.2607,0.0024
038441c925bb,3070,2018-08-14T19:45:50-0400,73.0384,0.0016
038441c925bb,3071,2018-08-14T19:45:55-0400,72.5864,0.0
038441c925bb,3072,2018-08-14T19:46:00-0400,72.7083,1e-04
038441c925bb,3073,2018-08-14T19:46:05-0400,71.5064,0.0011
038441c925bb,3074,2018-08-14T19:46:10-0400,68.0437,0.0106
038441c925bb,3075,2018-08-14T19:46:15-0400,75.7349,0.005
038441c925bb,3076,2018-08-14T19:46:20-0400,75.4444,0.0281
038441c925bb,3077,2018-08-14T19:46:25-0400,69.5762,0.0129
038441c925bb,3078,2018-08-14T19:46:30-0400,72.2778,0.0272
038441c925bb,3079,2018-08-14T19:46:35-0400,75.4759,0.0101
038441c925bb,3080,2018-08-14T19:46:40-0400,75.2204,0.0141
038441c925bb,3081,2018-08-14T19:46:45-0400,69.823,0.0085
038441c925bb,3082,2018-08-14T19:46:50-0400,71.3575,0.0097
038441c925bb,3083,2018-08-14T19:46:55-0400,72.0462,0.0106
038441c925bb,3084,2018-08-14T19:47:00-0400,72.4972,0.0155
038441c925bb,3085,2018-08-14T19:47:05-0400,72.8341,0.0153
038441c925bb,3086,2018-08-14T19:47:10-0400,72.9151,0.0109
038441c925bb,3087,2018-08-14T19:47:15-0400,71.9937,0.0199
038441c925bb,3088,2018-08-14T19:47:20-0400,72.1664,0.0254
038441c925bb,3089,2018-08-14T19:47:25-0400,72.3551,0.0134
038441c925bb,3090,2018-08-14T19:47:30-0400,73.0279,0.0137
038441c925bb,3091,2018-08-14T19:47:35-0400,74.526,0.0139
038441c925bb,3092,2018-08-14T19:47:40-0400,74.5714,0.0111
038441c925bb,3093,2018-08-14T19:47:45-0400,72.5811,0.0186
038441c925bb,3094,2018-08-14T19:47:50-0400,74.2626,0.0105
038441c925bb,3095,2018-08-14T19:47:55-0400,73.8473,0.0201
038441c925bb,3096,2018-08-14T19:48:00-0400,73.5494,0.0103
038441c925bb,3097,2018-08-14T19:48:05-0400,74.2442,0.023
038441c925bb,3098,2018-08-14T19:48:10-0400,71.5056,0.0268
038441c925bb,3099,2018-08-14T19:48:15-0400,68.5416,0.0232
038441c925bb,3100,2018-08-14T19:48:20-0400,68.635,0.0132
038441c925bb,3101,2018-08-14T19:48:25-0400,71.7114,0.018
038441c925bb,3102,2018-08-14T19:48:30-0400,70.6059,0.0129
038441c925bb,3103,2018-08-14T19:48:35-0400,69.6665,0.0133
038441c925bb,3104,2018-08-14T19:48:40-0400,72.0755,0.0166
038441c925bb,3105,2018-08-14T19:48:45-0400,68.7874,0.0173
038441c925bb,3106,2018-08-14T19:48:50-0400,68.2918,0.0272
038441c925bb,3107,2018-08-14T19:48:55-0400,70.0568,0.0211
038441c925bb,3108,2018-08-14T19:49:00-0400,66.6649,0.0253
038441c925bb,3109,2018-08-14T19:49:05-0400,67.4896,0.0189
038441c925bb,3110,2018-08-14T19:49:10-0400,68.0538,0.023
038441c925bb,3111,2018-08-14T19:49:15-0400,67.5975,0.0171
038441c925bb,3112,2018-08-14T19:49:20-0400,68.5907,0.0236
038441c925bb,3113,2018-08-14T19:49:25-0400,69.13,0.0197
038441c925bb,3114,2018-08-14T19:49:30-0400,69.3639,0.0158
038441c925bb,3115,2018-08-14T19:49:35-0400,47.541,0.0168
038441c925bb,3116,2018-08-14T19:49:40-0400,41.4463,0.0156
038441c925bb,3117,2018-08-14T19:49:45-0400,52.3761,0.0073
038441c925bb,3118,2018-08-14T19:49:50-0400,49.4363,0.0156
038441c925bb,3119,2018-08-14T19:49:55-0400,52.1582,0.0188
038441c925bb,3120,2018-08-14T19:50:00-0400,53.965,0.014
038441c925bb,3121,2018-08-14T19:50:05-0400,60.876,0.0176
038441c925bb,3122,2018-08-14T19:50:10-0400,59.4588,0.0185
038441c925bb,3123,2018-08-14T19:50:15-0400,62.8707,0.0132
038441c925bb,3124,2018-08-14T19:50:20-0400,62.7497,0.0154
038441c925bb,3125,2018-08-14T19:50:25-0400,61.8381,0.036
038441c925bb,3126,2018-08-14T19:50:30-0400,59.0373,0.0119
038441c925bb,3127,2018-08-14T19:50:35-0400,61.4315,0.0091
038441c925bb,3128,2018-08-14T19:50:40-0400,59.2162,0.003
038441c925bb,3129,2018-08-14T19:50:45-0400,61.4163,0.0096
038441c925bb,3130,2018-08-14T19:50:50-0400,61.4487,0.0004
038441c925bb,3131,2018-08-14T19:50:55-0400,62.5578,0.0019
038441c925bb,3132,2018-08-14T19:51:00-0400,65.1341,0.0006
038441c925bb,3133,2018-08-14T19:51:05-0400,64.5263,0.0038
038441c925bb,3134,2018-08-14T19:51:10-0400,63.5481,0.0002
038441c925bb,3135,2018-08-14T19:51:15-0400,63.474,0.0013
038441c925bb,3136,2018-08-14T19:51:20-0400,63.7602,0.0007
038441c925bb,3137,2018-08-14T19:51:25-0400,65.3644,0.0021
038441c925bb,3138,2018-08-14T19:51:30-0400,64.1704,0.0068
038441c925bb,3139,2018-08-14T19:51:35-0400,65.6187,0.0009
038441c925bb,3140,2018-08-14T19:51:40-0400,65.7623,0.0051
038441c925bb,3141,2018-08-14T19:51:45-0400,66.2505,0.0012
038441c925bb,3142,2018-08-14T19:51:50-0400,65.6311,0.0071
038441c925bb,3143,2018-08-14T19:51:55-0400,63.4368,0.0033
038441c925bb,3144,2018-08-14T19:52:00-0400,65.4062,0.0068
038441c925bb,3145,2018-08-14T19:52:05-0400,65.925,0.0024
038441c925bb,3146,2018-08-14T19:52:10-0400,64.973,0.0123
038441c925bb,3147,2018-08-14T19:52:15-0400,65.389,0.0038
038441c925bb,3148,2018-08-14T19:52:20-0400,64.5595,0.0093
038441c925bb,3149,2018-08-14T19:52:25-0400,66.2698,0.0056
038441c925bb,3150,2018-08-14T19:52:30-0400,66.5018,0.0044
038441c925bb,3151,2018-08-14T19:52:35-0400,66.0052,0.0233
038441c925bb,3152,2018-08-14T19:52:40-0400,66.5551,0.0183
038441c925bb,3153,2018-08-14T19:52:45-0400,66.5199,0.0242
038441c925bb,3154,2018-08-14T19:52:50-0400,67.5924,0.0095
038441c925bb,3155,2018-08-14T19:52:55-0400,67.2263,0.0016
038441c925bb,3156,2018-08-14T19:53:00-0400,62.2459,0.0013
038441c925bb,3157,2018-08-14T19:53:05-0400,63.8435,0.016
038441c925bb,3158,2018-08-14T19:53:10-0400,68.1972,0.0198
038441c925bb,3159,2018-08-14T19:53:15-0400,66.8756,0.0322
038441c925bb,3160,2018-08-14T19:53:20-0400,65.0676,0.0239
038441c925bb,3161,2018-08-14T19:53:25-0400,63.9443,0.0079
038441c925bb,3162,2018-08-14T19:53:30-0400,63.6297,0.0021
038441c925bb,3163,2018-08-14T19:53:35-0400,63.5703,0.0069
038441c925bb,3164,2018-08-14T19:53:40-0400,65.325,0.0061
038441c925bb,3165,2018-08-14T19:53:45-0400,64.9544,0.0049
038441c925bb,3166,2018-08-14T19:53:50-0400,64.6253,0.0089
038441c925bb,3167,2018-08-14T19:53:55-0400,66.4872,0.0099
038441c925bb,3168,2018-08-14T19:54:00-0400,66.2529,0.0051
038441c925bb,3169,2018-08-14T19:54:05-0400,67.3909,0.0058
038441c925bb,3170,2018-08-14T19:54:10-0400,67.3967,0.0063
038441c925bb,3171,2018-08-14T19:54:15-0400,67.1477,0.0032
038441c925bb,3172,2018-08-14T19:54:20-0400,65.3887,0.0065
038441c925bb,3173,2018-08-14T19:54:25-0400,65.5682,0.0023
038441c925bb,3174,2018-08-14T19:54:30-0400,65.004,0.0025
038441c925bb,3175,2018-08-14T19:54:35-0400,67.3044,0.0026
038441c925bb,3176,2018-08-14T19:54:40-0400,67.9802,0.0053
038441c925bb,3177,2018-08-14T19:54:45-0400,71.0648,0.0082
038441c925bb,3178,2018-08-14T19:54:50-0400,71.0588,0.0055
038441c925bb,3179,2018-08-14T19:54:55-0400,69.5211,0.0056
038441c925bb,3180,2018-08-14T19:55:00-0400,68.5624,0.007
038441c925bb,3181,2018-08-14T19:55:05-0400,67.8658,0.0013
038441c925bb,3182,2018-08-14T19:55:10-0400,67.439,0.0022
038441c925bb,3183,2018-08-14T19:55:15-0400,68.8826,0.0022
038441c925bb,3184,2018-08-14T19:55:20-0400,70.2861,0.001
038441c925bb,3185,2018-08-14T19:55:25-0400,70.7605,0.0018
038441c925bb,3186,2018-08-14T19:55:30-0400,67.2695,0.0049
038441c925bb,3187,2018-08-14T19:55:35-0400,69.3894,0.0042
038441c925bb,3188,2018-08-14T19:55:40-0400,65.6554,0.0108
038441c925bb,3189,2018-08-14T19:55:45-0400,64.7939,0.0064
038441c925bb,3190,2018-08-14T19:55:50-0400,66.2367,0.022
038441c925bb,3191,2018-08-14T19:55:55-0400,66.5373,0.0099
038441c925bb,3192,2018-08-14T19:56:00-0400,65.4716,0.008
038441c925bb,3193,2018-08-14T19:56:05-0400,67.2259,0.0059
038441c925bb,3194,2018-08-14T19:56:10-0400,67.3122,0.0226
038441c925bb,3195,2018-08-14T19:56:15-0400,65.7151,0.019
038441c925bb,3196,2018-08-14T19:56:20-0400,67.937,0.0069
038441c925bb,3197,2018-08-14T19:56:25-0400,68.7927,0.0082
038441c925bb,3198,2018-08-14T19:56:30-0400,63.8341,0.0125
038441c925bb,3199,2018-08-14T19:56:35-0400,59.0675,0.0126
038441c925bb,3200,2018-08-14T19:56:40-0400,61.9566,0.019
038441c925bb,3201,2018-08-14T19:56:45-0400,62.0812,0.0136
038441c925bb,3202,2018-08-14T19:56:50-0400,62.8433,0.0056
038441c925bb,3203,2018-08-14T19:56:55-0400,65.5105,0.0099
038441c925bb,3204,2018-08-14T19:57:00-0400,62.9877,0.0119
038441c925bb,3205,2018-08-14T19:57:05-0400,62.8403,0.0159
038441c925bb,3206,2018-08-14T19:57:10-0400,61.4847,0.0085
038441c925bb,3207,2018-08-14T19:57:15-0400,63.3716,0.009
038441c925bb,3208,2018-08-14T19:57:20-0400,65.8653,0.0249
038441c925bb,3209,2018-08-14T19:57:25-0400,65.3421,0.007
038441c925bb,3210,2018-08-14T19:57:30-0400,65.7612,0.0063
038441c925bb,3211,2018-08-14T19:57:35-0400,66.613,0.0097
038441c925bb,3212,2018-08-14T19:57:40-0400,64.7248,0.0087
038441c925bb,3213,2018-08-14T19:57:45-0400,63.0823,0.0081
038441c925bb,3214,2018-08-14T19:57:50-0400,70.2491,0.0106
038441c925bb,3215,2018-08-14T19:57:55-0400,67.4771,0.009
038441c925bb,3216,2018-08-14T19:58:00-0400,66.9694,0.0108
038441c925bb,3217,2018-08-14T19:58:05-0400,68.526,0.0104
038441c925bb,3218,2018-08-14T19:58:10-0400,66.7485,0.0302
038441c925bb,3219,2018-08-14T19:58:15-0400,69.3981,0.0113
038441c925bb,3220,2018-08-14T19:58:20-0400,69.6799,0.0349
038441c925bb,3221,2018-08-14T19:58:25-0400,73.0006,0.0259
038441c925bb,3222,2018-08-14T19:58:30-0400,72.3028,0.0098
038441c925bb,3223,2018-08-14T19:58:35-0400,71.5342,0.016
038441c925bb,3224,2018-08-14T19:58:40-0400,71.8682,0.024
038441c925bb,3225,2018-08-14T19:58:45-0400,72.0754,0.0258
038441c925bb,3226,2018-08-14T19:58:50-0400,70.5811,0.0352
038441c925bb,3227,2018-08-14T19:58:55-0400,72.3953,0.0363
038441c925bb,3228,2018-08-14T19:59:00-0400,74.6106,0.0266
038441c925bb,3229,2018-08-14T19:59:05-0400,70.7554,0.0237
038441c925bb,3230,2018-08-14T19:59:10-0400,70.4658,0.0454
038441c925bb,3231,2018-08-14T19:59:15-0400,71.5554,0.0325
038441c925bb,3232,2018-08-14T19:59:20-0400,71.5805,0.0375
038441c925bb,3233,2018-08-14T19:59:25-0400,74.6808,0.0341
038441c925bb,3234,2018-08-14T19:59:30-0400,75.1727,0.029
038441c925bb,3235,2018-08-14T19:59:35-0400,72.0474,0.0162
038441c925bb,3236,2018-08-14T19:59:40-0400,70.2378,0.0159
038441c925bb,3237,2018-08-14T19:59:45-0400,70.3964,0.0384
038441c925bb,3238,2018-08-14T19:59:50-0400,68.2393,0.0393
038441c925bb,3239,2018-08-14T19:59:55-0400,65.089,0.0215
038441c925bb,3240,2018-08-14T20:00:00-0400,67.1747,0.0155
038441c925bb,3241,2018-08-14T20:00:05-0400,68.881,0.021
038441c925bb,3242,2018-08-14T20:00:10-0400,73.114,0.034
038441c925bb,3243,2018-08-14T20:00:15-0400,73.6916,0.0304
038441c925bb,3244,2018-08-14T20:00:20-0400,72.6846,0.0197
038441c925bb,3245,2018-08-14T20:00:25-0400,64.9259,0.0213
038441c925bb,3246,2018-08-14T20:00:30-0400,61.0533,0.0265
038441c925bb,3247,2018-08-14T20:00:35-0400,62.1827,0.0337
038441c925bb,3248,2018-08-14T20:00:40-0400,66.9362,0.0146
038441c925bb,3249,2018-08-14T20:00:45-0400,67.9938,0.0199
038441c925bb,3250,2018-08-14T20:00:50-0400,70.3678,0.0118
038441c925bb,3251,2018-08-14T20:00:55-0400,72.6548,0.016
038441c925bb,3252,2018-08-14T20:01:00-0400,71.7056,0.0225
038441c925bb,3253,2018-08-14T20:01:05-0400,71.379,0.0196
038441c925bb,3254,2018-08-14T20:01:10-0400,69.014,0.0055
038441c925bb,3255,2018-08-14T20:01:15-0400,69.223,0.0084
038441c925bb,3256,2018-08-14T20:01:20-0400,72.4202,0.0083
038441c925bb,3257,2018-08-14T20:01:25-0400,69.0593,0.002
038441c925bb,3258,2018-08-14T20:01:30-0400,69.2576,0.0009
038441c925bb,3259,2018-08-14T20:01:35-0400,69.4467,0.0051
038441c925bb,3260,2018-08-14T20:01:40-0400,72.1326,0.0021
038441c925bb,3261,2018-08-14T20:01:45-0400,68.7098,0.0014
038441c925bb,3262,2018-08-14T20:01:50-0400,71.4246,0.0014
038441c925bb,3263,2018-08-14T20:01:55-0400,70.2818,0.0005
038441c925bb,3264,2018-08-14T20:02:00-0400,69.9189,0.0004
038441c925bb,3265,2018-08-14T20:02:05-0400,70.8873,1e-04
038441c925bb,3266,2018-08-14T20:02:10-0400,67.3393,0.0002
038441c925bb,3267,2018-08-14T20:02:15-0400,68.8336,0.0018
038441c925bb,3268,2018-08-14T20:02:20-0400,69.5328,0.0021
038441c925bb,3269,2018-08-14T20:02:25-0400,71.8526,0.0027
038441c925bb,3270,2018-08-14T20:02:30-0400,70.1188,0.002
038441c925bb,3271,2018-08-14T20:02:35-0400,70.4519,0.0043
038441c925bb,3272,2018-08-14T20:02:40-0400,70.5622,0.0026
038441c925bb,3273,2018-08-14T20:02:45-0400,71.8592,0.0116
038441c925bb,3274,2018-08-14T20:02:50-0400,71.749,0.0021
038441c925bb,3275,2018-08-14T20:02:55-0400,72.472,0.0023
038441c925bb,3276,2018-08-14T20:03:00-0400,71.7895,0.0015
038441c925bb,3277,2018-08-14T20:03:05-0400,72.2873,0.0017
038441c925bb,3278,2018-08-14T20:03:10-0400,72.2343,0.0017
038441c925bb,3279,2018-08-14T20:03:15-0400,72.3284,0.0008
038441c925bb,3280,2018-08-14T20:03:20-0400,72.3819,0.0008
038441c925bb,3281,2018-08-14T20:03:25-0400,73.3395,0.002
038441c925bb,3282,2018-08-14T20:03:30-0400,73.3355,0.0012
038441c925bb,3283,2018-08-14T20:03:35-0400,72.9354,0.0018
038441c925bb,3284,2018-08-14T20:03:40-0400,72.7079,0.0024
038441c925bb,3285,2018-08-14T20:03:45-0400,73.0043,0.002
038441c925bb,3286,2018-08-14T20:03:50-0400,73.9641,0.0012
038441c925bb,3287,2018-08-14T20:03:55-0400,73.209,0.0009
038441c925bb,3288,2018-08-14T20:04:00-0400,73.166,0.0035
038441c925bb,3289,2018-08-14T20:04:05-0400,73.4035,0.0027
038441c925bb,3290,2018-08-14T20:04:10-0400,73.6259,0.0026
038441c925bb,3291,2018-08-14T20:04:15-0400,73.0895,0.0037
038441c925bb,3292,2018-08-14T20:04:20-0400,72.275,0.0008
038441c925bb,3293,2018-08-14T20:04:25-0400,72.2341,0.0028
038441c925bb,3294,2018-08-14T20:04:30-0400,71.8411,0.007
038441c925bb,3295,2018-08-14T20:04:35-0400,73.0248,0.0085
038441c925bb,3296,2018-08-14T20:04:40-0400,73.306,0.0024
038441c925bb,3297,2018-08-14T20:04:45-0400,71.7677,0.0067
038441c925bb,3298,2018-08-14T20:04:50-0400,72.2645,0.0048
038441c925bb,3299,2018-08-14T20:04:55-0400,72.9174,0.005
038441c925bb,3300,2018-08-14T20:05:00-0400,70.0436,0.0084
038441c925bb,3301,2018-08-14T20:05:05-0400,70.5402,0.0139
038441c925bb,3302,2018-08-14T20:05:10-0400,68.8656,0.0137
038441c925bb,3303,2018-08-14T20:05:15-0400,71.4299,0.0137
038441c925bb,3304,2018-08-14T20:05:20-0400,72.3969,0.0154
038441c925bb,3305,2018-08-14T20:05:25-0400,70.2379,0.0256
038441c925bb,3306,2018-08-14T20:05:30-0400,72.459,0.0124
038441c925bb,3307,2018-08-14T20:05:35-0400,72.7167,0.0127
038441c925bb,3308,2018-08-14T20:05:40-0400,73.1278,0.0071
038441c925bb,3309,2018-08-14T20:05:45-0400,72.8623,0.0023
038441c925bb,3310,2018-08-14T20:05:50-0400,73.395,0.0029
038441c925bb,3311,2018-08-14T20:05:55-0400,75.7332,0.0032
038441c925bb,3312,2018-08-14T20:06:00-0400,69.3116,0.0007
038441c925bb,3313,2018-08-14T20:06:05-0400,72.1814,0.0002
038441c925bb,3314,2018-08-14T20:06:10-0400,72.4282,0.0003
038441c925bb,3315,2018-08-14T20:06:15-0400,71.5685,0.0002
038441c925bb,3316,2018-08-14T20:06:20-0400,73.681,1e-04
038441c925bb,3317,2018-08-14T20:06:25-0400,73.0481,0.0
038441c925bb,3318,2018-08-14T20:06:30-0400,72.0378,0.0
038441c925bb,3319,2018-08-14T20:06:35-0400,72.0551,0.0
038441c925bb,3320,2018-08-14T20:06:40-0400,72.1099,0.0
038441c925bb,3321,2018-08-14T20:06:45-0400,70.2983,0.0
038441c925bb,3322,2018-08-14T20:06:50-0400,66.7003,0.0014
038441c925bb,3323,2018-08-14T20:06:55-0400,69.8504,0.006
038441c925bb,3324,2018-08-14T20:07:00-0400,72.5267,0.0112
038441c925bb,3325,2018-08-14T20:07:05-0400,74.3754,0.003
038441c925bb,3326,2018-08-14T20:07:10-0400,68.3953,0.0006
038441c925bb,3327,2018-08-14T20:07:15-0400,65.4003,0.0026
038441c925bb,3328,2018-08-14T20:07:20-0400,68.5356,0.0057
038441c925bb,3329,2018-08-14T20:07:25-0400,71.0024,0.0032
038441c925bb,3330,2018-08-14T20:07:30-0400,70.2298,0.0101
038441c925bb,3331,2018-08-14T20:07:35-0400,70.6693,0.0064
038441c925bb,3332,2018-08-14T20:07:40-0400,73.3443,0.0097
038441c925bb,3333,2018-08-14T20:07:45-0400,73.829,0.0118
038441c925bb,3334,2018-08-14T20:07:50-0400,74.0739,0.0098
038441c925bb,3335,2018-08-14T20:07:55-0400,68.1691,0.0015
038441c925bb,3336,2018-08-14T20:08:00-0400,68.2588,0.0143
038441c925bb,3337,2018-08-14T20:08:05-0400,69.6009,0.0177
038441c925bb,3338,2018-08-14T20:08:10-0400,72.4494,0.0049
038441c925bb,3339,2018-08-14T20:08:15-0400,71.6769,0.0135
038441c925bb,3340,2018-08-14T20:08:20-0400,68.5355,0.0124
038441c925bb,3341,2018-08-14T20:08:25-0400,75.2763,0.0156
038441c925bb,3342,2018-08-14T20:08:30-0400,74.4271,0.0055
038441c925bb,3343,2018-08-14T20:08:35-0400,69.6759,0.0064
038441c925bb,3344,2018-08-14T20:08:40-0400,71.5438,0.0094
038441c925bb,3345,2018-08-14T20:08:45-0400,75.2111,0.0202
038441c925bb,3346,2018-08-14T20:08:50-0400,69.9568,0.0151
038441c925bb,3347,2018-08-14T20:08:55-0400,74.0512,0.0162
038441c925bb,3348,2018-08-14T20:09:00-0400,78.6173,0.0064
038441c925bb,3349,2018-08-14T20:09:05-0400,77.3981,0.0026
038441c925bb,3350,2018-08-14T20:09:10-0400,73.8991,0.0
038441c925bb,3351,2018-08-14T20:09:15-0400,73.9233,0.0
038441c925bb,3352,2018-08-14T20:09:20-0400,73.9051,0.0
038441c925bb,3353,2018-08-14T20:09:25-0400,73.9995,0.0
038441c925bb,3354,2018-08-14T20:09:30-0400,74.0147,0.0
038441c925bb,3355,2018-08-14T20:09:35-0400,74.0147,0.0
038441c925bb,3356,2018-08-14T20:09:40-0400,73.9984,0.0
038441c925bb,3357,2018-08-14T20:09:45-0400,69.3161,0.0082
038441c925bb,3358,2018-08-14T20:09:50-0400,69.8685,0.0248
038441c925bb,3359,2018-08-14T20:09:55-0400,69.8066,0.0115
038441c925bb,3360,2018-08-14T20:10:00-0400,70.6755,0.0112
038441c925bb,3361,2018-08-14T20:10:05-0400,76.843,0.0072
038441c925bb,3362,2018-08-14T20:10:10-0400,70.6728,0.0069
038441c925bb,3363,2018-08-14T20:10:15-0400,69.9932,0.0223
038441c925bb,3364,2018-08-14T20:10:20-0400,69.9725,0.0086
038441c925bb,3365,2018-08-14T20:10:25-0400,71.8251,0.0053
038441c925bb,3366,2018-08-14T20:10:30-0400,73.6965,0.0133
038441c925bb,3367,2018-08-14T20:10:35-0400,71.5376,0.0344
038441c925bb,3368,2018-08-14T20:10:40-0400,71.329,0.0091
038441c925bb,3369,2018-08-14T20:10:45-0400,74.7994,0.0201
038441c925bb,3370,2018-08-14T20:10:50-0400,75.4647,0.0175
038441c925bb,3371,2018-08-14T20:10:55-0400,75.9893,0.0121
038441c925bb,3372,2018-08-14T20:11:00-0400,71.972,0.0103
038441c925bb,3373,2018-08-14T20:11:05-0400,73.0127,0.0054
038441c925bb,3374,2018-08-14T20:11:10-0400,72.2396,0.0186
038441c925bb,3375,2018-08-14T20:11:15-0400,72.924,0.0148
038441c925bb,3376,2018-08-14T20:11:20-0400,75.0641,0.0252
038441c925bb,3377,2018-08-14T20:11:25-0400,73.3978,0.0077
038441c925bb,3378,2018-08-14T20:11:30-0400,69.5972,0.0059
038441c925bb,3379,2018-08-14T20:11:35-0400,70.997,0.0065
038441c925bb,3380,2018-08-14T20:11:40-0400,71.3424,0.0107
038441c925bb,3381,2018-08-14T20:11:45-0400,75.2799,0.0213
038441c925bb,3382,2018-08-14T20:11:50-0400,76.0093,0.0055
038441c925bb,3383,2018-08-14T20:11:55-0400,72.8942,1e-04
038441c925bb,3384,2018-08-14T20:12:00-0400,72.0666,0.0
038441c925bb,3385,2018-08-14T20:12:05-0400,72.0666,0.0
038441c925bb,3386,2018-08-14T20:12:10-0400,72.0666,0.0
038441c925bb,3387,2018-08-14T20:12:15-0400,72.0435,0.0
038441c925bb,3388,2018-08-14T20:12:20-0400,72.0666,0.0
038441c925bb,3389,2018-08-14T20:12:25-0400,72.0361,0.0
038441c925bb,3390,2018-08-14T20:12:30-0400,71.5421,0.0
038441c925bb,3391,2018-08-14T20:12:35-0400,71.8088,0.0
038441c925bb,3392,2018-08-14T20:12:40-0400,71.7011,0.0
038441c925bb,3393,2018-08-14T20:12:45-0400,71.7011,0.0
038441c925bb,3394,2018-08-14T20:12:50-0400,71.6993,0.0
038441c925bb,3395,2018-08-14T20:12:55-0400,71.7011,0.0
038441c925bb,3396,2018-08-14T20:13:00-0400,69.8036,0.0002
038441c925bb,3397,2018-08-14T20:13:05-0400,67.5873,0.0105
038441c925bb,3398,2018-08-14T20:13:10-0400,64.5665,0.0211
038441c925bb,3399,2018-08-14T20:13:15-0400,64.7027,0.0159
038441c925bb,3400,2018-08-14T20:13:20-0400,68.2809,0.0155
038441c925bb,3401,2018-08-14T20:13:25-0400,69.7841,0.0207
038441c925bb,3402,2018-08-14T20:13:30-0400,74.6527,0.0102
038441c925bb,3403,2018-08-14T20:13:35-0400,72.5863,0.0176
038441c925bb,3404,2018-08-14T20:13:40-0400,70.545,0.0109
038441c925bb,3405,2018-08-14T20:13:45-0400,73.3442,0.0173
038441c925bb,3406,2018-08-14T20:13:50-0400,72.8701,0.0146
038441c925bb,3407,2018-08-14T20:13:55-0400,74.4984,0.0132
038441c925bb,3408,2018-08-14T20:14:00-0400,71.8648,0.0056
038441c925bb,3409,2018-08-14T20:14:05-0400,68.8557,0.0078
038441c925bb,3410,2018-08-14T20:14:10-0400,70.7909,0.0068
038441c925bb,3411,2018-08-14T20:14:15-0400,71.5669,0.0032
038441c925bb,3412,2018-08-14T20:14:20-0400,70.3969,0.0101
038441c925bb,3413,2018-08-14T20:14:25-0400,73.3732,0.0143
038441c925bb,3414,2018-08-14T20:14:30-0400,69.2084,0.0069
038441c925bb,3415,2018-08-14T20:14:35-0400,72.5667,0.0021
038441c925bb,3416,2018-08-14T20:14:40-0400,72.1708,0.0021
038441c925bb,3417,2018-08-14T20:14:45-0400,73.1895,0.0044
038441c925bb,3418,2018-08-14T20:14:50-0400,73.9002,0.0025
038441c925bb,3419,2018-08-14T20:14:55-0400,70.5383,0.0011
038441c925bb,3420,2018-08-14T20:15:00-0400,73.5163,0.0013
038441c925bb,3421,2018-08-14T20:15:05-0400,74.6972,0.0011
038441c925bb,3422,2018-08-14T20:15:10-0400,74.0652,0.0003
038441c925bb,3423,2018-08-14T20:15:15-0400,74.3542,0.0
038441c925bb,3424,2018-08-14T20:15:20-0400,74.4382,0.0
038441c925bb,3425,2018-08-14T20:15:25-0400,74.4143,0.0
038441c925bb,3426,2018-08-14T20:15:30-0400,74.4172,0.0
038441c925bb,3427,2018-08-14T20:15:35-0400,74.4857,0.0
038441c925bb,3428,2018-08-14T20:15:40-0400,74.4469,0.0
038441c925bb,3429,2018-08-14T20:15:45-0400,74.4332,0.0
038441c925bb,3430,2018-08-14T20:15:50-0400,73.8041,0.0005
038441c925bb,3431,2018-08-14T20:15:55-0400,69.2903,0.0018
038441c925bb,3432,2018-08-14T20:16:00-0400,71.4545,0.0206
038441c925bb,3433,2018-08-14T20:16:05-0400,71.2034,0.0077
038441c925bb,3434,2018-08-14T20:16:10-0400,72.021,0.0119
038441c925bb,3435,2018-08-14T20:16:15-0400,75.8946,0.0114
038441c925bb,3436,2018-08-14T20:16:20-0400,76.7221,0.0236
038441c925bb,3437,2018-08-14T20:16:25-0400,78.319,0.0084
038441c925bb,3438,2018-08-14T20:16:30-0400,72.7724,0.0129
038441c925bb,3439,2018-08-14T20:16:35-0400,65.5777,0.0144
038441c925bb,3440,2018-08-14T20:16:40-0400,74.972,0.0168
038441c925bb,3441,2018-08-14T20:16:45-0400,80.0365,0.011
038441c925bb,3442,2018-08-14T20:16:50-0400,75.8771,0.0249
038441c925bb,3443,2018-08-14T20:16:55-0400,79.1969,0.0105
038441c925bb,3444,2018-08-14T20:17:00-0400,78.0142,0.0041
038441c925bb,3445,2018-08-14T20:17:05-0400,73.3679,0.0067
038441c925bb,3446,2018-08-14T20:17:10-0400,52.6182,0.0612
038441c925bb,3447,2018-08-14T20:17:15-0400,38.8475,0.0614
038441c925bb,3448,2018-08-14T20:17:20-0400,16.231,0.1257
038441c925bb,3449,2018-08-14T20:17:25-0400,-1.3418,0.0665
038441c925bb,3450,2018-08-14T20:17:30-0400,5.2685,0.0362
038441c925bb,3451,2018-08-14T20:17:35-0400,4.5349,0.0358
038441c925bb,3452,2018-08-14T20:17:40-0400,3.2649,0.0365
038441c925bb,3453,2018-08-14T20:17:45-0400,1.5768,0.0369
038441c925bb,3454,2018-08-14T20:17:50-0400,1.8834,0.0366
038441c925bb,3455,2018-08-14T20:17:55-0400,2.8447,0.0516
038441c925bb,3456,2018-08-14T20:18:00-0400,36.7787,0.0511
038441c925bb,3457,2018-08-14T20:18:05-0400,14.5809,0.0625
038441c925bb,3458,2018-08-14T20:18:10-0400,9.2507,0.025
038441c925bb,3459,2018-08-14T20:18:15-0400,20.4213,0.2001
038441c925bb,3460,2018-08-14T20:18:20-0400,17.4015,0.1646
038441c925bb,3461,2018-08-14T20:18:25-0400,15.497,0.1077
038441c925bb,3462,2018-08-14T20:18:30-0400,10.2151,0.0379
038441c925bb,3463,2018-08-14T20:18:35-0400,11.6595,0.0125
038441c925bb,3464,2018-08-14T20:18:40-0400,8.8415,0.0006
038441c925bb,3465,2018-08-14T20:18:45-0400,3.6399,0.0025
038441c925bb,3466,2018-08-14T20:18:50-0400,7.935,0.033
038441c925bb,3467,2018-08-14T20:18:55-0400,9.1425,1e-04
038441c925bb,3468,2018-08-14T20:19:00-0400,11.0619,0.0246
038441c925bb,3469,2018-08-14T20:19:05-0400,14.4561,0.0714
038441c925bb,3470,2018-08-14T20:19:10-0400,18.3329,0.0521
038441c925bb,3471,2018-08-14T20:19:15-0400,10.9078,0.0244
038441c925bb,3472,2018-08-14T20:19:20-0400,11.4479,0.0617
038441c925bb,3473,2018-08-14T20:19:25-0400,12.143,0.0225
038441c925bb,3474,2018-08-14T20:19:30-0400,13.8421,0.0294
038441c925bb,3475,2018-08-14T20:19:35-0400,11.7681,0.0031
038441c925bb,3476,2018-08-14T20:19:40-0400,6.2556,0.0166
038441c925bb,3477,2018-08-14T20:19:45-0400,7.9186,0.012
038441c925bb,3478,2018-08-14T20:19:50-0400,13.1912,0.0397
038441c925bb,3479,2018-08-14T20:19:55-0400,14.3742,0.0
038441c925bb,3480,2018-08-14T20:20:00-0400,14.3829,0.0
038441c925bb,3481,2018-08-14T20:20:05-0400,14.3665,0.0
038441c925bb,3482,2018-08-14T20:20:10-0400,14.3614,0.0
038441c925bb,3483,2018-08-14T20:20:15-0400,14.3614,0.0
038441c925bb,3484,2018-08-14T20:20:20-0400,14.3614,0.0
038441c925bb,3485,2018-08-14T20:20:25-0400,14.3614,0.0
038441c925bb,3486,2018-08-14T20:20:30-0400,14.3614,0.0
038441c925bb,3487,2018-08-14T20:20:35-0400,14.3587,0.0
038441c925bb,3488,2018-08-14T20:20:40-0400,14.3248,0.0
038441c925bb,3489,2018-08-14T20:20:45-0400,14.3562,0.0
038441c925bb,3490,2018-08-14T20:20:50-0400,14.3439,0.0
038441c925bb,3491,2018-08-14T20:20:55-0400,14.3474,0.0
038441c925bb,3492,2018-08-14T20:21:00-0400,14.3534,0.0
038441c925bb,3493,2018-08-14T20:21:05-0400,14.3534,0.0
038441c925bb,3494,2018-08-14T20:21:10-0400,14.3534,0.0
038441c925bb,3495,2018-08-14T20:21:15-0400,14.3534,0.0
038441c925bb,3496,2018-08-14T20:21:20-0400,14.3534,0.0
038441c925bb,3497,2018-08-14T20:21:25-0400,14.3333,0.0
038441c925bb,3498,2018-08-14T20:21:30-0400,14.3534,0.0
038441c925bb,3499,2018-08-14T20:21:35-0400,14.3534,0.0
038441c925bb,3500,2018-08-14T20:21:40-0400,14.3534,0.0
038441c925bb,3501,2018-08-14T20:21:45-0400,14.3123,0.0
038441c925bb,3502,2018-08-14T20:21:50-0400,14.3078,0.0
038441c925bb,3503,2018-08-14T20:21:55-0400,14.3096,0.0
038441c925bb,3504,2018-08-14T20:22:00-0400,14.3078,0.0
038441c925bb,3505,2018-08-14T20:22:05-0400,14.2088,0.0
038441c925bb,3506,2018-08-14T20:22:10-0400,14.168,0.0
038441c925bb,3507,2018-08-14T20:22:15-0400,14.3096,0.0
038441c925bb,3508,2018-08-14T20:22:20-0400,14.1831,0.0
038441c925bb,3509,2018-08-14T20:22:25-0400,14.1693,0.0
038441c925bb,3510,2018-08-14T20:22:30-0400,14.0769,0.0
038441c925bb,3511,2018-08-14T20:22:35-0400,14.0769,0.0
038441c925bb,3512,2018-08-14T20:22:40-0400,14.0769,0.0
038441c925bb,3513,2018-08-14T20:22:45-0400,14.0769,0.0
038441c925bb,3514,2018-08-14T20:22:50-0400,14.0769,0.0
038441c925bb,3515,2018-08-14T20:22:55-0400,14.0769,0.0
038441c925bb,3516,2018-08-14T20:23:00-0400,14.1166,0.0
038441c925bb,3517,2018-08-14T20:23:05-0400,20.8349,0.0283
038441c925bb,3518,2018-08-14T20:23:10-0400,18.5874,0.0402
038441c925bb,3519,2018-08-14T20:23:15-0400,3.8531,0.0376
038441c925bb,3520,2018-08-14T20:23:20-0400,3.7135,0.0379
038441c925bb,3521,2018-08-14T20:23:25-0400,3.8595,0.0376
038441c925bb,3522,2018-08-14T20:23:30-0400,3.7672,0.0382
038441c925bb,3523,2018-08-14T20:23:35-0400,3.7395,0.0378
038441c925bb,3524,2018-08-14T20:23:40-0400,3.6539,0.0378
038441c925bb,3525,2018-08-14T20:23:45-0400,3.6396,0.0376
038441c925bb,3526,2018-08-14T20:23:50-0400,3.6459,0.0376
038441c925bb,3527,2018-08-14T20:23:55-0400,3.6474,0.0382
038441c925bb,3528,2018-08-14T20:24:00-0400,3.6465,0.0379
038441c925bb,3529,2018-08-14T20:24:05-0400,3.646,0.0378
038441c925bb,3530,2018-08-14T20:24:10-0400,3.6509,0.0375
038441c925bb,3531,2018-08-14T20:24:15-0400,3.8061,0.0373
038441c925bb,3532,2018-08-14T20:24:20-0400,3.7224,0.0378
038441c925bb,3533,2018-08-14T20:24:25-0400,3.7823,0.0382
038441c925bb,3534,2018-08-14T20:24:30-0400,3.736,0.0376
038441c925bb,3535,2018-08-14T20:24:35-0400,3.8679,0.0376
038441c925bb,3536,2018-08-14T20:24:40-0400,3.8679,0.0375
038441c925bb,3537,2018-08-14T20:24:45-0400,3.8679,0.0377
038441c925bb,3538,2018-08-14T20:24:50-0400,3.8679,0.0377
038441c925bb,3539,2018-08-14T20:24:55-0400,3.8679,0.0376
038441c925bb,3540,2018-08-14T20:25:00-0400,3.8679,0.0372
038441c925bb,3541,2018-08-14T20:25:05-0400,3.8679,0.0379
038441c925bb,3542,2018-08-14T20:25:10-0400,3.866,0.0378
038441c925bb,3543,2018-08-14T20:25:15-0400,3.8679,0.0378
038441c925bb,3544,2018-08-14T20:25:20-0400,3.8679,0.0376
038441c925bb,3545,2018-08-14T20:25:25-0400,3.8679,0.0375
038441c925bb,3546,2018-08-14T20:25:30-0400,3.8679,0.0373
038441c925bb,3547,2018-08-14T20:25:35-0400,3.8669,0.038
038441c925bb,3548,2018-08-14T20:25:40-0400,3.806,0.0381
038441c925bb,3549,2018-08-14T20:25:45-0400,3.8679,0.0376
038441c925bb,3550,2018-08-14T20:25:50-0400,3.8669,0.0377
038441c925bb,3551,2018-08-14T20:25:55-0400,3.7929,0.0373
038441c925bb,3552,2018-08-14T20:26:00-0400,3.718,0.0377
038441c925bb,3553,2018-08-14T20:26:05-0400,3.8665,0.0379
038441c925bb,3554,2018-08-14T20:26:10-0400,3.8679,0.0376
038441c925bb,3555,2018-08-14T20:26:15-0400,3.8679,0.0379
038441c925bb,3556,2018-08-14T20:26:20-0400,3.6915,0.0381
038441c925bb,3557,2018-08-14T20:26:25-0400,3.6959,0.0379
038441c925bb,3558,2018-08-14T20:26:30-0400,3.8679,0.0374
038441c925bb,3559,2018-08-14T20:26:35-0400,3.8679,0.0375
038441c925bb,3560,2018-08-14T20:26:40-0400,3.8679,0.0374
038441c925bb,3561,2018-08-14T20:26:45-0400,3.8679,0.0374
038441c925bb,3562,2018-08-14T20:26:50-0400,3.8679,0.0375
038441c925bb,3563,2018-08-14T20:26:55-0400,3.7753,0.0378
038441c925bb,3564,2018-08-14T20:27:00-0400,3.8502,0.0377
038441c925bb,3565,2018-08-14T20:27:05-0400,3.6648,0.0378
038441c925bb,3566,2018-08-14T20:27:10-0400,3.859,0.0377
038441c925bb,3567,2018-08-14T20:27:15-0400,3.8679,0.0376
038441c925bb,3568,2018-08-14T20:27:20-0400,3.8502,0.0373
038441c925bb,3569,2018-08-14T20:27:25-0400,3.8679,0.0373
038441c925bb,3570,2018-08-14T20:27:30-0400,3.7136,0.0376
038441c925bb,3571,2018-08-14T20:27:35-0400,3.8194,0.0373
038441c925bb,3572,2018-08-14T20:27:40-0400,3.7136,0.0373
038441c925bb,3573,2018-08-14T20:27:45-0400,3.6563,0.0372
038441c925bb,3574,2018-08-14T20:27:50-0400,3.856,0.0375
038441c925bb,3575,2018-08-14T20:27:55-0400,3.8679,0.0375
038441c925bb,3576,2018-08-14T20:28:00-0400,3.8679,0.0375
038441c925bb,3577,2018-08-14T20:28:05-0400,3.74,0.0376
038441c925bb,3578,2018-08-14T20:28:10-0400,3.7577,0.0372
038441c925bb,3579,2018-08-14T20:28:15-0400,3.8194,0.0373
038441c925bb,3580,2018-08-14T20:28:20-0400,3.8679,0.0371
038441c925bb,3581,2018-08-14T20:28:25-0400,3.8679,0.0377
038441c925bb,3582,2018-08-14T20:28:30-0400,3.8282,0.0374
038441c925bb,3583,2018-08-14T20:28:35-0400,3.7885,0.0372
038441c925bb,3584,2018-08-14T20:28:40-0400,3.8679,0.0378
038441c925bb,3585,2018-08-14T20:28:45-0400,3.8634,0.0373
038441c925bb,3586,2018-08-14T20:28:50-0400,3.6651,0.0373
038441c925bb,3587,2018-08-14T20:28:55-0400,3.6474,0.0377
038441c925bb,3588,2018-08-14T20:29:00-0400,3.6607,0.0374
038441c925bb,3589,2018-08-14T20:29:05-0400,3.718,0.0376
038441c925bb,3590,2018-08-14T20:29:10-0400,3.7745,0.0373
038441c925bb,3591,2018-08-14T20:29:15-0400,3.6474,0.0374
038441c925bb,3592,2018-08-14T20:29:20-0400,3.6607,0.0373
038441c925bb,3593,2018-08-14T20:29:25-0400,3.8238,0.0373
038441c925bb,3594,2018-08-14T20:29:30-0400,3.6541,0.0374
038441c925bb,3595,2018-08-14T20:29:35-0400,3.7136,0.0372
038441c925bb,3596,2018-08-14T20:29:40-0400,3.7312,0.0373
038441c925bb,3597,2018-08-14T20:29:45-0400,3.7488,0.0374
038441c925bb,3598,2018-08-14T20:29:50-0400,3.859,0.0372
038441c925bb,3599,2018-08-14T20:29:55-0400,3.7841,0.0374
038441c925bb,3600,2018-08-14T20:30:00-0400,3.6474,0.0373
038441c925bb,3601,2018-08-14T20:30:05-0400,3.8105,0.0369
038441c925bb,3602,2018-08-14T20:30:10-0400,3.8326,0.0372
038441c925bb,3603,2018-08-14T20:30:15-0400,3.8679,0.0374
038441c925bb,3604,2018-08-14T20:30:20-0400,3.7709,0.0373
038441c925bb,3605,2018-08-14T20:30:25-0400,3.8326,0.0373
038441c925bb,3606,2018-08-14T20:30:30-0400,3.8679,0.0369
038441c925bb,3607,2018-08-14T20:30:35-0400,3.7621,0.0373
038441c925bb,3608,2018-08-14T20:30:40-0400,3.859,0.0373
038441c925bb,3609,2018-08-14T20:30:45-0400,3.8061,0.0371
038441c925bb,3610,2018-08-14T20:30:50-0400,3.8502,0.0372
038441c925bb,3611,2018-08-14T20:30:55-0400,3.8679,0.0376
038441c925bb,3612,2018-08-14T20:31:00-0400,3.7444,0.0376
038441c925bb,3613,2018-08-14T20:31:05-0400,3.6474,0.0371
038441c925bb,3614,2018-08-14T20:31:10-0400,3.6695,0.0376
038441c925bb,3615,2018-08-14T20:31:15-0400,3.8679,0.0373
038441c925bb,3616,2018-08-14T20:31:20-0400,3.8679,0.0376
038441c925bb,3617,2018-08-14T20:31:25-0400,3.8679,0.0381
038441c925bb,3618,2018-08-14T20:31:30-0400,3.8414,0.0376
038441c925bb,3619,2018-08-14T20:31:35-0400,3.8679,0.0375
038441c925bb,3620,2018-08-14T20:31:40-0400,3.8679,0.0373
038441c925bb,3621,2018-08-14T20:31:45-0400,3.8679,0.0371
038441c925bb,3622,2018-08-14T20:31:50-0400,3.8238,0.0373
038441c925bb,3623,2018-08-14T20:31:55-0400,3.859,0.0373
038441c925bb,3624,2018-08-14T20:32:00-0400,3.6739,0.0373
038441c925bb,3625,2018-08-14T20:32:05-0400,3.7709,0.0374
038441c925bb,3626,2018-08-14T20:32:10-0400,3.8679,0.0374
038441c925bb,3627,2018-08-14T20:32:15-0400,3.8679,0.0375
038441c925bb,3628,2018-08-14T20:32:20-0400,3.815,0.0373
038441c925bb,3629,2018-08-14T20:32:25-0400,3.8502,0.0375
038441c925bb,3630,2018-08-14T20:32:30-0400,3.8679,0.0378
038441c925bb,3631,2018-08-14T20:32:35-0400,3.7929,0.0374
038441c925bb,3632,2018-08-14T20:32:40-0400,3.7268,0.0373
038441c925bb,3633,2018-08-14T20:32:45-0400,3.8458,0.0371
038441c925bb,3634,2018-08-14T20:32:50-0400,3.7885,0.0375
038441c925bb,3635,2018-08-14T20:32:55-0400,3.8017,0.0377
038441c925bb,3636,2018-08-14T20:33:00-0400,3.8679,0.0374
038441c925bb,3637,2018-08-14T20:33:05-0400,3.8238,0.0372
038441c925bb,3638,2018-08-14T20:33:10-0400,3.6783,0.0376
038441c925bb,3639,2018-08-14T20:33:15-0400,3.7973,0.0378
038441c925bb,3640,2018-08-14T20:33:20-0400,3.8679,0.0376
038441c925bb,3641,2018-08-14T20:33:25-0400,3.8017,0.0374
038441c925bb,3642,2018-08-14T20:33:30-0400,3.8194,0.0373
038441c925bb,3643,2018-08-14T20:33:35-0400,3.8679,0.0374
038441c925bb,3644,2018-08-14T20:33:40-0400,3.8679,0.0377
038441c925bb,3645,2018-08-14T20:33:45-0400,3.837,0.0375
038441c925bb,3646,2018-08-14T20:33:50-0400,3.8679,0.0376
038441c925bb,3647,2018-08-14T20:33:55-0400,3.859,0.0374
038441c925bb,3648,2018-08-14T20:34:00-0400,3.7224,0.0377
038441c925bb,3649,2018-08-14T20:34:05-0400,3.6739,0.0376
038441c925bb,3650,2018-08-14T20:34:10-0400,3.7554,0.0417
038441c925bb,3651,2018-08-14T20:34:15-0400,-7.518,0.0724
038441c925bb,3652,2018-08-14T20:34:20-0400,-79.7238,0.0768
038441c925bb,3653,2018-08-14T20:34:25-0400,-60.3893,0.0653
038441c925bb,3654,2018-08-14T20:34:30-0400,-36.4134,0.0855
038441c925bb,3655,2018-08-14T20:34:35-0400,-59.8154,0.0724
038441c925bb,3656,2018-08-14T20:34:40-0400,-38.0845,0.1537
038441c925bb,3657,2018-08-14T20:34:45-0400,-77.0474,0.0931
038441c925bb,3658,2018-08-14T20:34:50-0400,-69.3025,0.0544
038441c925bb,3659,2018-08-14T20:34:55-0400,-59.4346,0.0562
038441c925bb,3660,2018-08-14T20:35:00-0400,-56.735,0.0623
038441c925bb,3661,2018-08-14T20:35:05-0400,-47.6945,0.0491
038441c925bb,3662,2018-08-14T20:35:10-0400,-2.5133,0.0425
038441c925bb,3663,2018-08-14T20:35:15-0400,-0.507,0.0352
038441c925bb,3664,2018-08-14T20:35:20-0400,-11.3794,0.0366
038441c925bb,3665,2018-08-14T20:35:25-0400,3.7554,0.03
038441c925bb,3666,2018-08-14T20:35:30-0400,6.2882,0.0332
038441c925bb,3667,2018-08-14T20:35:35-0400,2.6199,0.0286
038441c925bb,3668,2018-08-14T20:35:40-0400,28.2737,0.0401
038441c925bb,3669,2018-08-14T20:35:45-0400,36.0496,0.0303
038441c925bb,3670,2018-08-14T20:35:50-0400,27.1563,0.035
038441c925bb,3671,2018-08-14T20:35:55-0400,-8.9886,0.1311
038441c925bb,3672,2018-08-14T20:36:00-0400,-2.0175,0.1192
038441c925bb,3673,2018-08-14T20:36:05-0400,33.1884,0.0275
038441c925bb,3674,2018-08-14T20:36:10-0400,3.1458,0.1728
038441c925bb,3675,2018-08-14T20:36:15-0400,2.0792,0.1317
038441c925bb,3676,2018-08-14T20:36:20-0400,3.5541,0.063
038441c925bb,3677,2018-08-14T20:36:25-0400,24.3708,0.0123
038441c925bb,3678,2018-08-14T20:36:30-0400,26.19,0.0069
038441c925bb,3679,2018-08-14T20:36:35-0400,7.0546,0.0317
038441c925bb,3680,2018-08-14T20:36:40-0400,-6.0331,0.0311
038441c925bb,3681,2018-08-14T20:36:45-0400,-38.5876,0.0231
038441c925bb,3682,2018-08-14T20:36:50-0400,-41.9636,0.0208
038441c925bb,3683,2018-08-14T20:36:55-0400,-41.9379,0.0181
038441c925bb,3684,2018-08-14T20:37:00-0400,-43.5956,0.0159
038441c925bb,3685,2018-08-14T20:37:05-0400,-42.8104,0.0182
038441c925bb,3686,2018-08-14T20:37:10-0400,-36.0865,0.0235
038441c925bb,3687,2018-08-14T20:37:15-0400,-39.6588,0.0206
038441c925bb,3688,2018-08-14T20:37:20-0400,-47.8242,0.0127
038441c925bb,3689,2018-08-14T20:37:25-0400,-39.4067,0.0222
038441c925bb,3690,2018-08-14T20:37:30-0400,-37.1809,0.0218
038441c925bb,3691,2018-08-14T20:37:35-0400,-37.0794,0.0201
038441c925bb,3692,2018-08-14T20:37:40-0400,-34.8288,0.0208
038441c925bb,3693,2018-08-14T20:37:45-0400,-36.9763,0.0192
038441c925bb,3694,2018-08-14T20:37:50-0400,-33.7262,0.0221
038441c925bb,3695,2018-08-14T20:37:55-0400,-27.5829,0.0254
038441c925bb,3696,2018-08-14T20:38:00-0400,-13.1874,0.024
038441c925bb,3697,2018-08-14T20:38:05-0400,-13.307,0.0249
038441c925bb,3698,2018-08-14T20:38:10-0400,-13.5629,0.0247
038441c925bb,3699,2018-08-14T20:38:15-0400,-15.5526,0.0243
038441c925bb,3700,2018-08-14T20:38:20-0400,-16.5981,0.0256
038441c925bb,3701,2018-08-14T20:38:25-0400,-14.9788,0.028
038441c925bb,3702,2018-08-14T20:38:30-0400,-15.9024,0.0276
038441c925bb,3703,2018-08-14T20:38:35-0400,-16.7996,0.031
038441c925bb,3704,2018-08-14T20:38:40-0400,-19.4786,0.036
038441c925bb,3705,2018-08-14T20:38:45-0400,-18.4236,0.1963
038441c925bb,3706,2018-08-14T20:38:50-0400,-31.5252,0.1549
038441c925bb,3707,2018-08-14T20:38:55-0400,-45.3473,0.2157
038441c925bb,3708,2018-08-14T20:39:00-0400,-61.1787,0.1125
038441c925bb,3709,2018-08-14T20:39:05-0400,-54.2097,0.0251
038441c925bb,3710,2018-08-14T20:39:10-0400,-56.7413,0.0253
038441c925bb,3711,2018-08-14T20:39:15-0400,-56.7463,0.0235
038441c925bb,3712,2018-08-14T20:39:20-0400,-57.4683,0.0273
038441c925bb,3713,2018-08-14T20:39:25-0400,-65.2503,0.018
038441c925bb,3714,2018-08-14T20:39:30-0400,-69.0461,0.0176
038441c925bb,3715,2018-08-14T20:39:35-0400,-62.4864,0.0196
038441c925bb,3716,2018-08-14T20:39:40-0400,-60.3597,0.0205
038441c925bb,3717,2018-08-14T20:39:45-0400,0.408,0.0297
038441c925bb,3718,2018-08-14T20:39:50-0400,-14.8778,0.0278
038441c925bb,3719,2018-08-14T20:39:55-0400,-52.118,0.018
038441c925bb,3720,2018-08-14T20:40:00-0400,-52.2932,0.0193
038441c925bb,3721,2018-08-14T20:40:05-0400,-53.03,0.0203
038441c925bb,3722,2018-08-14T20:40:10-0400,-58.4163,0.0233
038441c925bb,3723,2018-08-14T20:40:15-0400,-56.8626,0.0184
038441c925bb,3724,2018-08-14T20:40:20-0400,-56.2243,0.0195
038441c925bb,3725,2018-08-14T20:40:25-0400,-57.2591,0.0178
038441c925bb,3726,2018-08-14T20:40:30-0400,-58.1238,0.0174
038441c925bb,3727,2018-08-14T20:40:35-0400,-58.2693,0.0178
038441c925bb,3728,2018-08-14T20:40:40-0400,-58.0455,0.0173
038441c925bb,3729,2018-08-14T20:40:45-0400,-57.4665,0.0177
038441c925bb,3730,2018-08-14T20:40:50-0400,-57.3,0.0179
038441c925bb,3731,2018-08-14T20:40:55-0400,-57.2641,0.0176
038441c925bb,3732,2018-08-14T20:41:00-0400,-58.7713,0.0208
038441c925bb,3733,2018-08-14T20:41:05-0400,-59.8929,0.0202
038441c925bb,3734,2018-08-14T20:41:10-0400,-65.3922,0.0219
038441c925bb,3735,2018-08-14T20:41:15-0400,-60.6224,0.0201
038441c925bb,3736,2018-08-14T20:41:20-0400,-60.6605,0.0202
038441c925bb,3737,2018-08-14T20:41:25-0400,-61.6081,0.0198
038441c925bb,3738,2018-08-14T20:41:30-0400,-62.0129,0.0206
038441c925bb,3739,2018-08-14T20:41:35-0400,-61.8691,0.0201
038441c925bb,3740,2018-08-14T20:41:40-0400,-61.9518,0.0204
038441c925bb,3741,2018-08-14T20:41:45-0400,-62.1109,0.0206
038441c925bb,3742,2018-08-14T20:41:50-0400,-63.5615,0.0203
038441c925bb,3743,2018-08-14T20:41:55-0400,-71.4664,0.0206
038441c925bb,3744,2018-08-14T20:42:00-0400,-65.0975,0.0205
038441c925bb,3745,2018-08-14T20:42:05-0400,-61.664,0.0206
038441c925bb,3746,2018-08-14T20:42:10-0400,-63.9153,0.0197
038441c925bb,3747,2018-08-14T20:42:15-0400,-64.8196,0.0181
038441c925bb,3748,2018-08-14T20:42:20-0400,-65.6673,0.0193
038441c925bb,3749,2018-08-14T20:42:25-0400,-65.736,0.0188
038441c925bb,3750,2018-08-14T20:42:30-0400,-64.9036,0.0186
038441c925bb,3751,2018-08-14T20:42:35-0400,-64.6668,0.0187
038441c925bb,3752,2018-08-14T20:42:40-0400,-64.8718,0.0184
038441c925bb,3753,2018-08-14T20:42:45-0400,-65.3761,0.0178
038441c925bb,3754,2018-08-14T20:42:50-0400,-65.3859,0.0178
038441c925bb,3755,2018-08-14T20:42:55-0400,-65.4599,0.0177
038441c925bb,3756,2018-08-14T20:43:00-0400,-65.2855,0.0171
038441c925bb,3757,2018-08-14T20:43:05-0400,-65.5075,0.0169
038441c925bb,3758,2018-08-14T20:43:10-0400,-71.2222,0.0176
038441c925bb,3759,2018-08-14T20:43:15-0400,-71.9081,0.0176
038441c925bb,3760,2018-08-14T20:43:20-0400,-72.0051,0.0182
038441c925bb,3761,2018-08-14T20:43:25-0400,-72.0034,0.0186
038441c925bb,3762,2018-08-14T20:43:30-0400,-72.0933,0.0186
038441c925bb,3763,2018-08-14T20:43:35-0400,-72.1658,0.0183
038441c925bb,3764,2018-08-14T20:43:40-0400,-72.4517,0.0184
038441c925bb,3765,2018-08-14T20:43:45-0400,-72.3513,0.0189
038441c925bb,3766,2018-08-14T20:43:50-0400,-72.3656,0.0186
038441c925bb,3767,2018-08-14T20:43:55-0400,-72.2437,0.0189
038441c925bb,3768,2018-08-14T20:44:00-0400,-72.3311,0.0189
038441c925bb,3769,2018-08-14T20:44:05-0400,-72.3829,0.0186
038441c925bb,3770,2018-08-14T20:44:10-0400,-72.4257,0.0188
038441c925bb,3771,2018-08-14T20:44:15-0400,-72.4235,0.0191
038441c925bb,3772,2018-08-14T20:44:20-0400,-71.8693,0.0185
038441c925bb,3773,2018-08-14T20:44:25-0400,-72.168,0.0192
038441c925bb,3774,2018-08-14T20:44:30-0400,-72.2793,0.0188
038441c925bb,3775,2018-08-14T20:44:35-0400,-72.133,0.0191
038441c925bb,3776,2018-08-14T20:44:40-0400,-71.9667,0.0191
038441c925bb,3777,2018-08-14T20:44:45-0400,-72.0035,0.0196
038441c925bb,3778,2018-08-14T20:44:50-0400,-68.6036,0.0191
038441c925bb,3779,2018-08-14T20:44:55-0400,-63.9774,0.0245
038441c925bb,3780,2018-08-14T20:45:00-0400,-65.9817,0.018
038441c925bb,3781,2018-08-14T20:45:05-0400,-66.8716,0.0185
038441c925bb,3782,2018-08-14T20:45:10-0400,-67.7337,0.0187
038441c925bb,3783,2018-08-14T20:45:15-0400,-68.3499,0.0173
038441c925bb,3784,2018-08-14T20:45:20-0400,-69.2069,0.0174
038441c925bb,3785,2018-08-14T20:45:25-0400,-69.3792,0.0165
038441c925bb,3786,2018-08-14T20:45:30-0400,-69.3397,0.019
038441c925bb,3787,2018-08-14T20:45:35-0400,-66.5946,0.0273
038441c925bb,3788,2018-08-14T20:45:40-0400,-66.2332,0.0182
038441c925bb,3789,2018-08-14T20:45:45-0400,-67.7208,0.0175
038441c925bb,3790,2018-08-14T20:45:50-0400,-68.2797,0.0168
038441c925bb,3791,2018-08-14T20:45:55-0400,-67.3813,0.0181
038441c925bb,3792,2018-08-14T20:46:00-0400,-64.5134,0.0187
038441c925bb,3793,2018-08-14T20:46:05-0400,-63.9611,0.0179
038441c925bb,3794,2018-08-14T20:46:10-0400,-63.8699,0.0182
038441c925bb,3795,2018-08-14T20:46:15-0400,-64.3058,0.0187
038441c925bb,3796,2018-08-14T20:46:20-0400,-64.2737,0.018
038441c925bb,3797,2018-08-14T20:46:25-0400,-68.0832,0.0237
038441c925bb,3798,2018-08-14T20:46:30-0400,-71.5898,0.0181
038441c925bb,3799,2018-08-14T20:46:35-0400,-70.4225,0.0178
038441c925bb,3800,2018-08-14T20:46:40-0400,-69.5569,0.0182
038441c925bb,3801,2018-08-14T20:46:45-0400,-69.5271,0.0164
038441c925bb,3802,2018-08-14T20:46:50-0400,-71.0257,0.0178
038441c925bb,3803,2018-08-14T20:46:55-0400,-70.098,0.0185
038441c925bb,3804,2018-08-14T20:47:00-0400,-67.661,0.0183
038441c925bb,3805,2018-08-14T20:47:05-0400,-68.0159,0.0179
038441c925bb,3806,2018-08-14T20:47:10-0400,-68.2008,0.0174
038441c925bb,3807,2018-08-14T20:47:15-0400,-68.5979,0.0167
038441c925bb,3808,2018-08-14T20:47:20-0400,-69.2274,0.0165
038441c925bb,3809,2018-08-14T20:47:25-0400,-69.5351,0.017
038441c925bb,3810,2018-08-14T20:47:30-0400,-69.8828,0.0166
038441c925bb,3811,2018-08-14T20:47:35-0400,-70.309,0.017
038441c925bb,3812,2018-08-14T20:47:40-0400,-70.559,0.0168
038441c925bb,3813,2018-08-14T20:47:45-0400,-70.8493,0.0174
038441c925bb,3814,2018-08-14T20:47:50-0400,-71.0775,0.0178
038441c925bb,3815,2018-08-14T20:47:55-0400,-71.1953,0.0173
038441c925bb,3816,2018-08-14T20:48:00-0400,-70.7213,0.0188
038441c925bb,3817,2018-08-14T20:48:05-0400,-72.9896,0.0173
038441c925bb,3818,2018-08-14T20:48:10-0400,-69.5752,0.0187
038441c925bb,3819,2018-08-14T20:48:15-0400,-73.4475,0.0318
038441c925bb,3820,2018-08-14T20:48:20-0400,-77.335,0.0132
038441c925bb,3821,2018-08-14T20:48:25-0400,-77.6454,0.0126
038441c925bb,3822,2018-08-14T20:48:30-0400,-77.7691,0.0123
038441c925bb,3823,2018-08-14T20:48:35-0400,-77.8252,0.0125
038441c925bb,3824,2018-08-14T20:48:40-0400,-77.9469,0.012
038441c925bb,3825,2018-08-14T20:48:45-0400,-77.9734,0.0122
038441c925bb,3826,2018-08-14T20:48:50-0400,-78.1292,0.0127
038441c925bb,3827,2018-08-14T20:48:55-0400,-78.1383,0.0123
038441c925bb,3828,2018-08-14T20:49:00-0400,-77.9388,0.0111
038441c925bb,3829,2018-08-14T20:49:05-0400,-77.7481,0.0116
038441c925bb,3830,2018-08-14T20:49:10-0400,-77.8365,0.0115
038441c925bb,3831,2018-08-14T20:49:15-0400,-77.9577,0.0118
038441c925bb,3832,2018-08-14T20:49:20-0400,-77.937,0.0112
038441c925bb,3833,2018-08-14T20:49:25-0400,-77.8727,0.0115
038441c925bb,3834,2018-08-14T20:49:30-0400,-77.7602,0.0114
038441c925bb,3835,2018-08-14T20:49:35-0400,-78.0791,0.0118
038441c925bb,3836,2018-08-14T20:49:40-0400,-77.9166,0.0116
038441c925bb,3837,2018-08-14T20:49:45-0400,-77.1903,0.0117
038441c925bb,3838,2018-08-14T20:49:50-0400,-77.4232,0.0114
038441c925bb,3839,2018-08-14T20:49:55-0400,-77.2334,0.0115
038441c925bb,3840,2018-08-14T20:50:00-0400,-77.5725,0.0113
038441c925bb,3841,2018-08-14T20:50:05-0400,-76.8808,0.0127
038441c925bb,3842,2018-08-14T20:50:10-0400,-76.6847,0.0124
038441c925bb,3843,2018-08-14T20:50:15-0400,-77.2165,0.0116
038441c925bb,3844,2018-08-14T20:50:20-0400,-77.3111,0.0117
038441c925bb,3845,2018-08-14T20:50:25-0400,-77.1721,0.0118
038441c925bb,3846,2018-08-14T20:50:30-0400,-77.0953,0.0116
038441c925bb,3847,2018-08-14T20:50:35-0400,-74.7591,0.0138
038441c925bb,3848,2018-08-14T20:50:40-0400,-70.5109,0.0164
038441c925bb,3849,2018-08-14T20:50:45-0400,-71.3216,0.0183
038441c925bb,3850,2018-08-14T20:50:50-0400,-71.453,0.018
038441c925bb,3851,2018-08-14T20:50:55-0400,-71.8666,0.0183
038441c925bb,3852,2018-08-14T20:51:00-0400,-72.5567,0.0178
038441c925bb,3853,2018-08-14T20:51:05-0400,-72.8083,0.0177
038441c925bb,3854,2018-08-14T20:51:10-0400,-72.1483,0.0177
038441c925bb,3855,2018-08-14T20:51:15-0400,-70.3255,0.0177
038441c925bb,3856,2018-08-14T20:51:20-0400,-71.0593,0.0178
038441c925bb,3857,2018-08-14T20:51:25-0400,-72.4841,0.0192
038441c925bb,3858,2018-08-14T20:51:30-0400,-73.0873,0.0184
038441c925bb,3859,2018-08-14T20:51:35-0400,-73.2651,0.0187
038441c925bb,3860,2018-08-14T20:51:40-0400,-73.7027,0.0178
038441c925bb,3861,2018-08-14T20:51:45-0400,-47.9973,0.0649
038441c925bb,3862,2018-08-14T20:51:50-0400,2.2297,0.03
038441c925bb,3863,2018-08-14T20:51:55-0400,9.6037,0.0208
038441c925bb,3864,2018-08-14T20:52:00-0400,-19.5766,0.0225
038441c925bb,3865,2018-08-14T20:52:05-0400,-18.9276,0.0121
038441c925bb,3866,2018-08-14T20:52:10-0400,-15.8295,0.0159
038441c925bb,3867,2018-08-14T20:52:15-0400,-13.3864,0.0129
038441c925bb,3868,2018-08-14T20:52:20-0400,-7.2446,0.0176
038441c925bb,3869,2018-08-14T20:52:25-0400,-6.7387,0.0168
038441c925bb,3870,2018-08-14T20:52:30-0400,-7.2477,0.0146
038441c925bb,3871,2018-08-14T20:52:35-0400,-8.3562,0.0132
038441c925bb,3872,2018-08-14T20:52:40-0400,-11.8223,0.0207
038441c925bb,3873,2018-08-14T20:52:45-0400,-19.9591,0.0117
038441c925bb,3874,2018-08-14T20:52:50-0400,-20.1486,0.0087
038441c925bb,3875,2018-08-14T20:52:55-0400,-19.9646,0.0082
038441c925bb,3876,2018-08-14T20:53:00-0400,-19.9173,0.0073
038441c925bb,3877,2018-08-14T20:53:05-0400,-12.1548,0.0141
038441c925bb,3878,2018-08-14T20:53:10-0400,-14.1426,0.0102
038441c925bb,3879,2018-08-14T20:53:15-0400,-15.4692,0.0099
038441c925bb,3880,2018-08-14T20:53:20-0400,-15.6546,0.0108
038441c925bb,3881,2018-08-14T20:53:25-0400,-15.7769,0.0154
038441c925bb,3882,2018-08-14T20:53:30-0400,-13.4566,0.0131
038441c925bb,3883,2018-08-14T20:53:35-0400,-14.7746,0.0099
038441c925bb,3884,2018-08-14T20:53:40-0400,-14.6482,0.0111
038441c925bb,3885,2018-08-14T20:53:45-0400,-14.7639,0.0118
038441c925bb,3886,2018-08-14T20:53:50-0400,-13.8425,0.0123
038441c925bb,3887,2018-08-14T20:53:55-0400,-14.1659,0.0152
038441c925bb,3888,2018-08-14T20:54:00-0400,-14.2191,0.0142
038441c925bb,3889,2018-08-14T20:54:05-0400,-16.8206,0.0218
038441c925bb,3890,2018-08-14T20:54:10-0400,-9.6787,0.0213
038441c925bb,3891,2018-08-14T20:54:15-0400,-9.3502,0.0042
038441c925bb,3892,2018-08-14T20:54:20-0400,-10.1646,0.0019
038441c925bb,3893,2018-08-14T20:54:25-0400,-10.365,0.0021
038441c925bb,3894,2018-08-14T20:54:30-0400,-10.0777,0.0024
038441c925bb,3895,2018-08-14T20:54:35-0400,-9.8117,0.0026
038441c925bb,3896,2018-08-14T20:54:40-0400,-9.7185,0.0036
038441c925bb,3897,2018-08-14T20:54:45-0400,-9.3109,0.0037
038441c925bb,3898,2018-08-14T20:54:50-0400,-9.2158,0.0038
038441c925bb,3899,2018-08-14T20:54:55-0400,-9.3552,0.002
038441c925bb,3900,2018-08-14T20:55:00-0400,-9.6186,0.0029
038441c925bb,3901,2018-08-14T20:55:05-0400,-8.0048,0.0106
038441c925bb,3902,2018-08-14T20:55:10-0400,-8.2642,0.0096
038441c925bb,3903,2018-08-14T20:55:15-0400,-9.4372,0.0039
038441c925bb,3904,2018-08-14T20:55:20-0400,-9.7673,0.0041
038441c925bb,3905,2018-08-14T20:55:25-0400,-9.2837,0.0162
038441c925bb,3906,2018-08-14T20:55:30-0400,0.2091,0.0133
038441c925bb,3907,2018-08-14T20:55:35-0400,-3.7243,0.0112
038441c925bb,3908,2018-08-14T20:55:40-0400,-6.1433,0.0149
038441c925bb,3909,2018-08-14T20:55:45-0400,-5.4486,0.0123
038441c925bb,3910,2018-08-14T20:55:50-0400,5.8298,0.0273
038441c925bb,3911,2018-08-14T20:55:55-0400,6.9831,0.0006
038441c925bb,3912,2018-08-14T20:56:00-0400,5.8168,0.0033
038441c925bb,3913,2018-08-14T20:56:05-0400,5.8604,0.0027
038441c925bb,3914,2018-08-14T20:56:10-0400,-14.808,0.1165
038441c925bb,3915,2018-08-14T20:56:15-0400,-18.4817,0.0117
038441c925bb,3916,2018-08-14T20:56:20-0400,-17.4173,0.0111
038441c925bb,3917,2018-08-14T20:56:25-0400,-21.1347,0.0284
038441c925bb,3918,2018-08-14T20:56:30-0400,-28.0925,0.0317
038441c925bb,3919,2018-08-14T20:56:35-0400,-73.2054,0.0552
038441c925bb,3920,2018-08-14T20:56:40-0400,-69.1422,0.0172
038441c925bb,3921,2018-08-14T20:56:45-0400,-68.676,0.0179
038441c925bb,3922,2018-08-14T20:56:50-0400,-63.7825,0.0187
038441c925bb,3923,2018-08-14T20:56:55-0400,-64.3297,0.0181
038441c925bb,3924,2018-08-14T20:57:00-0400,-65.0035,0.0173
038441c925bb,3925,2018-08-14T20:57:05-0400,-65.3149,0.0172
038441c925bb,3926,2018-08-14T20:57:10-0400,-66.5209,0.0214
038441c925bb,3927,2018-08-14T20:57:15-0400,-67.537,0.0183
038441c925bb,3928,2018-08-14T20:57:20-0400,-67.6269,0.0189
038441c925bb,3929,2018-08-14T20:57:25-0400,-67.9287,0.0186
038441c925bb,3930,2018-08-14T20:57:30-0400,-67.9337,0.0185
038441c925bb,3931,2018-08-14T20:57:35-0400,-67.933,0.0186
038441c925bb,3932,2018-08-14T20:57:40-0400,-68.1813,0.0182
038441c925bb,3933,2018-08-14T20:57:45-0400,-70.9548,0.0182
038441c925bb,3934,2018-08-14T20:57:50-0400,-72.5892,0.0188
038441c925bb,3935,2018-08-14T20:57:55-0400,-73.1365,0.0195
038441c925bb,3936,2018-08-14T20:58:00-0400,-73.5187,0.0187
038441c925bb,3937,2018-08-14T20:58:05-0400,-72.8389,0.0211
038441c925bb,3938,2018-08-14T20:58:10-0400,-68.8648,0.0176
038441c925bb,3939,2018-08-14T20:58:15-0400,-69.3978,0.0174
038441c925bb,3940,2018-08-14T20:58:20-0400,-69.7658,0.0187
038441c925bb,3941,2018-08-14T20:58:25-0400,-70.8951,0.0177
038441c925bb,3942,2018-08-14T20:58:30-0400,-71.4501,0.0183
038441c925bb,3943,2018-08-14T20:58:35-0400,-72.0712,0.0194
038441c925bb,3944,2018-08-14T20:58:40-0400,-72.5299,0.0197
038441c925bb,3945,2018-08-14T20:58:45-0400,-72.9218,0.0196
038441c925bb,3946,2018-08-14T20:58:50-0400,-73.218,0.0191
038441c925bb,3947,2018-08-14T20:58:55-0400,-73.3464,0.0186
038441c925bb,3948,2018-08-14T20:59:00-0400,-73.7437,0.0183
038441c925bb,3949,2018-08-14T20:59:05-0400,-74.4937,0.0176
038441c925bb,3950,2018-08-14T20:59:10-0400,-79.0379,0.0145
038441c925bb,3951,2018-08-14T20:59:15-0400,-79.5876,0.0143
038441c925bb,3952,2018-08-14T20:59:20-0400,-79.1337,0.0141
038441c925bb,3953,2018-08-14T20:59:25-0400,-78.0684,0.0144
038441c925bb,3954,2018-08-14T20:59:30-0400,-79.3753,0.0137
038441c925bb,3955,2018-08-14T20:59:35-0400,-80.4076,0.0134
038441c925bb,3956,2018-08-14T20:59:40-0400,-80.994,0.0146
038441c925bb,3957,2018-08-14T20:59:45-0400,-81.2525,0.0136
038441c925bb,3958,2018-08-14T20:59:50-0400,-81.3798,0.0152
038441c925bb,3959,2018-08-14T20:59:55-0400,-80.9146,0.0149
038441c925bb,3960,2018-08-14T21:00:00-0400,-80.2102,0.0147
038441c925bb,3961,2018-08-14T21:00:05-0400,-79.9113,0.0137
038441c925bb,3962,2018-08-14T21:00:10-0400,-80.2404,0.0137
038441c925bb,3963,2018-08-14T21:00:15-0400,-80.8162,0.0132
038441c925bb,3964,2018-08-14T21:00:20-0400,-80.8724,0.0133
038441c925bb,3965,2018-08-14T21:00:25-0400,-80.802,0.0136
038441c925bb,3966,2018-08-14T21:00:30-0400,-80.7953,0.0133
038441c925bb,3967,2018-08-14T21:00:35-0400,-80.7147,0.0142
038441c925bb,3968,2018-08-14T21:00:40-0400,-80.1512,0.0145
038441c925bb,3969,2018-08-14T21:00:45-0400,-80.2803,0.0142
038441c925bb,3970,2018-08-14T21:00:50-0400,-80.706,0.0141
038441c925bb,3971,2018-08-14T21:00:55-0400,-80.5611,0.0143
038441c925bb,3972,2018-08-14T21:01:00-0400,-81.1218,0.0136
038441c925bb,3973,2018-08-14T21:01:05-0400,-81.4146,0.0143
038441c925bb,3974,2018-08-14T21:01:10-0400,-75.5884,0.0205
038441c925bb,3975,2018-08-14T21:01:15-0400,-76.6231,0.0129
038441c925bb,3976,2018-08-14T21:01:20-0400,-77.5593,0.0127
038441c925bb,3977,2018-08-14T21:01:25-0400,-78.2275,0.0126
038441c925bb,3978,2018-08-14T21:01:30-0400,-78.5574,0.0129
038441c925bb,3979,2018-08-14T21:01:35-0400,-79.8418,0.0129
038441c925bb,3980,2018-08-14T21:01:40-0400,-79.3909,0.0128
038441c925bb,3981,2018-08-14T21:01:45-0400,-79.3616,0.013
038441c925bb,3982,2018-08-14T21:01:50-0400,-79.6417,0.0128
038441c925bb,3983,2018-08-14T21:01:55-0400,-79.8687,0.0129
038441c925bb,3984,2018-08-14T21:02:00-0400,-79.469,0.0144
038441c925bb,3985,2018-08-14T21:02:05-0400,-72.2435,0.02
038441c925bb,3986,2018-08-14T21:02:10-0400,-73.4546,0.0189
038441c925bb,3987,2018-08-14T21:02:15-0400,-73.7845,0.0185
038441c925bb,3988,2018-08-14T21:02:20-0400,-73.1315,0.0186
038441c925bb,3989,2018-08-14T21:02:25-0400,-72.6446,0.0196
038441c925bb,3990,2018-08-14T21:02:30-0400,-73.234,0.0207
038441c925bb,3991,2018-08-14T21:02:35-0400,-71.8394,0.0592
038441c925bb,3992,2018-08-14T21:02:40-0400,-74.2329,0.017
038441c925bb,3993,2018-08-14T21:02:45-0400,-76.8152,0.0134
038441c925bb,3994,2018-08-14T21:02:50-0400,-77.6264,0.0135
038441c925bb,3995,2018-08-14T21:02:55-0400,-78.11,0.0143
038441c925bb,3996,2018-08-14T21:03:00-0400,-78.8527,0.0136
038441c925bb,3997,2018-08-14T21:03:05-0400,-79.0124,0.0138
038441c925bb,3998,2018-08-14T21:03:10-0400,-79.1286,0.0147
038441c925bb,3999,2018-08-14T21:03:15-0400,-79.2075,0.0141
038441c925bb,4000,2018-08-14T21:03:20-0400,-79.5363,0.0135
038441c925bb,4001,2018-08-14T21:03:25-0400,-78.9892,0.014
038441c925bb,4002,2018-08-14T21:03:30-0400,-78.3675,0.0133
038441c925bb,4003,2018-08-14T21:03:35-0400,-78.4045,0.0131
038441c925bb,4004,2018-08-14T21:03:40-0400,-79.5617,0.0133
038441c925bb,4005,2018-08-14T21:03:45-0400,-79.8297,0.0132
038441c925bb,4006,2018-08-14T21:03:50-0400,-80.3666,0.0136
038441c925bb,4007,2018-08-14T21:03:55-0400,-85.8801,0.0139
038441c925bb,4008,2018-08-14T21:04:00-0400,-85.7395,0.0144
038441c925bb,4009,2018-08-14T21:04:05-0400,-84.9461,0.014
038441c925bb,4010,2018-08-14T21:04:10-0400,-84.6367,0.014
038441c925bb,4011,2018-08-14T21:04:15-0400,-84.2013,0.0137
038441c925bb,4012,2018-08-14T21:04:20-0400,-83.9826,0.0142
038441c925bb,4013,2018-08-14T21:04:25-0400,-83.7391,0.0139
038441c925bb,4014,2018-08-14T21:04:30-0400,-82.2793,0.0134
038441c925bb,4015,2018-08-14T21:04:35-0400,-82.2945,0.0142
038441c925bb,4016,2018-08-14T21:04:40-0400,-81.899,0.0148
038441c925bb,4017,2018-08-14T21:04:45-0400,-82.0106,0.0137
038441c925bb,4018,2018-08-14T21:04:50-0400,-82.7289,0.0137
038441c925bb,4019,2018-08-14T21:04:55-0400,-82.7764,0.0138
038441c925bb,4020,2018-08-14T21:05:00-0400,-82.7526,0.0136
038441c925bb,4021,2018-08-14T21:05:05-0400,-82.8921,0.0141
038441c925bb,4022,2018-08-14T21:05:10-0400,-83.0007,0.014
038441c925bb,4023,2018-08-14T21:05:15-0400,-81.8652,0.014
038441c925bb,4024,2018-08-14T21:05:20-0400,-70.0003,0.0192
038441c925bb,4025,2018-08-14T21:05:25-0400,-74.2936,0.0171
038441c925bb,4026,2018-08-14T21:05:30-0400,-75.4278,0.0154
038441c925bb,4027,2018-08-14T21:05:35-0400,-75.2459,0.0165
038441c925bb,4028,2018-08-14T21:05:40-0400,-77.4687,0.0145
038441c925bb,4029,2018-08-14T21:05:45-0400,-79.365,0.0144
038441c925bb,4030,2018-08-14T21:05:50-0400,-81.2924,0.0154
038441c925bb,4031,2018-08-14T21:05:55-0400,-81.6263,0.016
038441c925bb,4032,2018-08-14T21:06:00-0400,-82.3657,0.0162
038441c925bb,4033,2018-08-14T21:06:05-0400,-82.2128,0.016
038441c925bb,4034,2018-08-14T21:06:10-0400,-81.9804,0.0158
038441c925bb,4035,2018-08-14T21:06:15-0400,-82.3706,0.0158
038441c925bb,4036,2018-08-14T21:06:20-0400,-82.1341,0.016
038441c925bb,4037,2018-08-14T21:06:25-0400,-82.5707,0.0157
038441c925bb,4038,2018-08-14T21:06:30-0400,-80.893,0.0161
038441c925bb,4039,2018-08-14T21:06:35-0400,-80.3826,0.0163
038441c925bb,4040,2018-08-14T21:06:40-0400,-64.3296,0.1686
038441c925bb,4041,2018-08-14T21:06:45-0400,-14.7901,0.0827
038441c925bb,4042,2018-08-14T21:06:50-0400,-4.4118,0.0135
038441c925bb,4043,2018-08-14T21:06:55-0400,-6.072,0.0111
038441c925bb,4044,2018-08-14T21:07:00-0400,-21.6899,0.0261
038441c925bb,4045,2018-08-14T21:07:05-0400,-14.7243,0.0313
038441c925bb,4046,2018-08-14T21:07:10-0400,-8.491,0.0111
038441c925bb,4047,2018-08-14T21:07:15-0400,-9.4991,0.0111
038441c925bb,4048,2018-08-14T21:07:20-0400,-9.7366,0.01
038441c925bb,4049,2018-08-14T21:07:25-0400,-9.8148,0.0099
038441c925bb,4050,2018-08-14T21:07:30-0400,-10.1523,0.0117
038441c925bb,4051,2018-08-14T21:07:35-0400,-10.0926,0.0127
038441c925bb,4052,2018-08-14T21:07:40-0400,-10.4431,0.0123
038441c925bb,4053,2018-08-14T21:07:45-0400,-10.8673,0.011
038441c925bb,4054,2018-08-14T21:07:50-0400,-11.0722,0.0112
038441c925bb,4055,2018-08-14T21:07:55-0400,-11.1082,0.0117
038441c925bb,4056,2018-08-14T21:08:00-0400,-11.1335,0.0126
038441c925bb,4057,2018-08-14T21:08:05-0400,-11.4598,0.0118
038441c925bb,4058,2018-08-14T21:08:10-0400,-11.0654,0.0103
038441c925bb,4059,2018-08-14T21:08:15-0400,-10.9411,0.0099
038441c925bb,4060,2018-08-14T21:08:20-0400,-11.1404,0.0099
038441c925bb,4061,2018-08-14T21:08:25-0400,-11.1177,0.0104
038441c925bb,4062,2018-08-14T21:08:30-0400,-10.8041,0.0118
038441c925bb,4063,2018-08-14T21:08:35-0400,-10.4415,0.0112
038441c925bb,4064,2018-08-14T21:08:40-0400,-11.1911,0.0165
038441c925bb,4065,2018-08-14T21:08:45-0400,-14.5706,0.0199
038441c925bb,4066,2018-08-14T21:08:50-0400,-14.1542,0.0135
038441c925bb,4067,2018-08-14T21:08:55-0400,-7.9652,0.0134
038441c925bb,4068,2018-08-14T21:09:00-0400,-7.1179,0.0077
038441c925bb,4069,2018-08-14T21:09:05-0400,-5.1684,0.0073
038441c925bb,4070,2018-08-14T21:09:10-0400,-2.2451,0.0091
038441c925bb,4071,2018-08-14T21:09:15-0400,-2.1296,0.0093
038441c925bb,4072,2018-08-14T21:09:20-0400,-2.2898,0.0089
038441c925bb,4073,2018-08-14T21:09:25-0400,-7.6555,0.0244
038441c925bb,4074,2018-08-14T21:09:30-0400,-12.0498,0.0141
038441c925bb,4075,2018-08-14T21:09:35-0400,-11.5972,0.0053
038441c925bb,4076,2018-08-14T21:09:40-0400,-12.3519,0.0075
038441c925bb,4077,2018-08-14T21:09:45-0400,-12.0303,0.0074
038441c925bb,4078,2018-08-14T21:09:50-0400,-8.6242,0.0099
038441c925bb,4079,2018-08-14T21:09:55-0400,-8.2227,0.0112
038441c925bb,4080,2018-08-14T21:10:00-0400,-10.1418,0.0136
038441c925bb,4081,2018-08-14T21:10:05-0400,-8.6099,0.0101
038441c925bb,4082,2018-08-14T21:10:10-0400,1.4036,0.0076
038441c925bb,4083,2018-08-14T21:10:15-0400,0.3129,0.0204
038441c925bb,4084,2018-08-14T21:10:20-0400,-8.1868,0.0146
038441c925bb,4085,2018-08-14T21:10:25-0400,-9.5483,0.0163
038441c925bb,4086,2018-08-14T21:10:30-0400,-16.5172,0.0279
038441c925bb,4087,2018-08-14T21:10:35-0400,-17.0762,0.0208
038441c925bb,4088,2018-08-14T21:10:40-0400,-15.8647,0.0202
038441c925bb,4089,2018-08-14T21:10:45-0400,-10.8261,0.0181
038441c925bb,4090,2018-08-14T21:10:50-0400,-11.0132,0.0179
038441c925bb,4091,2018-08-14T21:10:55-0400,-11.2924,0.0179
038441c925bb,4092,2018-08-14T21:11:00-0400,-12.372,0.0215
038441c925bb,4093,2018-08-14T21:11:05-0400,-13.9872,0.0175
038441c925bb,4094,2018-08-14T21:11:10-0400,-14.7795,0.0182
038441c925bb,4095,2018-08-14T21:11:15-0400,-16.4307,0.0118
038441c925bb,4096,2018-08-14T21:11:20-0400,-19.2732,0.0012
038441c925bb,4097,2018-08-14T21:11:25-0400,-14.8693,0.0123
038441c925bb,4098,2018-08-14T21:11:30-0400,-12.9885,0.0108
038441c925bb,4099,2018-08-14T21:11:35-0400,-12.6442,0.0164
038441c925bb,4100,2018-08-14T21:11:40-0400,-39.5613,0.0714
038441c925bb,4101,2018-08-14T21:11:45-0400,-43.2638,0.0164
038441c925bb,4102,2018-08-14T21:11:50-0400,-44.7371,0.0165
038441c925bb,4103,2018-08-14T21:11:55-0400,-28.7962,0.0252
038441c925bb,4104,2018-08-14T21:12:00-0400,-18.9699,0.0126
038441c925bb,4105,2018-08-14T21:12:05-0400,5.742,0.0037
038441c925bb,4106,2018-08-14T21:12:10-0400,19.1985,0.0003
038441c925bb,4107,2018-08-14T21:12:15-0400,-4.1323,0.0132
038441c925bb,4108,2018-08-14T21:12:20-0400,-13.137,0.0084
038441c925bb,4109,2018-08-14T21:12:25-0400,-7.2089,0.0033
038441c925bb,4110,2018-08-14T21:12:30-0400,-27.0567,0.0106
038441c925bb,4111,2018-08-14T21:12:35-0400,-43.4124,0.0102
038441c925bb,4112,2018-08-14T21:12:40-0400,-43.359,0.0084
038441c925bb,4113,2018-08-14T21:12:45-0400,-43.4758,0.0085
038441c925bb,4114,2018-08-14T21:12:50-0400,-42.6667,0.0092
038441c925bb,4115,2018-08-14T21:12:55-0400,-42.4194,0.01
038441c925bb,4116,2018-08-14T21:13:00-0400,-42.9383,0.0099
038441c925bb,4117,2018-08-14T21:13:05-0400,-43.2514,0.0094
038441c925bb,4118,2018-08-14T21:13:10-0400,-43.1614,0.0094
038441c925bb,4119,2018-08-14T21:13:15-0400,-43.3386,0.0091
038441c925bb,4120,2018-08-14T21:13:20-0400,-43.4394,0.0097
038441c925bb,4121,2018-08-14T21:13:25-0400,-43.4884,0.0099
038441c925bb,4122,2018-08-14T21:13:30-0400,-43.5762,0.0101
038441c925bb,4123,2018-08-14T21:13:35-0400,-42.1512,0.01
038441c925bb,4124,2018-08-14T21:13:40-0400,-24.2006,0.0163
038441c925bb,4125,2018-08-14T21:13:45-0400,-35.8553,0.0097
038441c925bb,4126,2018-08-14T21:13:50-0400,-35.2304,0.0092
038441c925bb,4127,2018-08-14T21:13:55-0400,-35.2291,0.0086
038441c925bb,4128,2018-08-14T21:14:00-0400,-36.805,0.0083
038441c925bb,4129,2018-08-14T21:14:05-0400,-40.286,0.0077
038441c925bb,4130,2018-08-14T21:14:10-0400,-40.1769,0.0086
038441c925bb,4131,2018-08-14T21:14:15-0400,-40.0787,0.016
038441c925bb,4132,2018-08-14T21:14:20-0400,-62.1791,0.0252
038441c925bb,4133,2018-08-14T21:14:25-0400,-66.7245,0.0194
038441c925bb,4134,2018-08-14T21:14:30-0400,-66.4419,0.0201
038441c925bb,4135,2018-08-14T21:14:35-0400,-65.4721,0.0183
038441c925bb,4136,2018-08-14T21:14:40-0400,-66.0045,0.0194
038441c925bb,4137,2018-08-14T21:14:45-0400,-66.391,0.0187
038441c925bb,4138,2018-08-14T21:14:50-0400,-32.7871,0.1224
038441c925bb,4139,2018-08-14T21:14:55-0400,-13.0425,0.0301
038441c925bb,4140,2018-08-14T21:15:00-0400,-25.169,0.1146
038441c925bb,4141,2018-08-14T21:15:05-0400,-56.7293,0.0197
038441c925bb,4142,2018-08-14T21:15:10-0400,-59.1288,0.0218
038441c925bb,4143,2018-08-14T21:15:15-0400,-71.551,0.0919
038441c925bb,4144,2018-08-14T21:15:20-0400,-80.1583,0.0312
038441c925bb,4145,2018-08-14T21:15:25-0400,-78.3258,0.0151
038441c925bb,4146,2018-08-14T21:15:30-0400,-80.8535,0.0211
038441c925bb,4147,2018-08-14T21:15:35-0400,-74.3285,0.0272
038441c925bb,4148,2018-08-14T21:15:40-0400,-68.1416,0.018
038441c925bb,4149,2018-08-14T21:15:45-0400,-69.1626,0.0178
038441c925bb,4150,2018-08-14T21:15:50-0400,-69.7965,0.018
038441c925bb,4151,2018-08-14T21:15:55-0400,-70.1174,0.0183
038441c925bb,4152,2018-08-14T21:16:00-0400,-70.6282,0.0185
038441c925bb,4153,2018-08-14T21:16:05-0400,-70.4753,0.0186
038441c925bb,4154,2018-08-14T21:16:10-0400,-70.9374,0.0183
038441c925bb,4155,2018-08-14T21:16:15-0400,-70.9459,0.0194
038441c925bb,4156,2018-08-14T21:16:20-0400,-69.835,0.0203
038441c925bb,4157,2018-08-14T21:16:25-0400,-74.1832,0.0174
038441c925bb,4158,2018-08-14T21:16:30-0400,-76.4867,0.0146
038441c925bb,4159,2018-08-14T21:16:35-0400,-76.2795,0.0184
038441c925bb,4160,2018-08-14T21:16:40-0400,-71.9738,0.0194
038441c925bb,4161,2018-08-14T21:16:45-0400,-72.5061,0.0205
038441c925bb,4162,2018-08-14T21:16:50-0400,-72.991,0.0198
038441c925bb,4163,2018-08-14T21:16:55-0400,-74.1737,0.018
038441c925bb,4164,2018-08-14T21:17:00-0400,-74.9356,0.0159
038441c925bb,4165,2018-08-14T21:17:05-0400,-75.4213,0.0154
038441c925bb,4166,2018-08-14T21:17:10-0400,-75.7713,0.0149
038441c925bb,4167,2018-08-14T21:17:15-0400,-76.041,0.0144
038441c925bb,4168,2018-08-14T21:17:20-0400,-76.5262,0.0141
038441c925bb,4169,2018-08-14T21:17:25-0400,-72.7408,0.0212
038441c925bb,4170,2018-08-14T21:17:30-0400,-72.4117,0.0196
038441c925bb,4171,2018-08-14T21:17:35-0400,-72.9077,0.0198
038441c925bb,4172,2018-08-14T21:17:40-0400,-74.1907,0.0183
038441c925bb,4173,2018-08-14T21:17:45-0400,-76.7111,0.0208
038441c925bb,4174,2018-08-14T21:17:50-0400,-79.4402,0.0205
038441c925bb,4175,2018-08-14T21:17:55-0400,-81.3731,0.0205
038441c925bb,4176,2018-08-14T21:18:00-0400,-70.4523,0.0265
038441c925bb,4177,2018-08-14T21:18:05-0400,-60.3824,0.0318
038441c925bb,4178,2018-08-14T21:18:10-0400,-66.6189,0.0192
038441c925bb,4179,2018-08-14T21:18:15-0400,-65.6098,0.0226
038441c925bb,4180,2018-08-14T21:18:20-0400,-67.8706,0.1647
038441c925bb,4181,2018-08-14T21:18:25-0400,-18.9674,0.0983
038441c925bb,4182,2018-08-14T21:18:30-0400,0.2227,0.0662
038441c925bb,4183,2018-08-14T21:18:35-0400,11.8872,0.0034
038441c925bb,4184,2018-08-14T21:18:40-0400,6.9889,0.0224
038441c925bb,4185,2018-08-14T21:18:45-0400,4.1794,0.0078
038441c925bb,4186,2018-08-14T21:18:50-0400,-0.4256,0.1117
038441c925bb,4187,2018-08-14T21:18:55-0400,-10.5736,0.1265
038441c925bb,4188,2018-08-14T21:19:00-0400,-11.1939,0.0129
038441c925bb,4189,2018-08-14T21:19:05-0400,-11.3592,0.0133
038441c925bb,4190,2018-08-14T21:19:10-0400,-12.0332,0.0141
038441c925bb,4191,2018-08-14T21:19:15-0400,-16.0138,0.051
038441c925bb,4192,2018-08-14T21:19:20-0400,10.5319,0.1618
038441c925bb,4193,2018-08-14T21:19:25-0400,43.6471,0.0049
038441c925bb,4194,2018-08-14T21:19:30-0400,41.9946,0.0035
038441c925bb,4195,2018-08-14T21:19:35-0400,46.6113,0.0071
038441c925bb,4196,2018-08-14T21:19:40-0400,56.1314,0.0111
038441c925bb,4197,2018-08-14T21:19:45-0400,55.0336,0.0277
038441c925bb,4198,2018-08-14T21:19:50-0400,-82.5299,0.0563
038441c925bb,4199,2018-08-14T21:19:55-0400,7.5621,0.0336
038441c925bb,4200,2018-08-14T21:20:00-0400,39.3062,0.001
038441c925bb,4201,2018-08-14T21:20:05-0400,44.3328,0.0006
038441c925bb,4202,2018-08-14T21:20:10-0400,43.5666,0.0005
038441c925bb,4203,2018-08-14T21:20:15-0400,39.4418,0.0027
038441c925bb,4204,2018-08-14T21:20:20-0400,19.7617,0.0043
038441c925bb,4205,2018-08-14T21:20:25-0400,15.0974,0.0136
038441c925bb,4206,2018-08-14T21:20:30-0400,-27.9764,0.0268
038441c925bb,4207,2018-08-14T21:20:35-0400,-6.9095,0.017
038441c925bb,4208,2018-08-14T21:20:40-0400,29.209,0.0048
038441c925bb,4209,2018-08-14T21:20:45-0400,47.3199,0.012
038441c925bb,4210,2018-08-14T21:20:50-0400,36.4724,0.0028
038441c925bb,4211,2018-08-14T21:20:55-0400,36.7645,0.0278
038441c925bb,4212,2018-08-14T21:21:00-0400,62.782,0.003
038441c925bb,4213,2018-08-14T21:21:05-0400,76.2903,0.0037
038441c925bb,4214,2018-08-14T21:21:10-0400,81.7398,0.0002
038441c925bb,4215,2018-08-14T21:21:15-0400,81.8348,0.0
038441c925bb,4216,2018-08-14T21:21:20-0400,76.2655,0.0111
038441c925bb,4217,2018-08-14T21:21:25-0400,45.1353,0.0298
038441c925bb,4218,2018-08-14T21:21:30-0400,-63.8397,0.0921
038441c925bb,4219,2018-08-14T21:21:35-0400,-72.3173,0.0214
038441c925bb,4220,2018-08-14T21:21:40-0400,-67.0282,0.0272
038441c925bb,4221,2018-08-14T21:21:45-0400,-71.0963,0.0181
038441c925bb,4222,2018-08-14T21:21:50-0400,-73.2574,0.0177
038441c925bb,4223,2018-08-14T21:21:55-0400,-40.6666,0.2054
038441c925bb,4224,2018-08-14T21:22:00-0400,12.6619,0.0649
038441c925bb,4225,2018-08-14T21:22:05-0400,-17.3625,0.0574
038441c925bb,4226,2018-08-14T21:22:10-0400,-34.9668,0.0851
038441c925bb,4227,2018-08-14T21:22:15-0400,-34.5722,0.1482
038441c925bb,4228,2018-08-14T21:22:20-0400,-7.7176,0.0002
038441c925bb,4229,2018-08-14T21:22:25-0400,-0.2101,0.0
038441c925bb,4230,2018-08-14T21:22:30-0400,2.7635,0.0
038441c925bb,4231,2018-08-14T21:22:35-0400,6.2026,0.0
038441c925bb,4232,2018-08-14T21:22:40-0400,6.9717,0.0
038441c925bb,4233,2018-08-14T21:22:45-0400,7.2181,0.0
038441c925bb,4234,2018-08-14T21:22:50-0400,7.256,0.0
038441c925bb,4235,2018-08-14T21:22:55-0400,7.2465,0.0
038441c925bb,4236,2018-08-14T21:23:00-0400,7.2939,0.0
038441c925bb,4237,2018-08-14T21:23:05-0400,8.3216,0.0
038441c925bb,4238,2018-08-14T21:23:10-0400,8.5286,0.0
038441c925bb,4239,2018-08-14T21:23:15-0400,8.7117,0.0
038441c925bb,4240,2018-08-14T21:23:20-0400,-3.0421,0.0685
038441c925bb,4241,2018-08-14T21:23:25-0400,-62.4257,0.03
038441c925bb,4242,2018-08-14T21:23:30-0400,-77.6405,0.0149
038441c925bb,4243,2018-08-14T21:23:35-0400,-79.5037,0.0157
038441c925bb,4244,2018-08-14T21:23:40-0400,-3.704,0.0237
038441c925bb,4245,2018-08-14T21:23:45-0400,-34.9211,0.0161
038441c925bb,4246,2018-08-14T21:23:50-0400,-45.9639,0.003
038441c925bb,4247,2018-08-14T21:23:55-0400,-54.6183,0.0155
038441c925bb,4248,2018-08-14T21:24:00-0400,-57.3918,0.0199
038441c925bb,4249,2018-08-14T21:24:05-0400,-11.2302,0.0117
038441c925bb,4250,2018-08-14T21:24:10-0400,-1.9083,0.001
038441c925bb,4251,2018-08-14T21:24:15-0400,-1.9314,0.0
038441c925bb,4252,2018-08-14T21:24:20-0400,-2.9374,0.0
038441c925bb,4253,2018-08-14T21:24:25-0400,-14.4681,0.0264
038441c925bb,4254,2018-08-14T21:24:30-0400,-24.3838,1e-04
038441c925bb,4255,2018-08-14T21:24:35-0400,-26.9137,0.0
038441c925bb,4256,2018-08-14T21:24:40-0400,-26.0424,0.0002
038441c925bb,4257,2018-08-14T21:24:45-0400,-26.0315,0.0
038441c925bb,4258,2018-08-14T21:24:50-0400,-26.7451,0.0003
038441c925bb,4259,2018-08-14T21:24:55-0400,-25.3695,0.001
038441c925bb,4260,2018-08-14T21:25:00-0400,-26.5565,1e-04
038441c925bb,4261,2018-08-14T21:25:05-0400,-61.1941,0.0313
038441c925bb,4262,2018-08-14T21:25:10-0400,-84.381,0.0165
038441c925bb,4263,2018-08-14T21:25:15-0400,-78.6772,0.015
038441c925bb,4264,2018-08-14T21:25:20-0400,-75.6246,0.0173
038441c925bb,4265,2018-08-14T21:25:25-0400,-71.2584,0.0172
038441c925bb,4266,2018-08-14T21:25:30-0400,-72.1632,0.0186
038441c925bb,4267,2018-08-14T21:25:35-0400,-72.6304,0.0186
038441c925bb,4268,2018-08-14T21:25:40-0400,-73.5086,0.0179
038441c925bb,4269,2018-08-14T21:25:45-0400,-74.4553,0.0163
038441c925bb,4270,2018-08-14T21:25:50-0400,-74.8239,0.0156
038441c925bb,4271,2018-08-14T21:25:55-0400,-75.154,0.0151
038441c925bb,4272,2018-08-14T21:26:00-0400,-73.3317,0.0426
038441c925bb,4273,2018-08-14T21:26:05-0400,-1.0917,0.1809
038441c925bb,4274,2018-08-14T21:26:10-0400,-19.3838,0.1984
038441c925bb,4275,2018-08-14T21:26:15-0400,0.3445,0.0941
038441c925bb,4276,2018-08-14T21:26:20-0400,-57.6838,0.1631
038441c925bb,4277,2018-08-14T21:26:25-0400,-58.8807,0.0384
038441c925bb,4278,2018-08-14T21:26:30-0400,-41.1744,0.015
038441c925bb,4279,2018-08-14T21:26:35-0400,-42.7698,0.0147
038441c925bb,4280,2018-08-14T21:26:40-0400,-54.7252,0.0253
038441c925bb,4281,2018-08-14T21:26:45-0400,-42.1771,0.037
038441c925bb,4282,2018-08-14T21:26:50-0400,-28.8006,0.1803
038441c925bb,4283,2018-08-14T21:26:55-0400,-24.1582,0.0278
038441c925bb,4284,2018-08-14T21:27:00-0400,-23.6567,0.0217
038441c925bb,4285,2018-08-14T21:27:05-0400,-25.1354,0.0237
038441c925bb,4286,2018-08-14T21:27:10-0400,-24.296,0.0965
038441c925bb,4287,2018-08-14T21:27:15-0400,-17.4619,0.1016
038441c925bb,4288,2018-08-14T21:27:20-0400,-29.0617,0.0764
038441c925bb,4289,2018-08-14T21:27:25-0400,-44.1019,0.0126
038441c925bb,4290,2018-08-14T21:27:30-0400,-44.9538,0.0134
038441c925bb,4291,2018-08-14T21:27:35-0400,-45.2791,0.0132
038441c925bb,4292,2018-08-14T21:27:40-0400,-44.8059,0.0126
038441c925bb,4293,2018-08-14T21:27:45-0400,-42.5887,0.0117
038441c925bb,4294,2018-08-14T21:27:50-0400,-43.7687,0.0341
038441c925bb,4295,2018-08-14T21:27:55-0400,-11.5682,0.0751
038441c925bb,4296,2018-08-14T21:28:00-0400,7.1357,0.0309
038441c925bb,4297,2018-08-14T21:28:05-0400,11.051,0.3306
038441c925bb,4298,2018-08-14T21:28:10-0400,18.7249,0.0934
038441c925bb,4299,2018-08-14T21:28:15-0400,-63.0639,0.0267
038441c925bb,4300,2018-08-14T21:28:20-0400,-55.4263,0.0488
038441c925bb,4301,2018-08-14T21:28:25-0400,-44.5907,0.0084
038441c925bb,4302,2018-08-14T21:28:30-0400,-41.4524,0.0158
038441c925bb,4303,2018-08-14T21:28:35-0400,-43.2586,0.0425
038441c925bb,4304,2018-08-14T21:28:40-0400,-47.424,0.0099
038441c925bb,4305,2018-08-14T21:28:45-0400,-47.2797,0.021
038441c925bb,4306,2018-08-14T21:28:50-0400,-42.9807,0.0058
038441c925bb,4307,2018-08-14T21:28:55-0400,-42.3924,0.0133
038441c925bb,4308,2018-08-14T21:29:00-0400,-49.5382,0.0212
038441c925bb,4309,2018-08-14T21:29:05-0400,-46.8683,0.0137
038441c925bb,4310,2018-08-14T21:29:10-0400,-43.9941,0.0114
038441c925bb,4311,2018-08-14T21:29:15-0400,-35.4916,0.0321
038441c925bb,4312,2018-08-14T21:29:20-0400,-39.3169,0.0107
038441c925bb,4313,2018-08-14T21:29:25-0400,-37.9196,0.0074
038441c925bb,4314,2018-08-14T21:29:30-0400,-36.7091,0.0097
038441c925bb,4315,2018-08-14T21:29:35-0400,-42.8257,0.0419
038441c925bb,4316,2018-08-14T21:29:40-0400,-61.8261,0.0163
038441c925bb,4317,2018-08-14T21:29:45-0400,-60.746,0.0064
038441c925bb,4318,2018-08-14T21:29:50-0400,-38.7812,0.076
038441c925bb,4319,2018-08-14T21:29:55-0400,-32.4605,0.0093
038441c925bb,4320,2018-08-14T21:30:00-0400,-33.3604,0.0109
038441c925bb,4321,2018-08-14T21:30:05-0400,-30.6464,0.0125
038441c925bb,4322,2018-08-14T21:30:10-0400,-27.9613,0.0106
038441c925bb,4323,2018-08-14T21:30:15-0400,-22.0757,0.0138
038441c925bb,4324,2018-08-14T21:30:20-0400,-17.5491,0.0136
038441c925bb,4325,2018-08-14T21:30:25-0400,-22.0663,0.011
038441c925bb,4326,2018-08-14T21:30:30-0400,-22.8558,0.0113
038441c925bb,4327,2018-08-14T21:30:35-0400,-23.1092,0.015
038441c925bb,4328,2018-08-14T21:30:40-0400,-21.1899,0.0115
038441c925bb,4329,2018-08-14T21:30:45-0400,-16.3242,0.0077
038441c925bb,4330,2018-08-14T21:30:50-0400,-7.288,0.0072
038441c925bb,4331,2018-08-14T21:30:55-0400,-1.6889,0.0041
038441c925bb,4332,2018-08-14T21:31:00-0400,-4.6375,0.0039
038441c925bb,4333,2018-08-14T21:31:05-0400,-4.5289,0.0026
038441c925bb,4334,2018-08-14T21:31:10-0400,-3.9246,0.0008
038441c925bb,4335,2018-08-14T21:31:15-0400,-16.6128,0.155
038441c925bb,4336,2018-08-14T21:31:20-0400,0.0322,0.072
038441c925bb,4337,2018-08-14T21:31:25-0400,13.5088,0.0714
038441c925bb,4338,2018-08-14T21:31:30-0400,-19.9366,0.1601
038441c925bb,4339,2018-08-14T21:31:35-0400,-31.1602,0.1598
038441c925bb,4340,2018-08-14T21:31:40-0400,-40.6228,0.0568
038441c925bb,4341,2018-08-14T21:31:45-0400,-7.4727,0.203
038441c925bb,4342,2018-08-14T21:31:50-0400,50.1777,0.069
038441c925bb,4343,2018-08-14T21:31:55-0400,55.2717,1e-04
038441c925bb,4344,2018-08-14T21:32:00-0400,35.2106,0.0448
038441c925bb,4345,2018-08-14T21:32:05-0400,-22.561,0.1161
038441c925bb,4346,2018-08-14T21:32:10-0400,-10.7189,0.2712
038441c925bb,4347,2018-08-14T21:32:15-0400,-17.906,0.7382
038441c925bb,4348,2018-08-14T21:32:20-0400,-8.7849,0.0662
038441c925bb,4349,2018-08-14T21:32:25-0400,-28.8182,0.0245
038441c925bb,4350,2018-08-14T21:32:30-0400,-10.0614,0.3686
038441c925bb,4351,2018-08-14T21:32:35-0400,-9.7392,0.066
038441c925bb,4352,2018-08-14T21:32:40-0400,-14.2248,0.0536
038441c925bb,4353,2018-08-14T21:32:45-0400,-10.5421,0.0417
038441c925bb,4354,2018-08-14T21:32:50-0400,-27.4815,0.0625
038441c925bb,4355,2018-08-14T21:32:55-0400,-29.3911,0.0104
038441c925bb,4356,2018-08-14T21:33:00-0400,-28.596,0.0758
038441c925bb,4357,2018-08-14T21:33:05-0400,-39.7752,0.0383
038441c925bb,4358,2018-08-14T21:33:10-0400,-1.7901,0.0272
038441c925bb,4359,2018-08-14T21:33:15-0400,-1.8199,0.0445
038441c925bb,4360,2018-08-14T21:33:20-0400,-37.2488,0.0191
038441c925bb,4361,2018-08-14T21:33:25-0400,-36.6388,0.0191
038441c925bb,4362,2018-08-14T21:33:30-0400,-37.7995,0.018
038441c925bb,4363,2018-08-14T21:33:35-0400,-39.1192,0.0174
038441c925bb,4364,2018-08-14T21:33:40-0400,-39.0335,0.017
038441c925bb,4365,2018-08-14T21:33:45-0400,-42.5761,0.1802
038441c925bb,4366,2018-08-14T21:33:50-0400,-42.1278,0.0259
038441c925bb,4367,2018-08-14T21:33:55-0400,-41.6286,0.0251
038441c925bb,4368,2018-08-14T21:34:00-0400,-50.0379,0.0188
038441c925bb,4369,2018-08-14T21:34:05-0400,-45.5682,0.0265
038441c925bb,4370,2018-08-14T21:34:10-0400,-31.3091,0.0431
038441c925bb,4371,2018-08-14T21:34:15-0400,-40.3724,0.0416
038441c925bb,4372,2018-08-14T21:34:20-0400,-73.2824,0.0609
038441c925bb,4373,2018-08-14T21:34:25-0400,-69.9326,0.036
038441c925bb,4374,2018-08-14T21:34:30-0400,-71.103,0.043
038441c925bb,4375,2018-08-14T21:34:35-0400,-72.5691,0.0292
038441c925bb,4376,2018-08-14T21:34:40-0400,-56.4773,0.0346
038441c925bb,4377,2018-08-14T21:34:45-0400,-16.1665,0.1753
038441c925bb,4378,2018-08-14T21:34:50-0400,47.3844,0.0202
038441c925bb,4379,2018-08-14T21:34:55-0400,25.0832,0.1401
038441c925bb,4380,2018-08-14T21:35:00-0400,13.0315,0.0064
038441c925bb,4381,2018-08-14T21:35:05-0400,18.139,0.001
038441c925bb,4382,2018-08-14T21:35:10-0400,17.4782,0.0002
038441c925bb,4383,2018-08-14T21:35:15-0400,7.9319,0.0172
038441c925bb,4384,2018-08-14T21:35:20-0400,-32.3149,0.0413
038441c925bb,4385,2018-08-14T21:35:25-0400,12.7599,0.002
038441c925bb,4386,2018-08-14T21:35:30-0400,-10.1842,0.0209
038441c925bb,4387,2018-08-14T21:35:35-0400,-41.3459,0.0324
038441c925bb,4388,2018-08-14T21:35:40-0400,-63.3634,0.0227
038441c925bb,4389,2018-08-14T21:35:45-0400,-12.2065,0.0559
038441c925bb,4390,2018-08-14T21:35:50-0400,-20.7055,0.0118
038441c925bb,4391,2018-08-14T21:35:55-0400,-20.1016,0.0137
038441c925bb,4392,2018-08-14T21:36:00-0400,-16.8389,0.0117
038441c925bb,4393,2018-08-14T21:36:05-0400,-17.8226,0.0121
038441c925bb,4394,2018-08-14T21:36:10-0400,-18.2184,0.0126
038441c925bb,4395,2018-08-14T21:36:15-0400,-50.2107,0.0447
038441c925bb,4396,2018-08-14T21:36:20-0400,-51.6712,0.0479
038441c925bb,4397,2018-08-14T21:36:25-0400,-22.4778,0.0222
038441c925bb,4398,2018-08-14T21:36:30-0400,-35.6027,0.017
038441c925bb,4399,2018-08-14T21:36:35-0400,-37.0828,0.0031
038441c925bb,4400,2018-08-14T21:36:40-0400,-42.2875,0.0144
038441c925bb,4401,2018-08-14T21:36:45-0400,-21.2894,0.0122
038441c925bb,4402,2018-08-14T21:36:50-0400,-24.874,0.0123
038441c925bb,4403,2018-08-14T21:36:55-0400,-38.2302,0.0301
038441c925bb,4404,2018-08-14T21:37:00-0400,-34.0103,0.025
038441c925bb,4405,2018-08-14T21:37:05-0400,-30.4648,0.0299
038441c925bb,4406,2018-08-14T21:37:10-0400,-27.8391,0.0267
038441c925bb,4407,2018-08-14T21:37:15-0400,-26.5309,0.0266
038441c925bb,4408,2018-08-14T21:37:20-0400,-26.4411,0.0263
038441c925bb,4409,2018-08-14T21:37:25-0400,-26.6747,0.0261
038441c925bb,4410,2018-08-14T21:37:30-0400,-37.9434,0.0254
038441c925bb,4411,2018-08-14T21:37:35-0400,-46.9213,0.0036
038441c925bb,4412,2018-08-14T21:37:40-0400,-53.523,0.006
038441c925bb,4413,2018-08-14T21:37:45-0400,-15.1809,0.2709
038441c925bb,4414,2018-08-14T21:37:50-0400,61.2885,0.0249
038441c925bb,4415,2018-08-14T21:37:55-0400,40.9034,0.2948
038441c925bb,4416,2018-08-14T21:38:00-0400,7.9338,0.0987
038441c925bb,4417,2018-08-14T21:38:05-0400,-25.948,0.0783
038441c925bb,4418,2018-08-14T21:38:10-0400,-32.5022,0.0134
038441c925bb,4419,2018-08-14T21:38:15-0400,-35.5493,0.2766
038441c925bb,4420,2018-08-14T21:38:20-0400,-28.1885,0.0957
038441c925bb,4421,2018-08-14T21:38:25-0400,-29.6962,0.3469
038441c925bb,4422,2018-08-14T21:38:30-0400,-30.0587,0.1231
038441c925bb,4423,2018-08-14T21:38:35-0400,-27.1126,0.0272
038441c925bb,4424,2018-08-14T21:38:40-0400,-48.5577,0.0247
038441c925bb,4425,2018-08-14T21:38:45-0400,-49.2915,0.0189
038441c925bb,4426,2018-08-14T21:38:50-0400,-48.7367,0.0176
038441c925bb,4427,2018-08-14T21:38:55-0400,-48.2021,0.0171
038441c925bb,4428,2018-08-14T21:39:00-0400,-48.177,0.0165
038441c925bb,4429,2018-08-14T21:39:05-0400,-48.3034,0.0169
038441c925bb,4430,2018-08-14T21:39:10-0400,-38.5784,0.0257
038441c925bb,4431,2018-08-14T21:39:15-0400,-32.8581,0.0231
038441c925bb,4432,2018-08-14T21:39:20-0400,-14.1559,0.0186
038441c925bb,4433,2018-08-14T21:39:25-0400,13.0856,0.0096
038441c925bb,4434,2018-08-14T21:39:30-0400,12.9546,0.0087
038441c925bb,4435,2018-08-14T21:39:35-0400,16.2908,0.0093
038441c925bb,4436,2018-08-14T21:39:40-0400,18.2929,0.0102
038441c925bb,4437,2018-08-14T21:39:45-0400,18.7605,0.0109
038441c925bb,4438,2018-08-14T21:39:50-0400,5.6338,0.3607
038441c925bb,4439,2018-08-14T21:39:55-0400,6.5794,0.8402
038441c925bb,4440,2018-08-14T21:40:00-0400,11.0452,0.6234
038441c925bb,4441,2018-08-14T21:40:05-0400,-18.7959,0.524
038441c925bb,4442,2018-08-14T21:40:10-0400,-49.833,0.3565
038441c925bb,4443,2018-08-14T21:40:15-0400,-41.8879,0.0165
038441c925bb,4444,2018-08-14T21:40:20-0400,-44.9833,0.3036
038441c925bb,4445,2018-08-14T21:40:25-0400,-33.0377,0.0953
038441c925bb,4446,2018-08-14T21:40:30-0400,-12.7296,0.0296
038441c925bb,4447,2018-08-14T21:40:35-0400,-6.652,0.0186
038441c925bb,4448,2018-08-14T21:40:40-0400,-5.98,0.0278
038441c925bb,4449,2018-08-14T21:40:45-0400,-26.5047,0.3476
038441c925bb,4450,2018-08-14T21:40:50-0400,-23.343,0.0118
038441c925bb,4451,2018-08-14T21:40:55-0400,-28.9857,0.3925
038441c925bb,4452,2018-08-14T21:41:00-0400,-18.0731,0.9683
038441c925bb,4453,2018-08-14T21:41:05-0400,-5.417,0.7606
038441c925bb,4454,2018-08-14T21:41:10-0400,4.4776,0.2116
038441c925bb,4455,2018-08-14T21:41:15-0400,13.0087,0.1434
038441c925bb,4456,2018-08-14T21:41:20-0400,5.6299,0.0616
038441c925bb,4457,2018-08-14T21:41:25-0400,33.1268,0.0381
038441c925bb,4458,2018-08-14T21:41:30-0400,31.0308,0.0238
038441c925bb,4459,2018-08-14T21:41:35-0400,41.4087,0.027
038441c925bb,4460,2018-08-14T21:41:40-0400,40.263,0.0183
038441c925bb,4461,2018-08-14T21:41:45-0400,20.3988,0.0527
038441c925bb,4462,2018-08-14T21:41:50-0400,14.9716,0.0478
038441c925bb,4463,2018-08-14T21:41:55-0400,7.9408,0.0354
038441c925bb,4464,2018-08-14T21:42:00-0400,15.8046,0.08
038441c925bb,4465,2018-08-14T21:42:05-0400,6.379,0.0472
038441c925bb,4466,2018-08-14T21:42:10-0400,29.0918,0.0342
038441c925bb,4467,2018-08-14T21:42:15-0400,-7.2242,0.0419
038441c925bb,4468,2018-08-14T21:42:20-0400,-26.9009,0.0296
038441c925bb,4469,2018-08-14T21:42:25-0400,1.633,0.0346
038441c925bb,4470,2018-08-14T21:42:30-0400,-38.4422,0.0443
038441c925bb,4471,2018-08-14T21:42:35-0400,-42.9078,0.0643
038441c925bb,4472,2018-08-14T21:42:40-0400,-49.4727,0.0298
038441c925bb,4473,2018-08-14T21:42:45-0400,-29.0041,0.0515
038441c925bb,4474,2018-08-14T21:42:50-0400,-21.0889,0.0711
038441c925bb,4475,2018-08-14T21:42:55-0400,2.5827,0.0445
038441c925bb,4476,2018-08-14T21:43:00-0400,-1.0511,0.0947
038441c925bb,4477,2018-08-14T21:43:05-0400,-6.1079,0.4381
038441c925bb,4478,2018-08-14T21:43:10-0400,2.6027,1.0952
038441c925bb,4479,2018-08-14T21:43:15-0400,-18.635,0.2494
038441c925bb,4480,2018-08-14T21:43:20-0400,-47.1618,0.0166
038441c925bb,4481,2018-08-14T21:43:25-0400,-53.9977,0.1237
038441c925bb,4482,2018-08-14T21:43:30-0400,-18.9503,0.0718
038441c925bb,4483,2018-08-14T21:43:35-0400,41.8321,0.2615
038441c925bb,4484,2018-08-14T21:43:40-0400,-6.6599,0.214
038441c925bb,4485,2018-08-14T21:43:45-0400,-10.1849,0.2399
038441c925bb,4486,2018-08-14T21:43:50-0400,-28.0436,0.2913
038441c925bb,4487,2018-08-14T21:43:55-0400,11.8642,0.1418
038441c925bb,4488,2018-08-14T21:44:00-0400,27.4951,0.1519
038441c925bb,4489,2018-08-14T21:44:05-0400,35.3615,0.1736
038441c925bb,4490,2018-08-14T21:44:10-0400,26.6993,0.1252
038441c925bb,4491,2018-08-14T21:44:15-0400,-1.8572,0.0573
038441c925bb,4492,2018-08-14T21:44:20-0400,-9.9721,0.0411
038441c925bb,4493,2018-08-14T21:44:25-0400,-10.3251,0.0234
038441c925bb,4494,2018-08-14T21:44:30-0400,-61.9962,0.0163
038441c925bb,4495,2018-08-14T21:44:35-0400,-68.4393,0.0152
038441c925bb,4496,2018-08-14T21:44:40-0400,-0.7579,0.0238
038441c925bb,4497,2018-08-14T21:44:45-0400,-49.1395,0.0329
038441c925bb,4498,2018-08-14T21:44:50-0400,-79.594,0.0094
038441c925bb,4499,2018-08-14T21:44:55-0400,-79.2992,0.0087
038441c925bb,4500,2018-08-14T21:45:00-0400,-78.9738,0.0079
038441c925bb,4501,2018-08-14T21:45:05-0400,-78.7519,0.008
038441c925bb,4502,2018-08-14T21:45:10-0400,-78.5802,0.0081
038441c925bb,4503,2018-08-14T21:45:15-0400,-69.5884,0.1026
038441c925bb,4504,2018-08-14T21:45:20-0400,-74.0596,0.0501
038441c925bb,4505,2018-08-14T21:45:25-0400,-71.8086,0.1653
038441c925bb,4506,2018-08-14T21:45:30-0400,-69.1153,0.0287
038441c925bb,4507,2018-08-14T21:45:35-0400,-41.6603,0.0342
038441c925bb,4508,2018-08-14T21:45:40-0400,-26.3246,0.0084
038441c925bb,4509,2018-08-14T21:45:45-0400,-25.4487,0.0363
038441c925bb,4510,2018-08-14T21:45:50-0400,-26.8889,0.1212
038441c925bb,4511,2018-08-14T21:45:55-0400,-32.1133,0.0545
038441c925bb,4512,2018-08-14T21:46:00-0400,-30.988,0.0207
038441c925bb,4513,2018-08-14T21:46:05-0400,-29.6784,0.0227
038441c925bb,4514,2018-08-14T21:46:10-0400,-29.5222,0.0244
038441c925bb,4515,2018-08-14T21:46:15-0400,-23.4305,0.0313
038441c925bb,4516,2018-08-14T21:46:20-0400,9.5888,0.0196
038441c925bb,4517,2018-08-14T21:46:25-0400,-25.0983,0.0754
038441c925bb,4518,2018-08-14T21:46:30-0400,9.5668,0.0329
038441c925bb,4519,2018-08-14T21:46:35-0400,-7.9224,0.0206
038441c925bb,4520,2018-08-14T21:46:40-0400,-4.1124,0.0002
038441c925bb,4521,2018-08-14T21:46:45-0400,-6.8831,0.005
038441c925bb,4522,2018-08-14T21:46:50-0400,-9.7706,0.0061
038441c925bb,4523,2018-08-14T21:46:55-0400,-8.2558,0.002
038441c925bb,4524,2018-08-14T21:47:00-0400,-11.4298,0.0251
038441c925bb,4525,2018-08-14T21:47:05-0400,-35.589,0.0673
038441c925bb,4526,2018-08-14T21:47:10-0400,-28.7079,0.0414
038441c925bb,4527,2018-08-14T21:47:15-0400,-13.0393,0.0386
038441c925bb,4528,2018-08-14T21:47:20-0400,-11.21,0.042
038441c925bb,4529,2018-08-14T21:47:25-0400,-17.8812,0.0376
038441c925bb,4530,2018-08-14T21:47:30-0400,-18.6885,0.0496
038441c925bb,4531,2018-08-14T21:47:35-0400,-43.8903,0.0178
038441c925bb,4532,2018-08-14T21:47:40-0400,-43.6417,0.0352
038441c925bb,4533,2018-08-14T21:47:45-0400,-35.9853,0.0496
038441c925bb,4534,2018-08-14T21:47:50-0400,-42.1523,0.0171
038441c925bb,4535,2018-08-14T21:47:55-0400,-16.6925,0.0147
038441c925bb,4536,2018-08-14T21:48:00-0400,-10.4283,1e-04
038441c925bb,4537,2018-08-14T21:48:05-0400,-11.0582,0.0002
038441c925bb,4538,2018-08-14T21:48:10-0400,-10.9107,1e-04
038441c925bb,4539,2018-08-14T21:48:15-0400,-10.7867,0.0005
038441c925bb,4540,2018-08-14T21:48:20-0400,-23.4895,0.0238
038441c925bb,4541,2018-08-14T21:48:25-0400,-38.7205,0.0432
038441c925bb,4542,2018-08-14T21:48:30-0400,-41.5687,0.0309
038441c925bb,4543,2018-08-14T21:48:35-0400,-41.3695,0.0184
038441c925bb,4544,2018-08-14T21:48:40-0400,-34.3018,0.0373
038441c925bb,4545,2018-08-14T21:48:45-0400,-21.0028,0.025
038441c925bb,4546,2018-08-14T21:48:50-0400,-22.7469,0.0257
038441c925bb,4547,2018-08-14T21:48:55-0400,-26.9631,0.023
038441c925bb,4548,2018-08-14T21:49:00-0400,-28.2382,0.0226
038441c925bb,4549,2018-08-14T21:49:05-0400,-25.5651,0.0561
038441c925bb,4550,2018-08-14T21:49:10-0400,-34.3051,0.0329
038441c925bb,4551,2018-08-14T21:49:15-0400,-30.7755,0.0389
038441c925bb,4552,2018-08-14T21:49:20-0400,-10.4676,0.0246
038441c925bb,4553,2018-08-14T21:49:25-0400,-4.5064,0.0002
038441c925bb,4554,2018-08-14T21:49:30-0400,-4.2049,0.0
038441c925bb,4555,2018-08-14T21:49:35-0400,-4.661,0.0021
038441c925bb,4556,2018-08-14T21:49:40-0400,-27.934,0.0334
038441c925bb,4557,2018-08-14T21:49:45-0400,-29.092,0.0239
038441c925bb,4558,2018-08-14T21:49:50-0400,-33.9531,0.0262
038441c925bb,4559,2018-08-14T21:49:55-0400,5.0933,0.015
038441c925bb,4560,2018-08-14T21:50:00-0400,8.7173,0.0137
038441c925bb,4561,2018-08-14T21:50:05-0400,-29.9294,0.0249
038441c925bb,4562,2018-08-14T21:50:10-0400,-42.4697,0.0275
038441c925bb,4563,2018-08-14T21:50:15-0400,-36.736,0.0234
038441c925bb,4564,2018-08-14T21:50:20-0400,-37.4269,0.0242
038441c925bb,4565,2018-08-14T21:50:25-0400,-26.82,0.0308
038441c925bb,4566,2018-08-14T21:50:30-0400,-2.5348,0.0205
038441c925bb,4567,2018-08-14T21:50:35-0400,-4.3396,0.0269
038441c925bb,4568,2018-08-14T21:50:40-0400,36.0228,0.0261
038441c925bb,4569,2018-08-14T21:50:45-0400,10.975,0.0165
038441c925bb,4570,2018-08-14T21:50:50-0400,-13.9205,0.0339
038441c925bb,4571,2018-08-14T21:50:55-0400,-9.1759,0.0454
038441c925bb,4572,2018-08-14T21:51:00-0400,-4.9083,0.0978
038441c925bb,4573,2018-08-14T21:51:05-0400,-12.6293,0.0363
038441c925bb,4574,2018-08-14T21:51:10-0400,-17.4026,0.032
038441c925bb,4575,2018-08-14T21:51:15-0400,-25.7801,0.0325
038441c925bb,4576,2018-08-14T21:51:20-0400,-31.0854,0.0386
038441c925bb,4577,2018-08-14T21:51:25-0400,-39.7728,0.0141
038441c925bb,4578,2018-08-14T21:51:30-0400,-41.0849,0.0141
038441c925bb,4579,2018-08-14T21:51:35-0400,-40.6504,0.0162
038441c925bb,4580,2018-08-14T21:51:40-0400,-31.9134,0.0152
038441c925bb,4581,2018-08-14T21:51:45-0400,-30.1624,0.0165
038441c925bb,4582,2018-08-14T21:51:50-0400,-29.6125,0.02
038441c925bb,4583,2018-08-14T21:51:55-0400,-30.528,0.0195
038441c925bb,4584,2018-08-14T21:52:00-0400,-31.4045,0.0205
038441c925bb,4585,2018-08-14T21:52:05-0400,-32.3202,0.0211
038441c925bb,4586,2018-08-14T21:52:10-0400,-29.0901,0.0379
038441c925bb,4587,2018-08-14T21:52:15-0400,-11.507,0.0223
038441c925bb,4588,2018-08-14T21:52:20-0400,-16.6444,0.03
038441c925bb,4589,2018-08-14T21:52:25-0400,-56.351,0.0678
038441c925bb,4590,2018-08-14T21:52:30-0400,-35.3132,0.0562
038441c925bb,4591,2018-08-14T21:52:35-0400,-31.2929,0.0161
038441c925bb,4592,2018-08-14T21:52:40-0400,-50.3088,0.0212
038441c925bb,4593,2018-08-14T21:52:45-0400,-49.6666,0.0273
038441c925bb,4594,2018-08-14T21:52:50-0400,-53.833,0.0302
038441c925bb,4595,2018-08-14T21:52:55-0400,-57.3624,0.0218
038441c925bb,4596,2018-08-14T21:53:00-0400,-58.2504,0.0186
038441c925bb,4597,2018-08-14T21:53:05-0400,-50.7259,0.0136
038441c925bb,4598,2018-08-14T21:53:10-0400,-47.8202,0.0224
038441c925bb,4599,2018-08-14T21:53:15-0400,-53.2059,0.0162
038441c925bb,4600,2018-08-14T21:53:20-0400,-49.6906,0.0286
038441c925bb,4601,2018-08-14T21:53:25-0400,-52.3481,0.0155
038441c925bb,4602,2018-08-14T21:53:30-0400,-53.5249,0.0293
038441c925bb,4603,2018-08-14T21:53:35-0400,-62.5232,0.0702
038441c925bb,4604,2018-08-14T21:53:40-0400,-62.4265,0.0533
038441c925bb,4605,2018-08-14T21:53:45-0400,-57.3894,0.0441
038441c925bb,4606,2018-08-14T21:53:50-0400,-56.2709,0.0359
038441c925bb,4607,2018-08-14T21:53:55-0400,-41.9112,0.0182
038441c925bb,4608,2018-08-14T21:54:00-0400,-51.827,0.0305
038441c925bb,4609,2018-08-14T21:54:05-0400,-63.534,0.0197
038441c925bb,4610,2018-08-14T21:54:10-0400,-65.4161,0.0304
038441c925bb,4611,2018-08-14T21:54:15-0400,-76.9207,0.0161
038441c925bb,4612,2018-08-14T21:54:20-0400,-69.6113,0.0357
038441c925bb,4613,2018-08-14T21:54:25-0400,-63.0296,0.0735
038441c925bb,4614,2018-08-14T21:54:30-0400,-52.7745,0.0191
038441c925bb,4615,2018-08-14T21:54:35-0400,-52.7518,0.0172
038441c925bb,4616,2018-08-14T21:54:40-0400,-33.3614,0.089
038441c925bb,4617,2018-08-14T21:54:45-0400,14.8667,0.0356
038441c925bb,4618,2018-08-14T21:54:50-0400,-21.2486,0.0598
038441c925bb,4619,2018-08-14T21:54:55-0400,-31.2462,0.0378
038441c925bb,4620,2018-08-14T21:55:00-0400,-21.6971,0.0229
038441c925bb,4621,2018-08-14T21:55:05-0400,11.6014,0.0043
038441c925bb,4622,2018-08-14T21:55:10-0400,8.8593,0.0053
038441c925bb,4623,2018-08-14T21:55:15-0400,18.1809,0.042
038441c925bb,4624,2018-08-14T21:55:20-0400,41.2519,1e-04
038441c925bb,4625,2018-08-14T21:55:25-0400,25.7944,0.0105
038441c925bb,4626,2018-08-14T21:55:30-0400,19.978,0.0099
038441c925bb,4627,2018-08-14T21:55:35-0400,17.865,0.0021
038441c925bb,4628,2018-08-14T21:55:40-0400,15.4132,0.005
038441c925bb,4629,2018-08-14T21:55:45-0400,16.9976,0.0003
038441c925bb,4630,2018-08-14T21:55:50-0400,20.7993,0.0004
038441c925bb,4631,2018-08-14T21:55:55-0400,21.0873,0.0014
038441c925bb,4632,2018-08-14T21:56:00-0400,21.842,0.0002
038441c925bb,4633,2018-08-14T21:56:05-0400,28.5359,0.0019
038441c925bb,4634,2018-08-14T21:56:10-0400,34.4465,0.0011
038441c925bb,4635,2018-08-14T21:56:15-0400,37.1842,0.0003
038441c925bb,4636,2018-08-14T21:56:20-0400,35.1965,0.0015
038441c925bb,4637,2018-08-14T21:56:25-0400,32.5231,0.0023
038441c925bb,4638,2018-08-14T21:56:30-0400,32.1362,0.0
038441c925bb,4639,2018-08-14T21:56:35-0400,25.471,0.0116
038441c925bb,4640,2018-08-14T21:56:40-0400,44.2067,0.0042
038441c925bb,4641,2018-08-14T21:56:45-0400,55.9253,0.0004
038441c925bb,4642,2018-08-14T21:56:50-0400,8.2918,0.0384
038441c925bb,4643,2018-08-14T21:56:55-0400,10.4579,0.024
038441c925bb,4644,2018-08-14T21:57:00-0400,12.2232,0.0018
038441c925bb,4645,2018-08-14T21:57:05-0400,14.4876,0.0033
038441c925bb,4646,2018-08-14T21:57:10-0400,12.4267,0.0059
038441c925bb,4647,2018-08-14T21:57:15-0400,6.4729,0.0013
038441c925bb,4648,2018-08-14T21:57:20-0400,9.4141,0.0036
038441c925bb,4649,2018-08-14T21:57:25-0400,48.7244,0.0009
038441c925bb,4650,2018-08-14T21:57:30-0400,53.2075,0.0
038441c925bb,4651,2018-08-14T21:57:35-0400,53.3528,0.0
038441c925bb,4652,2018-08-14T21:57:40-0400,52.5986,0.0
038441c925bb,4653,2018-08-14T21:57:45-0400,54.2686,0.0
038441c925bb,4654,2018-08-14T21:57:50-0400,54.9534,0.0
038441c925bb,4655,2018-08-14T21:57:55-0400,26.8136,0.0066
038441c925bb,4656,2018-08-14T21:58:00-0400,14.3824,0.0003
038441c925bb,4657,2018-08-14T21:58:05-0400,11.7004,0.0048
038441c925bb,4658,2018-08-14T21:58:10-0400,13.8998,0.007
038441c925bb,4659,2018-08-14T21:58:15-0400,17.2074,0.0004
038441c925bb,4660,2018-08-14T21:58:20-0400,15.6795,0.0023
038441c925bb,4661,2018-08-14T21:58:25-0400,13.3847,0.0038
038441c925bb,4662,2018-08-14T21:58:30-0400,17.9633,0.005
038441c925bb,4663,2018-08-14T21:58:35-0400,28.4863,0.0098
038441c925bb,4664,2018-08-14T21:58:40-0400,30.8375,0.0017
038441c925bb,4665,2018-08-14T21:58:45-0400,20.9958,0.0036
038441c925bb,4666,2018-08-14T21:58:50-0400,17.9946,0.0036
038441c925bb,4667,2018-08-14T21:58:55-0400,12.0365,0.0178
038441c925bb,4668,2018-08-14T21:59:00-0400,5.0564,0.007
038441c925bb,4669,2018-08-14T21:59:05-0400,3.8974,0.0073
038441c925bb,4670,2018-08-14T21:59:10-0400,4.8143,0.0092
038441c925bb,4671,2018-08-14T21:59:15-0400,5.4456,0.006
038441c925bb,4672,2018-08-14T21:59:20-0400,5.7331,0.0076
038441c925bb,4673,2018-08-14T21:59:25-0400,-45.6316,0.0658
038441c925bb,4674,2018-08-14T21:59:30-0400,-62.4294,0.054
038441c925bb,4675,2018-08-14T21:59:35-0400,-20.6226,0.0885
038441c925bb,4676,2018-08-14T21:59:40-0400,-21.8407,0.0817
038441c925bb,4677,2018-08-14T21:59:45-0400,37.2748,0.0574
038441c925bb,4678,2018-08-14T21:59:50-0400,37.704,0.0243
038441c925bb,4679,2018-08-14T21:59:55-0400,22.8361,0.0086
038441c925bb,4680,2018-08-14T22:00:00-0400,-28.6414,0.0241
038441c925bb,4681,2018-08-14T22:00:05-0400,-51.1282,0.0267
038441c925bb,4682,2018-08-14T22:00:10-0400,-48.6128,0.0249
038441c925bb,4683,2018-08-14T22:00:15-0400,-46.8199,0.019
038441c925bb,4684,2018-08-14T22:00:20-0400,-48.178,0.0207
038441c925bb,4685,2018-08-14T22:00:25-0400,-54.1051,0.0223
038441c925bb,4686,2018-08-14T22:00:30-0400,-66.6032,0.0224
038441c925bb,4687,2018-08-14T22:00:35-0400,-66.407,0.0197
038441c925bb,4688,2018-08-14T22:00:40-0400,-67.8433,0.02
038441c925bb,4689,2018-08-14T22:00:45-0400,-71.4925,0.0178
038441c925bb,4690,2018-08-14T22:00:50-0400,-69.0564,0.0223
038441c925bb,4691,2018-08-14T22:00:55-0400,-73.6501,0.0184
038441c925bb,4692,2018-08-14T22:01:00-0400,-73.9245,0.0237
038441c925bb,4693,2018-08-14T22:01:05-0400,-68.784,0.0224
038441c925bb,4694,2018-08-14T22:01:10-0400,-53.8414,0.0382
038441c925bb,4695,2018-08-14T22:01:15-0400,-21.3957,0.0242
038441c925bb,4696,2018-08-14T22:01:20-0400,-10.5866,0.0097
038441c925bb,4697,2018-08-14T22:01:25-0400,-8.5558,0.0105
038441c925bb,4698,2018-08-14T22:01:30-0400,-7.5624,0.0168
038441c925bb,4699,2018-08-14T22:01:35-0400,-5.9928,0.0097
038441c925bb,4700,2018-08-14T22:01:40-0400,-3.1032,0.0151
038441c925bb,4701,2018-08-14T22:01:45-0400,0.7222,0.0296
038441c925bb,4702,2018-08-14T22:01:50-0400,-11.3042,0.0233
038441c925bb,4703,2018-08-14T22:01:55-0400,-9.1965,0.0249
038441c925bb,4704,2018-08-14T22:02:00-0400,1.0413,0.0232
038441c925bb,4705,2018-08-14T22:02:05-0400,-3.3544,0.0238
038441c925bb,4706,2018-08-14T22:02:10-0400,1.2349,0.0201
038441c925bb,4707,2018-08-14T22:02:15-0400,3.1159,0.0185
038441c925bb,4708,2018-08-14T22:02:20-0400,5.5572,0.0111
038441c925bb,4709,2018-08-14T22:02:25-0400,8.6537,0.02
038441c925bb,4710,2018-08-14T22:02:30-0400,16.8247,0.0448
038441c925bb,4711,2018-08-14T22:02:35-0400,-1.4113,0.1146
038441c925bb,4712,2018-08-14T22:02:40-0400,-10.222,0.007
038441c925bb,4713,2018-08-14T22:02:45-0400,-19.1957,0.0064
038441c925bb,4714,2018-08-14T22:02:50-0400,-19.333,0.0071
038441c925bb,4715,2018-08-14T22:02:55-0400,-20.8943,0.0051
038441c925bb,4716,2018-08-14T22:03:00-0400,-22.7074,0.0068
038441c925bb,4717,2018-08-14T22:03:05-0400,-22.4261,0.0044
038441c925bb,4718,2018-08-14T22:03:10-0400,-25.0542,0.006
038441c925bb,4719,2018-08-14T22:03:15-0400,-35.5288,0.0143
038441c925bb,4720,2018-08-14T22:03:20-0400,-25.5928,0.0573
038441c925bb,4721,2018-08-14T22:03:25-0400,-44.3926,0.0359
038441c925bb,4722,2018-08-14T22:03:30-0400,-36.9999,0.0256
038441c925bb,4723,2018-08-14T22:03:35-0400,-43.2656,0.0194
038441c925bb,4724,2018-08-14T22:03:40-0400,-49.6351,0.0256
038441c925bb,4725,2018-08-14T22:03:45-0400,-66.1929,0.0463
038441c925bb,4726,2018-08-14T22:03:50-0400,-66.0445,0.0188
038441c925bb,4727,2018-08-14T22:03:55-0400,-64.7362,0.0185
038441c925bb,4728,2018-08-14T22:04:00-0400,-64.0304,0.018
038441c925bb,4729,2018-08-14T22:04:05-0400,-63.5164,0.0192
038441c925bb,4730,2018-08-14T22:04:10-0400,-63.832,0.0225
038441c925bb,4731,2018-08-14T22:04:15-0400,-64.8127,0.0178
038441c925bb,4732,2018-08-14T22:04:20-0400,-63.6388,0.0232
038441c925bb,4733,2018-08-14T22:04:25-0400,-60.4334,0.0276
038441c925bb,4734,2018-08-14T22:04:30-0400,-61.5452,0.0216
038441c925bb,4735,2018-08-14T22:04:35-0400,-60.3677,0.0228
038441c925bb,4736,2018-08-14T22:04:40-0400,-59.12,0.0229
038441c925bb,4737,2018-08-14T22:04:45-0400,-57.092,0.0215
038441c925bb,4738,2018-08-14T22:04:50-0400,-58.2874,0.0216
038441c925bb,4739,2018-08-14T22:04:55-0400,-69.1455,0.0288
038441c925bb,4740,2018-08-14T22:05:00-0400,-81.6803,0.0153
038441c925bb,4741,2018-08-14T22:05:05-0400,-77.4233,0.0182
038441c925bb,4742,2018-08-14T22:05:10-0400,-72.0178,0.0193
038441c925bb,4743,2018-08-14T22:05:15-0400,-71.9608,0.0269
038441c925bb,4744,2018-08-14T22:05:20-0400,-71.6954,0.0179
038441c925bb,4745,2018-08-14T22:05:25-0400,-72.2366,0.0188
038441c925bb,4746,2018-08-14T22:05:30-0400,-71.9946,0.0153
038441c925bb,4747,2018-08-14T22:05:35-0400,-71.4277,0.0204
038441c925bb,4748,2018-08-14T22:05:40-0400,-68.2627,0.0269
038441c925bb,4749,2018-08-14T22:05:45-0400,-52.2966,0.0495
038441c925bb,4750,2018-08-14T22:05:50-0400,-17.2261,0.0778
038441c925bb,4751,2018-08-14T22:05:55-0400,50.4297,0.0598
038441c925bb,4752,2018-08-14T22:06:00-0400,-42.2189,0.1687
038441c925bb,4753,2018-08-14T22:06:05-0400,-15.4979,0.2379
038441c925bb,4754,2018-08-14T22:06:10-0400,-11.8605,0.1199
038441c925bb,4755,2018-08-14T22:06:15-0400,-6.7673,0.117
038441c925bb,4756,2018-08-14T22:06:20-0400,0.0958,0.0458
038441c925bb,4757,2018-08-14T22:06:25-0400,14.8083,0.0256
038441c925bb,4758,2018-08-14T22:06:30-0400,62.5228,0.0295
038441c925bb,4759,2018-08-14T22:06:35-0400,81.59,0.0029
038441c925bb,4760,2018-08-14T22:06:40-0400,84.287,0.0046
038441c925bb,4761,2018-08-14T22:06:45-0400,82.6513,0.0186
038441c925bb,4762,2018-08-14T22:06:50-0400,84.7123,0.0022
038441c925bb,4763,2018-08-14T22:06:55-0400,81.6614,0.0025
038441c925bb,4764,2018-08-14T22:07:00-0400,84.8814,0.0264
038441c925bb,4765,2018-08-14T22:07:05-0400,80.1297,0.0225
038441c925bb,4766,2018-08-14T22:07:10-0400,78.0325,0.0
038441c925bb,4767,2018-08-14T22:07:15-0400,77.9757,0.0021
038441c925bb,4768,2018-08-14T22:07:20-0400,57.3866,0.0294
038441c925bb,4769,2018-08-14T22:07:25-0400,66.0538,0.0395
038441c925bb,4770,2018-08-14T22:07:30-0400,32.6737,0.0268
038441c925bb,4771,2018-08-14T22:07:35-0400,24.047,0.0078
038441c925bb,4772,2018-08-14T22:07:40-0400,26.7493,0.0152
038441c925bb,4773,2018-08-14T22:07:45-0400,30.1443,0.0181
038441c925bb,4774,2018-08-14T22:07:50-0400,45.5564,0.0123
038441c925bb,4775,2018-08-14T22:07:55-0400,40.0543,0.0
038441c925bb,4776,2018-08-14T22:08:00-0400,38.6587,0.0071
038441c925bb,4777,2018-08-14T22:08:05-0400,-9.1626,0.0869
038441c925bb,4778,2018-08-14T22:08:10-0400,-49.0267,0.0213
038441c925bb,4779,2018-08-14T22:08:15-0400,-75.9152,0.0147
038441c925bb,4780,2018-08-14T22:08:20-0400,-74.1819,0.0176
038441c925bb,4781,2018-08-14T22:08:25-0400,-73.6442,0.0423
038441c925bb,4782,2018-08-14T22:08:30-0400,-65.6379,0.0372
038441c925bb,4783,2018-08-14T22:08:35-0400,-63.3373,0.0198
038441c925bb,4784,2018-08-14T22:08:40-0400,-63.3376,0.0197
038441c925bb,4785,2018-08-14T22:08:45-0400,-60.4739,0.059
038441c925bb,4786,2018-08-14T22:08:50-0400,-58.2344,0.0828
038441c925bb,4787,2018-08-14T22:08:55-0400,-78.9418,0.0255
038441c925bb,4788,2018-08-14T22:09:00-0400,-81.3206,0.015
038441c925bb,4789,2018-08-14T22:09:05-0400,-71.1565,0.025
038441c925bb,4790,2018-08-14T22:09:10-0400,-56.4729,0.0185
038441c925bb,4791,2018-08-14T22:09:15-0400,-58.6273,0.0195
038441c925bb,4792,2018-08-14T22:09:20-0400,-59.7318,0.0208
038441c925bb,4793,2018-08-14T22:09:25-0400,-61.1003,0.0198
038441c925bb,4794,2018-08-14T22:09:30-0400,-62.0047,0.0204
038441c925bb,4795,2018-08-14T22:09:35-0400,-62.947,0.0203
038441c925bb,4796,2018-08-14T22:09:40-0400,-63.6229,0.0194
038441c925bb,4797,2018-08-14T22:09:45-0400,-64.2428,0.0183
038441c925bb,4798,2018-08-14T22:09:50-0400,-64.6459,0.0179
038441c925bb,4799,2018-08-14T22:09:55-0400,-65.2361,0.0181
038441c925bb,4800,2018-08-14T22:10:00-0400,-65.6913,0.0186
038441c925bb,4801,2018-08-14T22:10:05-0400,-66.3217,0.0191
038441c925bb,4802,2018-08-14T22:10:10-0400,-68.9675,0.0263
038441c925bb,4803,2018-08-14T22:10:15-0400,-59.9223,0.0382
038441c925bb,4804,2018-08-14T22:10:20-0400,-56.3089,0.0273
038441c925bb,4805,2018-08-14T22:10:25-0400,-62.1615,0.0284
038441c925bb,4806,2018-08-14T22:10:30-0400,-21.3443,0.0226
038441c925bb,4807,2018-08-14T22:10:35-0400,29.387,0.0033
038441c925bb,4808,2018-08-14T22:10:40-0400,30.467,0.0035
038441c925bb,4809,2018-08-14T22:10:45-0400,32.0008,0.0005
038441c925bb,4810,2018-08-14T22:10:50-0400,31.0363,0.0012
038441c925bb,4811,2018-08-14T22:10:55-0400,30.078,0.0014
038441c925bb,4812,2018-08-14T22:11:00-0400,24.2413,0.0057
038441c925bb,4813,2018-08-14T22:11:05-0400,22.2088,0.0035
038441c925bb,4814,2018-08-14T22:11:10-0400,22.1904,0.003
038441c925bb,4815,2018-08-14T22:11:15-0400,24.3709,0.0065
038441c925bb,4816,2018-08-14T22:11:20-0400,36.8797,1e-04
038441c925bb,4817,2018-08-14T22:11:25-0400,37.4424,0.0
038441c925bb,4818,2018-08-14T22:11:30-0400,37.6133,0.0
038441c925bb,4819,2018-08-14T22:11:35-0400,37.8314,0.0
038441c925bb,4820,2018-08-14T22:11:40-0400,37.8314,0.0
038441c925bb,4821,2018-08-14T22:11:45-0400,37.8314,0.0
038441c925bb,4822,2018-08-14T22:11:50-0400,37.9705,0.0
038441c925bb,4823,2018-08-14T22:11:55-0400,38.0145,0.0
038441c925bb,4824,2018-08-14T22:12:00-0400,38.0145,0.0
038441c925bb,4825,2018-08-14T22:12:05-0400,7.9834,0.0362
038441c925bb,4826,2018-08-14T22:12:10-0400,-49.5399,0.0186
038441c925bb,4827,2018-08-14T22:12:15-0400,-49.8428,0.0
038441c925bb,4828,2018-08-14T22:12:20-0400,-49.6362,1e-04
038441c925bb,4829,2018-08-14T22:12:25-0400,-49.514,1e-04
038441c925bb,4830,2018-08-14T22:12:30-0400,-49.1132,0.0
038441c925bb,4831,2018-08-14T22:12:35-0400,-48.8912,1e-04
038441c925bb,4832,2018-08-14T22:12:40-0400,-48.8627,1e-04
038441c925bb,4833,2018-08-14T22:12:45-0400,-48.8512,0.0002
038441c925bb,4834,2018-08-14T22:12:50-0400,-48.7876,0.0002
038441c925bb,4835,2018-08-14T22:12:55-0400,-48.7381,1e-04
038441c925bb,4836,2018-08-14T22:13:00-0400,-48.7428,0.0002
038441c925bb,4837,2018-08-14T22:13:05-0400,-48.7786,0.0072
038441c925bb,4838,2018-08-14T22:13:10-0400,-55.7391,0.029
038441c925bb,4839,2018-08-14T22:13:15-0400,-57.0275,0.0095
038441c925bb,4840,2018-08-14T22:13:20-0400,-57.0214,0.0092
038441c925bb,4841,2018-08-14T22:13:25-0400,-57.0459,0.0094
038441c925bb,4842,2018-08-14T22:13:30-0400,-57.1454,0.0092
038441c925bb,4843,2018-08-14T22:13:35-0400,-57.1864,0.0087
038441c925bb,4844,2018-08-14T22:13:40-0400,-57.332,0.0085
038441c925bb,4845,2018-08-14T22:13:45-0400,-57.6915,0.0132
038441c925bb,4846,2018-08-14T22:13:50-0400,20.0257,0.0452
038441c925bb,4847,2018-08-14T22:13:55-0400,33.4139,0.0
038441c925bb,4848,2018-08-14T22:14:00-0400,31.3533,0.0
038441c925bb,4849,2018-08-14T22:14:05-0400,30.8685,0.0
038441c925bb,4850,2018-08-14T22:14:10-0400,30.6117,0.0
038441c925bb,4851,2018-08-14T22:14:15-0400,30.5424,0.0
038441c925bb,4852,2018-08-14T22:14:20-0400,55.9173,0.0185
038441c925bb,4853,2018-08-14T22:14:25-0400,69.2981,0.0106
038441c925bb,4854,2018-08-14T22:14:30-0400,69.9116,0.0
038441c925bb,4855,2018-08-14T22:14:35-0400,69.9335,0.0
038441c925bb,4856,2018-08-14T22:14:40-0400,69.5342,0.0032
038441c925bb,4857,2018-08-14T22:14:45-0400,-13.5392,0.0573
038441c925bb,4858,2018-08-14T22:14:50-0400,-53.9762,0.0616
038441c925bb,4859,2018-08-14T22:14:55-0400,-65.7587,0.0388
038441c925bb,4860,2018-08-14T22:15:00-0400,-55.116,0.0513
038441c925bb,4861,2018-08-14T22:15:05-0400,-42.2074,0.0426
038441c925bb,4862,2018-08-14T22:15:10-0400,-22.773,0.1303
038441c925bb,4863,2018-08-14T22:15:15-0400,-0.0708,0.1814
038441c925bb,4864,2018-08-14T22:15:20-0400,-61.3279,0.0213
038441c925bb,4865,2018-08-14T22:15:25-0400,-62.0782,0.0185
038441c925bb,4866,2018-08-14T22:15:30-0400,-62.9068,0.0187
038441c925bb,4867,2018-08-14T22:15:35-0400,-67.079,0.0365
038441c925bb,4868,2018-08-14T22:15:40-0400,-67.2805,0.0506
038441c925bb,4869,2018-08-14T22:15:45-0400,-55.1977,0.0556
038441c925bb,4870,2018-08-14T22:15:50-0400,-50.9009,0.2006
038441c925bb,4871,2018-08-14T22:15:55-0400,-2.0604,0.0307
038441c925bb,4872,2018-08-14T22:16:00-0400,-5.0059,0.0195
038441c925bb,4873,2018-08-14T22:16:05-0400,3.2532,0.019
038441c925bb,4874,2018-08-14T22:16:10-0400,6.043,0.0193
038441c925bb,4875,2018-08-14T22:16:15-0400,29.1835,0.0328
038441c925bb,4876,2018-08-14T22:16:20-0400,17.0489,0.0151
038441c925bb,4877,2018-08-14T22:16:25-0400,11.4784,0.0304
038441c925bb,4878,2018-08-14T22:16:30-0400,6.549,0.0627
038441c925bb,4879,2018-08-14T22:16:35-0400,5.2202,0.0336
038441c925bb,4880,2018-08-14T22:16:40-0400,-11.6509,0.2484
038441c925bb,4881,2018-08-14T22:16:45-0400,-49.1245,0.3701
038441c925bb,4882,2018-08-14T22:16:50-0400,-40.6869,0.063
038441c925bb,4883,2018-08-14T22:16:55-0400,-17.4701,0.0284
038441c925bb,4884,2018-08-14T22:17:00-0400,-36.5093,0.0267
038441c925bb,4885,2018-08-14T22:17:05-0400,-43.7304,0.0277
038441c925bb,4886,2018-08-14T22:17:10-0400,-43.9899,0.0213
038441c925bb,4887,2018-08-14T22:17:15-0400,-43.6552,0.0355
038441c925bb,4888,2018-08-14T22:17:20-0400,-46.5024,0.021
038441c925bb,4889,2018-08-14T22:17:25-0400,-43.5749,0.0515
038441c925bb,4890,2018-08-14T22:17:30-0400,-47.091,0.0348
038441c925bb,4891,2018-08-14T22:17:35-0400,-56.3288,0.0218
038441c925bb,4892,2018-08-14T22:17:40-0400,-54.4737,0.0265
038441c925bb,4893,2018-08-14T22:17:45-0400,-56.5313,0.0291
038441c925bb,4894,2018-08-14T22:17:50-0400,-55.7764,0.0242
038441c925bb,4895,2018-08-14T22:17:55-0400,-66.6847,0.014
038441c925bb,4896,2018-08-14T22:18:00-0400,-46.9883,0.0994
038441c925bb,4897,2018-08-14T22:18:05-0400,-40.4481,0.0396
038441c925bb,4898,2018-08-14T22:18:10-0400,-53.6507,0.0245
038441c925bb,4899,2018-08-14T22:18:15-0400,-21.8316,0.0469
038441c925bb,4900,2018-08-14T22:18:20-0400,5.1242,0.019
038441c925bb,4901,2018-08-14T22:18:25-0400,-9.3441,0.0229
038441c925bb,4902,2018-08-14T22:18:30-0400,-13.2671,0.0266
038441c925bb,4903,2018-08-14T22:18:35-0400,-16.0871,0.0964
038441c925bb,4904,2018-08-14T22:18:40-0400,-5.7016,0.1252
038441c925bb,4905,2018-08-14T22:18:45-0400,-25.132,0.0027
038441c925bb,4906,2018-08-14T22:18:50-0400,-29.6366,0.0768
038441c925bb,4907,2018-08-14T22:18:55-0400,-26.0888,0.0531
038441c925bb,4908,2018-08-14T22:19:00-0400,-42.8433,0.129
038441c925bb,4909,2018-08-14T22:19:05-0400,-27.9846,0.236
038441c925bb,4910,2018-08-14T22:19:10-0400,-4.8309,0.0704
038441c925bb,4911,2018-08-14T22:19:15-0400,17.6272,0.063
038441c925bb,4912,2018-08-14T22:19:20-0400,3.8008,0.0238
038441c925bb,4913,2018-08-14T22:19:25-0400,-33.259,0.0457
038441c925bb,4914,2018-08-14T22:19:30-0400,-63.8732,0.0195
038441c925bb,4915,2018-08-14T22:19:35-0400,-62.6316,0.02
038441c925bb,4916,2018-08-14T22:19:40-0400,-64.6728,0.0191
038441c925bb,4917,2018-08-14T22:19:45-0400,-66.9313,0.0187
038441c925bb,4918,2018-08-14T22:19:50-0400,-67.7567,0.0184
038441c925bb,4919,2018-08-14T22:19:55-0400,-68.1045,0.0181
038441c925bb,4920,2018-08-14T22:20:00-0400,-68.4926,0.0177
038441c925bb,4921,2018-08-14T22:20:05-0400,-68.7514,0.0178
038441c925bb,4922,2018-08-14T22:20:10-0400,-72.6937,0.0213
038441c925bb,4923,2018-08-14T22:20:15-0400,-75.3648,0.0123
038441c925bb,4924,2018-08-14T22:20:20-0400,-68.3574,0.0284
038441c925bb,4925,2018-08-14T22:20:25-0400,-60.3736,0.0149
038441c925bb,4926,2018-08-14T22:20:30-0400,-49.3626,0.0056
038441c925bb,4927,2018-08-14T22:20:35-0400,-47.2275,0.0043
038441c925bb,4928,2018-08-14T22:20:40-0400,-46.6121,0.0034
038441c925bb,4929,2018-08-14T22:20:45-0400,-46.0969,0.0033
038441c925bb,4930,2018-08-14T22:20:50-0400,-45.5924,0.0044
038441c925bb,4931,2018-08-14T22:20:55-0400,-45.0112,0.0041
038441c925bb,4932,2018-08-14T22:21:00-0400,-44.6624,0.0056
038441c925bb,4933,2018-08-14T22:21:05-0400,-44.0701,0.0046
038441c925bb,4934,2018-08-14T22:21:10-0400,-42.969,0.0085
038441c925bb,4935,2018-08-14T22:21:15-0400,-43.3159,0.0043
038441c925bb,4936,2018-08-14T22:21:20-0400,-40.6748,0.0069
038441c925bb,4937,2018-08-14T22:21:25-0400,-38.6888,0.0073
038441c925bb,4938,2018-08-14T22:21:30-0400,-33.8481,0.0025
038441c925bb,4939,2018-08-14T22:21:35-0400,-31.9669,0.0014
038441c925bb,4940,2018-08-14T22:21:40-0400,-31.9397,0.0028
038441c925bb,4941,2018-08-14T22:21:45-0400,-32.0848,0.0011
038441c925bb,4942,2018-08-14T22:21:50-0400,-34.0778,0.0011
038441c925bb,4943,2018-08-14T22:21:55-0400,-33.3052,0.0008
038441c925bb,4944,2018-08-14T22:22:00-0400,-32.158,0.0029
038441c925bb,4945,2018-08-14T22:22:05-0400,-31.5645,0.0032
038441c925bb,4946,2018-08-14T22:22:10-0400,-30.3037,0.003
038441c925bb,4947,2018-08-14T22:22:15-0400,-28.7242,0.0028
038441c925bb,4948,2018-08-14T22:22:20-0400,-28.3796,0.0009
038441c925bb,4949,2018-08-14T22:22:25-0400,-28.398,0.0006
038441c925bb,4950,2018-08-14T22:22:30-0400,-30.0099,0.0067
038441c925bb,4951,2018-08-14T22:22:35-0400,-33.6685,0.0042
038441c925bb,4952,2018-08-14T22:22:40-0400,-33.0951,0.0017
038441c925bb,4953,2018-08-14T22:22:45-0400,-32.0484,0.0043
038441c925bb,4954,2018-08-14T22:22:50-0400,-32.8733,0.002
038441c925bb,4955,2018-08-14T22:22:55-0400,-31.8236,0.0016
038441c925bb,4956,2018-08-14T22:23:00-0400,-32.3382,0.0017
038441c925bb,4957,2018-08-14T22:23:05-0400,-31.819,0.0022
038441c925bb,4958,2018-08-14T22:23:10-0400,-29.7233,0.0013
038441c925bb,4959,2018-08-14T22:23:15-0400,-22.1139,0.0002
038441c925bb,4960,2018-08-14T22:23:20-0400,-20.0648,0.0
038441c925bb,4961,2018-08-14T22:23:25-0400,-19.814,0.0
038441c925bb,4962,2018-08-14T22:23:30-0400,-19.5339,0.0
038441c925bb,4963,2018-08-14T22:23:35-0400,-19.1482,0.0
038441c925bb,4964,2018-08-14T22:23:40-0400,-19.0798,0.0
038441c925bb,4965,2018-08-14T22:23:45-0400,-18.853,0.0
038441c925bb,4966,2018-08-14T22:23:50-0400,-18.7454,0.0
038441c925bb,4967,2018-08-14T22:23:55-0400,-18.6312,0.0
038441c925bb,4968,2018-08-14T22:24:00-0400,-18.3536,0.0
038441c925bb,4969,2018-08-14T22:24:05-0400,-18.1967,0.0
038441c925bb,4970,2018-08-14T22:24:10-0400,-17.7921,0.0
038441c925bb,4971,2018-08-14T22:24:15-0400,-17.2247,0.0
038441c925bb,4972,2018-08-14T22:24:20-0400,-27.49,0.0115
038441c925bb,4973,2018-08-14T22:24:25-0400,-62.5623,0.0479
038441c925bb,4974,2018-08-14T22:24:30-0400,-57.7049,0.027
038441c925bb,4975,2018-08-14T22:24:35-0400,-65.3641,0.0256
038441c925bb,4976,2018-08-14T22:24:40-0400,-50.9467,0.0158
038441c925bb,4977,2018-08-14T22:24:45-0400,-51.0738,0.0492
038441c925bb,4978,2018-08-14T22:24:50-0400,-77.7016,0.0662
038441c925bb,4979,2018-08-14T22:24:55-0400,-77.5925,0.0126
038441c925bb,4980,2018-08-14T22:25:00-0400,-78.314,0.0103
038441c925bb,4981,2018-08-14T22:25:05-0400,-78.3456,0.0102
038441c925bb,4982,2018-08-14T22:25:10-0400,-78.7136,0.0107
038441c925bb,4983,2018-08-14T22:25:15-0400,-78.8616,0.0102
038441c925bb,4984,2018-08-14T22:25:20-0400,-79.0251,0.0102
038441c925bb,4985,2018-08-14T22:25:25-0400,-78.9252,0.0102
038441c925bb,4986,2018-08-14T22:25:30-0400,-78.8695,0.01
038441c925bb,4987,2018-08-14T22:25:35-0400,-78.7836,0.0094
038441c925bb,4988,2018-08-14T22:25:40-0400,-78.6974,0.0098
038441c925bb,4989,2018-08-14T22:25:45-0400,-78.7581,0.01
038441c925bb,4990,2018-08-14T22:25:50-0400,-78.7098,0.0097
038441c925bb,4991,2018-08-14T22:25:55-0400,-78.7303,0.0104
038441c925bb,4992,2018-08-14T22:26:00-0400,-78.6906,0.0099
038441c925bb,4993,2018-08-14T22:26:05-0400,-78.6649,0.0099
038441c925bb,4994,2018-08-14T22:26:10-0400,-78.4659,0.0101
038441c925bb,4995,2018-08-14T22:26:15-0400,-78.4546,0.0098
038441c925bb,4996,2018-08-14T22:26:20-0400,-78.5378,0.0098
038441c925bb,4997,2018-08-14T22:26:25-0400,-78.447,0.0099
038441c925bb,4998,2018-08-14T22:26:30-0400,-78.5465,0.0097
038441c925bb,4999,2018-08-14T22:26:35-0400,-78.421,0.0101
038441c925bb,5000,2018-08-14T22:26:40-0400,-78.4793,0.0098
038441c925bb,5001,2018-08-14T22:26:45-0400,-78.3193,0.0093
038441c925bb,5002,2018-08-14T22:26:50-0400,-78.3153,0.0095
038441c925bb,5003,2018-08-14T22:26:55-0400,-78.3313,0.0097
038441c925bb,5004,2018-08-14T22:27:00-0400,-68.3836,0.0239
038441c925bb,5005,2018-08-14T22:27:05-0400,-62.3629,0.0054
038441c925bb,5006,2018-08-14T22:27:10-0400,-62.7841,0.0065
038441c925bb,5007,2018-08-14T22:27:15-0400,-63.4205,0.0061
038441c925bb,5008,2018-08-14T22:27:20-0400,-64.8122,0.0058
038441c925bb,5009,2018-08-14T22:27:25-0400,-64.9289,0.0056
038441c925bb,5010,2018-08-14T22:27:30-0400,-64.8545,0.0057
038441c925bb,5011,2018-08-14T22:27:35-0400,-64.8049,0.0062
038441c925bb,5012,2018-08-14T22:27:40-0400,-64.8746,0.0058
038441c925bb,5013,2018-08-14T22:27:45-0400,-64.7844,0.0062
038441c925bb,5014,2018-08-14T22:27:50-0400,-64.8049,0.006
038441c925bb,5015,2018-08-14T22:27:55-0400,-64.8483,0.0061
038441c925bb,5016,2018-08-14T22:28:00-0400,-64.2796,0.0132
038441c925bb,5017,2018-08-14T22:28:05-0400,-62.4764,0.0204
038441c925bb,5018,2018-08-14T22:28:10-0400,-66.2145,0.0041
038441c925bb,5019,2018-08-14T22:28:15-0400,-66.2445,0.0043
038441c925bb,5020,2018-08-14T22:28:20-0400,-66.2877,0.0042
038441c925bb,5021,2018-08-14T22:28:25-0400,-66.2359,0.0043
038441c925bb,5022,2018-08-14T22:28:30-0400,-66.2714,0.004
038441c925bb,5023,2018-08-14T22:28:35-0400,-66.2115,0.0044
038441c925bb,5024,2018-08-14T22:28:40-0400,-66.1239,0.0042
038441c925bb,5025,2018-08-14T22:28:45-0400,-66.0239,0.0043
038441c925bb,5026,2018-08-14T22:28:50-0400,-66.2389,0.0044
038441c925bb,5027,2018-08-14T22:28:55-0400,-66.2755,0.0046
038441c925bb,5028,2018-08-14T22:29:00-0400,-66.3084,0.0045
038441c925bb,5029,2018-08-14T22:29:05-0400,-66.4,0.0043
038441c925bb,5030,2018-08-14T22:29:10-0400,-66.4977,0.0047
038441c925bb,5031,2018-08-14T22:29:15-0400,-66.4682,0.004
038441c925bb,5032,2018-08-14T22:29:20-0400,-66.5083,0.0043
038441c925bb,5033,2018-08-14T22:29:25-0400,-66.4292,0.0043
038441c925bb,5034,2018-08-14T22:29:30-0400,-66.4128,0.0041
038441c925bb,5035,2018-08-14T22:29:35-0400,-66.4584,0.0044
038441c925bb,5036,2018-08-14T22:29:40-0400,-66.4584,0.0043
038441c925bb,5037,2018-08-14T22:29:45-0400,-66.4466,0.004
038441c925bb,5038,2018-08-14T22:29:50-0400,-66.4796,0.0043
038441c925bb,5039,2018-08-14T22:29:55-0400,-66.6056,0.0042
038441c925bb,5040,2018-08-14T22:30:00-0400,-66.6251,0.0046
038441c925bb,5041,2018-08-14T22:30:05-0400,-66.5963,0.0042
038441c925bb,5042,2018-08-14T22:30:10-0400,-66.5441,0.004
038441c925bb,5043,2018-08-14T22:30:15-0400,-66.5051,0.0042
038441c925bb,5044,2018-08-14T22:30:20-0400,-66.6216,0.0043
038441c925bb,5045,2018-08-14T22:30:25-0400,-66.7122,0.0043
038441c925bb,5046,2018-08-14T22:30:30-0400,-66.754,0.0046
038441c925bb,5047,2018-08-14T22:30:35-0400,-66.6557,0.0043
038441c925bb,5048,2018-08-14T22:30:40-0400,-66.6365,0.0045
038441c925bb,5049,2018-08-14T22:30:45-0400,-66.6816,0.0046
038441c925bb,5050,2018-08-14T22:30:50-0400,-66.6258,0.0045
038441c925bb,5051,2018-08-14T22:30:55-0400,-66.6509,0.0043
038441c925bb,5052,2018-08-14T22:31:00-0400,-66.7289,0.0045
038441c925bb,5053,2018-08-14T22:31:05-0400,-66.6565,0.0043
038441c925bb,5054,2018-08-14T22:31:10-0400,-66.6648,0.0043
038441c925bb,5055,2018-08-14T22:31:15-0400,-66.7066,0.0043
038441c925bb,5056,2018-08-14T22:31:20-0400,-66.6816,0.0041
038441c925bb,5057,2018-08-14T22:31:25-0400,-66.7386,0.0043
038441c925bb,5058,2018-08-14T22:31:30-0400,-66.5301,0.0044
038441c925bb,5059,2018-08-14T22:31:35-0400,-66.5925,0.0047
038441c925bb,5060,2018-08-14T22:31:40-0400,-66.6927,0.0047
038441c925bb,5061,2018-08-14T22:31:45-0400,-66.7094,0.0046
038441c925bb,5062,2018-08-14T22:31:50-0400,-66.7258,0.0043
038441c925bb,5063,2018-08-14T22:31:55-0400,-66.8976,0.0057
038441c925bb,5064,2018-08-14T22:32:00-0400,-66.9588,0.0058
038441c925bb,5065,2018-08-14T22:32:05-0400,-66.9046,0.0056
038441c925bb,5066,2018-08-14T22:32:10-0400,-66.8232,0.0056
038441c925bb,5067,2018-08-14T22:32:15-0400,-66.8178,0.0056
038441c925bb,5068,2018-08-14T22:32:20-0400,-66.8106,0.0053
038441c925bb,5069,2018-08-14T22:32:25-0400,-66.8088,0.0053
038441c925bb,5070,2018-08-14T22:32:30-0400,-66.7693,0.0054
038441c925bb,5071,2018-08-14T22:32:35-0400,-66.7333,0.0052
038441c925bb,5072,2018-08-14T22:32:40-0400,-66.7333,0.0051
038441c925bb,5073,2018-08-14T22:32:45-0400,-66.7387,0.0052
038441c925bb,5074,2018-08-14T22:32:50-0400,-66.6887,0.0054
038441c925bb,5075,2018-08-14T22:32:55-0400,-66.7885,0.0053
038441c925bb,5076,2018-08-14T22:33:00-0400,-66.7459,0.0054
038441c925bb,5077,2018-08-14T22:33:05-0400,-66.7333,0.0052
038441c925bb,5078,2018-08-14T22:33:10-0400,-66.7333,0.0051
038441c925bb,5079,2018-08-14T22:33:15-0400,-66.7351,0.0053
038441c925bb,5080,2018-08-14T22:33:20-0400,-66.8232,0.0054
038441c925bb,5081,2018-08-14T22:33:25-0400,-66.7405,0.0054
038441c925bb,5082,2018-08-14T22:33:30-0400,-66.7801,0.0052
038441c925bb,5083,2018-08-14T22:33:35-0400,-66.8106,0.0053
038441c925bb,5084,2018-08-14T22:33:40-0400,-66.7333,0.0052
038441c925bb,5085,2018-08-14T22:33:45-0400,-66.7675,0.0048
038441c925bb,5086,2018-08-14T22:33:50-0400,-66.7333,0.005
038441c925bb,5087,2018-08-14T22:33:55-0400,-66.7333,0.0048
038441c925bb,5088,2018-08-14T22:34:00-0400,-66.7333,0.0053
038441c925bb,5089,2018-08-14T22:34:05-0400,-66.7333,0.0046
038441c925bb,5090,2018-08-14T22:34:10-0400,-66.7333,0.0048
038441c925bb,5091,2018-08-14T22:34:15-0400,-66.7333,0.0046
038441c925bb,5092,2018-08-14T22:34:20-0400,-66.7333,0.0047
038441c925bb,5093,2018-08-14T22:34:25-0400,-66.7333,0.0045
038441c925bb,5094,2018-08-14T22:34:30-0400,-66.7238,0.0048
038441c925bb,5095,2018-08-14T22:34:35-0400,-66.6057,0.0046
038441c925bb,5096,2018-08-14T22:34:40-0400,-66.6855,0.0042
038441c925bb,5097,2018-08-14T22:34:45-0400,-66.5897,0.0045
038441c925bb,5098,2018-08-14T22:34:50-0400,-66.6121,0.0044
038441c925bb,5099,2018-08-14T22:34:55-0400,-66.5738,0.0044
038441c925bb,5100,2018-08-14T22:35:00-0400,-66.6312,0.0047
038441c925bb,5101,2018-08-14T22:35:05-0400,-66.6057,0.0041
038441c925bb,5102,2018-08-14T22:35:10-0400,-66.7333,0.0047
038441c925bb,5103,2018-08-14T22:35:15-0400,-66.577,0.0047
038441c925bb,5104,2018-08-14T22:35:20-0400,-66.5866,0.0045
038441c925bb,5105,2018-08-14T22:35:25-0400,-66.7238,0.0044
038441c925bb,5106,2018-08-14T22:35:30-0400,-66.6408,0.0044
038441c925bb,5107,2018-08-14T22:35:35-0400,-66.5738,0.0048
038441c925bb,5108,2018-08-14T22:35:40-0400,-66.577,0.004
038441c925bb,5109,2018-08-14T22:35:45-0400,-66.5738,0.0044
038441c925bb,5110,2018-08-14T22:35:50-0400,-66.5738,0.0047
038441c925bb,5111,2018-08-14T22:35:55-0400,-66.5738,0.0045
038441c925bb,5112,2018-08-14T22:36:00-0400,-66.5738,0.0045
038441c925bb,5113,2018-08-14T22:36:05-0400,-66.5738,0.0042
038441c925bb,5114,2018-08-14T22:36:10-0400,-66.5738,0.0047
038441c925bb,5115,2018-08-14T22:36:15-0400,-66.644,0.0042
038441c925bb,5116,2018-08-14T22:36:20-0400,-66.5738,0.004
038441c925bb,5117,2018-08-14T22:36:25-0400,-66.5929,0.0044
038441c925bb,5118,2018-08-14T22:36:30-0400,-66.5866,0.0042
038441c925bb,5119,2018-08-14T22:36:35-0400,-66.577,0.0044
038441c925bb,5120,2018-08-14T22:36:40-0400,-66.5738,0.0041
038441c925bb,5121,2018-08-14T22:36:45-0400,-66.5738,0.0045
038441c925bb,5122,2018-08-14T22:36:50-0400,-66.5738,0.0045
038441c925bb,5123,2018-08-14T22:36:55-0400,-66.6025,0.0037
038441c925bb,5124,2018-08-14T22:37:00-0400,-66.5738,0.0042
038441c925bb,5125,2018-08-14T22:37:05-0400,-66.5738,0.0042
038441c925bb,5126,2018-08-14T22:37:10-0400,-66.5738,0.0042
038441c925bb,5127,2018-08-14T22:37:15-0400,-66.5738,0.0045
038441c925bb,5128,2018-08-14T22:37:20-0400,-66.5738,0.0047
038441c925bb,5129,2018-08-14T22:37:25-0400,-66.5738,0.0045
038441c925bb,5130,2018-08-14T22:37:30-0400,-66.6057,0.0042
038441c925bb,5131,2018-08-14T22:37:35-0400,-66.6567,0.0042
038441c925bb,5132,2018-08-14T22:37:40-0400,-66.6887,0.004
038441c925bb,5133,2018-08-14T22:37:45-0400,-66.5738,0.0043
038441c925bb,5134,2018-08-14T22:37:50-0400,-66.6153,0.0042
038441c925bb,5135,2018-08-14T22:37:55-0400,-66.5929,0.0041
038441c925bb,5136,2018-08-14T22:38:00-0400,-66.6727,0.0039
038441c925bb,5137,2018-08-14T22:38:05-0400,-66.5738,0.0046
038441c925bb,5138,2018-08-14T22:38:10-0400,-66.6089,0.0043
038441c925bb,5139,2018-08-14T22:38:15-0400,-66.5738,0.0042
038441c925bb,5140,2018-08-14T22:38:20-0400,-66.6472,0.0043
038441c925bb,5141,2018-08-14T22:38:25-0400,-66.6057,0.0043
038441c925bb,5142,2018-08-14T22:38:30-0400,-66.5738,0.0044
038441c925bb,5143,2018-08-14T22:38:35-0400,-66.577,0.0042
038441c925bb,5144,2018-08-14T22:38:40-0400,-66.5738,0.0041
038441c925bb,5145,2018-08-14T22:38:45-0400,-66.5738,0.0042
038441c925bb,5146,2018-08-14T22:38:50-0400,-66.5738,0.0044
038441c925bb,5147,2018-08-14T22:38:55-0400,-66.5738,0.0044
038441c925bb,5148,2018-08-14T22:39:00-0400,-66.5738,0.0039
038441c925bb,5149,2018-08-14T22:39:05-0400,-66.5738,0.0046
038441c925bb,5150,2018-08-14T22:39:10-0400,-66.5738,0.0043
038441c925bb,5151,2018-08-14T22:39:15-0400,-66.5738,0.0047
038441c925bb,5152,2018-08-14T22:39:20-0400,-66.5834,0.0042
038441c925bb,5153,2018-08-14T22:39:25-0400,-66.5738,0.0042
038441c925bb,5154,2018-08-14T22:39:30-0400,-66.5738,0.0044
038441c925bb,5155,2018-08-14T22:39:35-0400,-66.5738,0.0043
038441c925bb,5156,2018-08-14T22:39:40-0400,-66.5738,0.005
038441c925bb,5157,2018-08-14T22:39:45-0400,-66.5738,0.0044
038441c925bb,5158,2018-08-14T22:39:50-0400,-66.5738,0.0046
038441c925bb,5159,2018-08-14T22:39:55-0400,-66.577,0.0042
038441c925bb,5160,2018-08-14T22:40:00-0400,-66.5738,0.0043
038441c925bb,5161,2018-08-14T22:40:05-0400,-66.5738,0.0043
038441c925bb,5162,2018-08-14T22:40:10-0400,-66.5738,0.0046
038441c925bb,5163,2018-08-14T22:40:15-0400,-66.6216,0.0046
038441c925bb,5164,2018-08-14T22:40:20-0400,-66.5738,0.0045
038441c925bb,5165,2018-08-14T22:40:25-0400,-66.5738,0.0045
038441c925bb,5166,2018-08-14T22:40:30-0400,-66.5738,0.0045
038441c925bb,5167,2018-08-14T22:40:35-0400,-66.5738,0.0048
038441c925bb,5168,2018-08-14T22:40:40-0400,-66.5834,0.0043
038441c925bb,5169,2018-08-14T22:40:45-0400,-66.5738,0.0043
038441c925bb,5170,2018-08-14T22:40:50-0400,-66.5738,0.0044
038441c925bb,5171,2018-08-14T22:40:55-0400,-66.5738,0.0046
038441c925bb,5172,2018-08-14T22:41:00-0400,-66.577,0.0043
038441c925bb,5173,2018-08-14T22:41:05-0400,-66.5738,0.0044
038441c925bb,5174,2018-08-14T22:41:10-0400,-66.5738,0.0045
038441c925bb,5175,2018-08-14T22:41:15-0400,-66.5738,0.0043
038441c925bb,5176,2018-08-14T22:41:20-0400,-66.5738,0.0043
038441c925bb,5177,2018-08-14T22:41:25-0400,-66.5738,0.0042
038441c925bb,5178,2018-08-14T22:41:30-0400,-66.5834,0.0043
038441c925bb,5179,2018-08-14T22:41:35-0400,-66.5866,0.0047
038441c925bb,5180,2018-08-14T22:41:40-0400,-66.5738,0.0043
038441c925bb,5181,2018-08-14T22:41:45-0400,-66.5738,0.0046
038441c925bb,5182,2018-08-14T22:41:50-0400,-66.5738,0.0044
038441c925bb,5183,2018-08-14T22:41:55-0400,-66.5738,0.0046
038441c925bb,5184,2018-08-14T22:42:00-0400,-66.5738,0.0045
038441c925bb,5185,2018-08-14T22:42:05-0400,-66.5738,0.0046
038441c925bb,5186,2018-08-14T22:42:10-0400,-66.5738,0.0047
038441c925bb,5187,2018-08-14T22:42:15-0400,-66.5738,0.005
038441c925bb,5188,2018-08-14T22:42:20-0400,-66.5738,0.0043
038441c925bb,5189,2018-08-14T22:42:25-0400,-66.5738,0.0045
038441c925bb,5190,2018-08-14T22:42:30-0400,-66.5738,0.0052
038441c925bb,5191,2018-08-14T22:42:35-0400,-66.5738,0.0047
038441c925bb,5192,2018-08-14T22:42:40-0400,-66.5738,0.0044
038441c925bb,5193,2018-08-14T22:42:45-0400,-66.5738,0.0042
038441c925bb,5194,2018-08-14T22:42:50-0400,-66.5738,0.0044
038441c925bb,5195,2018-08-14T22:42:55-0400,-66.5738,0.0042
038441c925bb,5196,2018-08-14T22:43:00-0400,-66.5738,0.0047
038441c925bb,5197,2018-08-14T22:43:05-0400,-66.5738,0.0044
038441c925bb,5198,2018-08-14T22:43:10-0400,-66.5738,0.0045
038441c925bb,5199,2018-08-14T22:43:15-0400,-66.5738,0.0046
038441c925bb,5200,2018-08-14T22:43:20-0400,-66.5738,0.0044
038441c925bb,5201,2018-08-14T22:43:25-0400,-66.5738,0.0047
038441c925bb,5202,2018-08-14T22:43:30-0400,-66.5738,0.0046
038441c925bb,5203,2018-08-14T22:43:35-0400,-66.5738,0.0044
038441c925bb,5204,2018-08-14T22:43:40-0400,-66.5738,0.0045
038441c925bb,5205,2018-08-14T22:43:45-0400,-66.5738,0.0049
038441c925bb,5206,2018-08-14T22:43:50-0400,-66.5738,0.0047
038441c925bb,5207,2018-08-14T22:43:55-0400,-66.5738,0.0048
038441c925bb,5208,2018-08-14T22:44:00-0400,-66.5738,0.0044
038441c925bb,5209,2018-08-14T22:44:05-0400,-66.5738,0.0046
038441c925bb,5210,2018-08-14T22:44:10-0400,-66.5738,0.0044
038441c925bb,5211,2018-08-14T22:44:15-0400,-66.5738,0.0042
038441c925bb,5212,2018-08-14T22:44:20-0400,-66.5738,0.0042
038441c925bb,5213,2018-08-14T22:44:25-0400,-66.5738,0.004
038441c925bb,5214,2018-08-14T22:44:30-0400,-66.5738,0.0044
038441c925bb,5215,2018-08-14T22:44:35-0400,-66.5738,0.0043
038441c925bb,5216,2018-08-14T22:44:40-0400,-66.5738,0.0042
038441c925bb,5217,2018-08-14T22:44:45-0400,-66.5738,0.0047
038441c925bb,5218,2018-08-14T22:44:50-0400,-66.5738,0.0041
038441c925bb,5219,2018-08-14T22:44:55-0400,-66.5738,0.005
038441c925bb,5220,2018-08-14T22:45:00-0400,-66.5738,0.0043
038441c925bb,5221,2018-08-14T22:45:05-0400,-66.5738,0.0043
038441c925bb,5222,2018-08-14T22:45:10-0400,-66.5738,0.0046
038441c925bb,5223,2018-08-14T22:45:15-0400,-66.5738,0.0044
038441c925bb,5224,2018-08-14T22:45:20-0400,-66.5738,0.0047
038441c925bb,5225,2018-08-14T22:45:25-0400,-66.5738,0.0048
038441c925bb,5226,2018-08-14T22:45:30-0400,-66.5738,0.0042
038441c925bb,5227,2018-08-14T22:45:35-0400,-66.5738,0.005
038441c925bb,5228,2018-08-14T22:45:40-0400,-66.5738,0.0046
038441c925bb,5229,2018-08-14T22:45:45-0400,-66.5738,0.0046
038441c925bb,5230,2018-08-14T22:45:50-0400,-66.5738,0.0048
038441c925bb,5231,2018-08-14T22:45:55-0400,-66.5738,0.0048
038441c925bb,5232,2018-08-14T22:46:00-0400,-66.5738,0.0046
038441c925bb,5233,2018-08-14T22:46:05-0400,-66.5738,0.0048
038441c925bb,5234,2018-08-14T22:46:10-0400,-66.5738,0.0049
038441c925bb,5235,2018-08-14T22:46:15-0400,-66.5738,0.0047
038441c925bb,5236,2018-08-14T22:46:20-0400,-66.5738,0.005
038441c925bb,5237,2018-08-14T22:46:25-0400,-66.5738,0.0048
038441c925bb,5238,2018-08-14T22:46:30-0400,-66.5738,0.0044
038441c925bb,5239,2018-08-14T22:46:35-0400,-66.5738,0.0048
038441c925bb,5240,2018-08-14T22:46:40-0400,-66.5738,0.0046
038441c925bb,5241,2018-08-14T22:46:45-0400,-66.5738,0.0049
038441c925bb,5242,2018-08-14T22:46:50-0400,-66.5738,0.0048
038441c925bb,5243,2018-08-14T22:46:55-0400,-66.5738,0.0044
038441c925bb,5244,2018-08-14T22:47:00-0400,-66.5738,0.0043
038441c925bb,5245,2018-08-14T22:47:05-0400,-66.5738,0.0048
038441c925bb,5246,2018-08-14T22:47:10-0400,-66.5738,0.0045
038441c925bb,5247,2018-08-14T22:47:15-0400,-66.5738,0.0044
038441c925bb,5248,2018-08-14T22:47:20-0400,-66.5738,0.0046
038441c925bb,5249,2018-08-14T22:47:25-0400,-66.5738,0.0046
038441c925bb,5250,2018-08-14T22:47:30-0400,-66.5738,0.0046
038441c925bb,5251,2018-08-14T22:47:35-0400,-66.5738,0.0046
038441c925bb,5252,2018-08-14T22:47:40-0400,-66.5738,0.0043
038441c925bb,5253,2018-08-14T22:47:45-0400,-66.5738,0.0048
038441c925bb,5254,2018-08-14T22:47:50-0400,-66.5738,0.0044
038441c925bb,5255,2018-08-14T22:47:55-0400,-66.5738,0.0044
038441c925bb,5256,2018-08-14T22:48:00-0400,-66.5738,0.0045
038441c925bb,5257,2018-08-14T22:48:05-0400,-66.5738,0.0046
038441c925bb,5258,2018-08-14T22:48:10-0400,-66.5738,0.0043
038441c925bb,5259,2018-08-14T22:48:15-0400,-66.5738,0.0043
038441c925bb,5260,2018-08-14T22:48:20-0400,-66.5738,0.0045
038441c925bb,5261,2018-08-14T22:48:25-0400,-66.5738,0.0045
038441c925bb,5262,2018-08-14T22:48:30-0400,-66.5738,0.0042
038441c925bb,5263,2018-08-14T22:48:35-0400,-66.5738,0.0046
038441c925bb,5264,2018-08-14T22:48:40-0400,-66.5738,0.0048
038441c925bb,5265,2018-08-14T22:48:45-0400,-66.5738,0.0045
038441c925bb,5266,2018-08-14T22:48:50-0400,-66.5738,0.0049
038441c925bb,5267,2018-08-14T22:48:55-0400,-66.5738,0.0047
038441c925bb,5268,2018-08-14T22:49:00-0400,-66.5738,0.0051
038441c925bb,5269,2018-08-14T22:49:05-0400,-66.5738,0.0052
038441c925bb,5270,2018-08-14T22:49:10-0400,-66.5738,0.0051
038441c925bb,5271,2018-08-14T22:49:15-0400,-66.5738,0.0048
038441c925bb,5272,2018-08-14T22:49:20-0400,-66.5738,0.0045
038441c925bb,5273,2018-08-14T22:49:25-0400,-66.5738,0.0052
038441c925bb,5274,2018-08-14T22:49:30-0400,-66.4882,0.0044
038441c925bb,5275,2018-08-14T22:49:35-0400,-66.5181,0.0045
038441c925bb,5276,2018-08-14T22:49:40-0400,-66.4938,0.0044
038441c925bb,5277,2018-08-14T22:49:45-0400,-66.5578,0.0045
038441c925bb,5278,2018-08-14T22:49:50-0400,-66.4248,0.0043
038441c925bb,5279,2018-08-14T22:49:55-0400,-66.4505,0.0043
038441c925bb,5280,2018-08-14T22:50:00-0400,-66.4362,0.0044
038441c925bb,5281,2018-08-14T22:50:05-0400,-66.402,0.0043
038441c925bb,5282,2018-08-14T22:50:10-0400,-66.4421,0.0045
038441c925bb,5283,2018-08-14T22:50:15-0400,-66.4471,0.0039
038441c925bb,5284,2018-08-14T22:50:20-0400,-66.422,0.0043
038441c925bb,5285,2018-08-14T22:50:25-0400,-66.5349,0.0045
038441c925bb,5286,2018-08-14T22:50:30-0400,-66.5137,0.0043
038441c925bb,5287,2018-08-14T22:50:35-0400,-66.5155,0.0038
038441c925bb,5288,2018-08-14T22:50:40-0400,-66.5418,0.0045
038441c925bb,5289,2018-08-14T22:50:45-0400,-66.5029,0.0042
038441c925bb,5290,2018-08-14T22:50:50-0400,-66.4378,0.0041
038441c925bb,5291,2018-08-14T22:50:55-0400,-66.5509,0.0044
038441c925bb,5292,2018-08-14T22:51:00-0400,-66.5538,0.0045
038441c925bb,5293,2018-08-14T22:51:05-0400,-66.4901,0.0043
038441c925bb,5294,2018-08-14T22:51:10-0400,-66.5683,0.0039
038441c925bb,5295,2018-08-14T22:51:15-0400,-66.561,0.0042
038441c925bb,5296,2018-08-14T22:51:20-0400,-66.441,0.0037
038441c925bb,5297,2018-08-14T22:51:25-0400,-66.4986,0.0042
038441c925bb,5298,2018-08-14T22:51:30-0400,-66.5738,0.0039
038441c925bb,5299,2018-08-14T22:51:35-0400,-66.5738,0.0042
038441c925bb,5300,2018-08-14T22:51:40-0400,-66.5738,0.0044
038441c925bb,5301,2018-08-14T22:51:45-0400,-66.561,0.0044
038441c925bb,5302,2018-08-14T22:51:50-0400,-66.5368,0.0043
038441c925bb,5303,2018-08-14T22:51:55-0400,-66.5738,0.0044
038441c925bb,5304,2018-08-14T22:52:00-0400,-66.5592,0.0043
038441c925bb,5305,2018-08-14T22:52:05-0400,-66.5738,0.0042
038441c925bb,5306,2018-08-14T22:52:10-0400,-66.5738,0.0044
038441c925bb,5307,2018-08-14T22:52:15-0400,-66.5642,0.0042
038441c925bb,5308,2018-08-14T22:52:20-0400,-66.5642,0.0043
038441c925bb,5309,2018-08-14T22:52:25-0400,-66.5674,0.0043
038441c925bb,5310,2018-08-14T22:52:30-0400,-66.5509,0.0042
038441c925bb,5311,2018-08-14T22:52:35-0400,-66.5028,0.0039
038441c925bb,5312,2018-08-14T22:52:40-0400,-66.5112,0.0048
038441c925bb,5313,2018-08-14T22:52:45-0400,-66.5738,0.0041
038441c925bb,5314,2018-08-14T22:52:50-0400,-66.5483,0.0041
038441c925bb,5315,2018-08-14T22:52:55-0400,-66.5565,0.004
038441c925bb,5316,2018-08-14T22:53:00-0400,-66.4138,0.0045
038441c925bb,5317,2018-08-14T22:53:05-0400,-66.513,0.0043
038441c925bb,5318,2018-08-14T22:53:10-0400,-66.5738,0.0044
038441c925bb,5319,2018-08-14T22:53:15-0400,-66.572,0.0044
038441c925bb,5320,2018-08-14T22:53:20-0400,-66.5546,0.0039
038441c925bb,5321,2018-08-14T22:53:25-0400,-66.4443,0.0039
038441c925bb,5322,2018-08-14T22:53:30-0400,-66.4938,0.0042
038441c925bb,5323,2018-08-14T22:53:35-0400,-66.5189,0.0043
038441c925bb,5324,2018-08-14T22:53:40-0400,-66.5386,0.0041
038441c925bb,5325,2018-08-14T22:53:45-0400,-66.4927,0.0038
038441c925bb,5326,2018-08-14T22:53:50-0400,-66.3754,0.0041
038441c925bb,5327,2018-08-14T22:53:55-0400,-66.5162,0.0041
038441c925bb,5328,2018-08-14T22:54:00-0400,-66.5738,0.0039
038441c925bb,5329,2018-08-14T22:54:05-0400,-66.5392,0.0039
038441c925bb,5330,2018-08-14T22:54:10-0400,-66.5442,0.0041
038441c925bb,5331,2018-08-14T22:54:15-0400,-66.5002,0.0042
038441c925bb,5332,2018-08-14T22:54:20-0400,-66.4586,0.0042
038441c925bb,5333,2018-08-14T22:54:25-0400,-66.5738,0.0044
038441c925bb,5334,2018-08-14T22:54:30-0400,-66.417,0.0043
038441c925bb,5335,2018-08-14T22:54:35-0400,-66.5272,0.0042
038441c925bb,5336,2018-08-14T22:54:40-0400,-66.5706,0.0044
038441c925bb,5337,2018-08-14T22:54:45-0400,-66.5706,0.0045
038441c925bb,5338,2018-08-14T22:54:50-0400,-66.4537,0.0041
038441c925bb,5339,2018-08-14T22:54:55-0400,-66.5191,0.0043
038441c925bb,5340,2018-08-14T22:55:00-0400,-66.5738,0.0044
038441c925bb,5341,2018-08-14T22:55:05-0400,-66.5546,0.0044
038441c925bb,5342,2018-08-14T22:55:10-0400,-66.3896,0.0041
038441c925bb,5343,2018-08-14T22:55:15-0400,-66.5405,0.0044
038441c925bb,5344,2018-08-14T22:55:20-0400,-66.5592,0.004
038441c925bb,5345,2018-08-14T22:55:25-0400,-66.5265,0.0043
038441c925bb,5346,2018-08-14T22:55:30-0400,-66.5483,0.0039
038441c925bb,5347,2018-08-14T22:55:35-0400,-66.4938,0.0044
038441c925bb,5348,2018-08-14T22:55:40-0400,-66.5162,0.0049
038441c925bb,5349,2018-08-14T22:55:45-0400,-66.5706,0.0045
038441c925bb,5350,2018-08-14T22:55:50-0400,-66.5738,0.0047
038441c925bb,5351,2018-08-14T22:55:55-0400,-66.5674,0.0047
038441c925bb,5352,2018-08-14T22:56:00-0400,-66.3973,0.0046
038441c925bb,5353,2018-08-14T22:56:05-0400,-66.5021,0.0041
038441c925bb,5354,2018-08-14T22:56:10-0400,-66.5738,0.0044
038441c925bb,5355,2018-08-14T22:56:15-0400,-66.5738,0.0046
038441c925bb,5356,2018-08-14T22:56:20-0400,-66.5738,0.0044
038441c925bb,5357,2018-08-14T22:56:25-0400,-66.572,0.0041
038441c925bb,5358,2018-08-14T22:56:30-0400,-66.5267,0.0048
038441c925bb,5359,2018-08-14T22:56:35-0400,-66.5738,0.0043
038441c925bb,5360,2018-08-14T22:56:40-0400,-66.47,0.0044
038441c925bb,5361,2018-08-14T22:56:45-0400,-66.4266,0.0047
038441c925bb,5362,2018-08-14T22:56:50-0400,-66.5738,0.0048
038441c925bb,5363,2018-08-14T22:56:55-0400,-66.5354,0.005
038441c925bb,5364,2018-08-14T22:57:00-0400,-66.5546,0.0046
038441c925bb,5365,2018-08-14T22:57:05-0400,-66.5738,0.0046
038441c925bb,5366,2018-08-14T22:57:10-0400,-66.529,0.0046
038441c925bb,5367,2018-08-14T22:57:15-0400,-66.5738,0.0046
038441c925bb,5368,2018-08-14T22:57:20-0400,-66.5738,0.0048
038441c925bb,5369,2018-08-14T22:57:25-0400,-66.529,0.0045
038441c925bb,5370,2018-08-14T22:57:30-0400,-66.5034,0.0047
038441c925bb,5371,2018-08-14T22:57:35-0400,-66.4234,0.0048
038441c925bb,5372,2018-08-14T22:57:40-0400,-66.545,0.0044
038441c925bb,5373,2018-08-14T22:57:45-0400,-66.5706,0.0047
038441c925bb,5374,2018-08-14T22:57:50-0400,-66.5556,0.0041
038441c925bb,5375,2018-08-14T22:57:55-0400,-66.5474,0.0046
038441c925bb,5376,2018-08-14T22:58:00-0400,-66.4522,0.0043
038441c925bb,5377,2018-08-14T22:58:05-0400,-66.4778,0.0043
038441c925bb,5378,2018-08-14T22:58:10-0400,-66.5226,0.0042
038441c925bb,5379,2018-08-14T22:58:15-0400,-66.5354,0.0047
038441c925bb,5380,2018-08-14T22:58:20-0400,-66.5337,0.0045
038441c925bb,5381,2018-08-14T22:58:25-0400,-66.4874,0.0044
038441c925bb,5382,2018-08-14T22:58:30-0400,-66.5546,0.0045
038441c925bb,5383,2018-08-14T22:58:35-0400,-66.5738,0.0039
038441c925bb,5384,2018-08-14T22:58:40-0400,-66.5738,0.0043
038441c925bb,5385,2018-08-14T22:58:45-0400,-66.5738,0.0042
038441c925bb,5386,2018-08-14T22:58:50-0400,-66.5738,0.0039
038441c925bb,5387,2018-08-14T22:58:55-0400,-66.5642,0.0042
038441c925bb,5388,2018-08-14T22:59:00-0400,-66.4938,0.0046
038441c925bb,5389,2018-08-14T22:59:05-0400,-66.5738,0.0045
038441c925bb,5390,2018-08-14T22:59:10-0400,-66.5738,0.0045
038441c925bb,5391,2018-08-14T22:59:15-0400,-66.5738,0.0047
038441c925bb,5392,2018-08-14T22:59:20-0400,-66.5738,0.0044
038441c925bb,5393,2018-08-14T22:59:25-0400,-66.5738,0.0044
038441c925bb,5394,2018-08-14T22:59:30-0400,-66.497,0.0043
038441c925bb,5395,2018-08-14T22:59:35-0400,-66.5738,0.0044
038441c925bb,5396,2018-08-14T22:59:40-0400,-66.5642,0.0044
038441c925bb,5397,2018-08-14T22:59:45-0400,-66.5738,0.0045
038441c925bb,5398,2018-08-14T22:59:50-0400,-66.5514,0.0046
038441c925bb,5399,2018-08-14T22:59:55-0400,-66.5738,0.0044
038441c925bb,5400,2018-08-14T23:00:00-0400,-66.4746,0.0045
038441c925bb,5401,2018-08-14T23:00:05-0400,-66.4138,0.0046
038441c925bb,5402,2018-08-14T23:00:10-0400,-66.5098,0.0046
038441c925bb,5403,2018-08-14T23:00:15-0400,-66.513,0.0044
038441c925bb,5404,2018-08-14T23:00:20-0400,-66.5153,0.0044
038441c925bb,5405,2018-08-14T23:00:25-0400,-66.5162,0.0044
038441c925bb,5406,2018-08-14T23:00:30-0400,-66.465,0.0044
038441c925bb,5407,2018-08-14T23:00:35-0400,-66.4714,0.0043
038441c925bb,5408,2018-08-14T23:00:40-0400,-66.561,0.0048
038441c925bb,5409,2018-08-14T23:00:45-0400,-66.529,0.0042
038441c925bb,5410,2018-08-14T23:00:50-0400,-66.5149,0.0049
038441c925bb,5411,2018-08-14T23:00:55-0400,-66.4894,0.0044
038441c925bb,5412,2018-08-14T23:01:00-0400,-66.5066,0.0043
038441c925bb,5413,2018-08-14T23:01:05-0400,-66.5738,0.0046
038441c925bb,5414,2018-08-14T23:01:10-0400,-66.5674,0.0049
038441c925bb,5415,2018-08-14T23:01:15-0400,-66.5738,0.0043
038441c925bb,5416,2018-08-14T23:01:20-0400,-66.4522,0.0049
038441c925bb,5417,2018-08-14T23:01:25-0400,-66.545,0.0044
038441c925bb,5418,2018-08-14T23:01:30-0400,-66.5564,0.0047
038441c925bb,5419,2018-08-14T23:01:35-0400,-66.4266,0.0045
038441c925bb,5420,2018-08-14T23:01:40-0400,-66.5386,0.0044
038441c925bb,5421,2018-08-14T23:01:45-0400,-66.5738,0.0044
038441c925bb,5422,2018-08-14T23:01:50-0400,-66.5738,0.0039
038441c925bb,5423,2018-08-14T23:01:55-0400,-66.5386,0.0044
038441c925bb,5424,2018-08-14T23:02:00-0400,-66.513,0.0046
038441c925bb,5425,2018-08-14T23:02:05-0400,-66.4234,0.0043
038441c925bb,5426,2018-08-14T23:02:10-0400,-66.4165,0.0043
038441c925bb,5427,2018-08-14T23:02:15-0400,-66.4218,0.0047
038441c925bb,5428,2018-08-14T23:02:20-0400,-66.4339,0.0042
038441c925bb,5429,2018-08-14T23:02:25-0400,-66.4568,0.0047
038441c925bb,5430,2018-08-14T23:02:30-0400,-66.5738,0.0048
038441c925bb,5431,2018-08-14T23:02:35-0400,-66.5034,0.0048
038441c925bb,5432,2018-08-14T23:02:40-0400,-66.5034,0.0049
038441c925bb,5433,2018-08-14T23:02:45-0400,-66.5819,0.0043
038441c925bb,5434,2018-08-14T23:02:50-0400,-66.5396,0.0047
038441c925bb,5435,2018-08-14T23:02:55-0400,-66.4842,0.0043
038441c925bb,5436,2018-08-14T23:03:00-0400,-66.5514,0.0047
038441c925bb,5437,2018-08-14T23:03:05-0400,-66.5419,0.0042
038441c925bb,5438,2018-08-14T23:03:10-0400,-66.536,0.005
038441c925bb,5439,2018-08-14T23:03:15-0400,-66.5162,0.0048
038441c925bb,5440,2018-08-14T23:03:20-0400,-66.4938,0.0045
038441c925bb,5441,2018-08-14T23:03:25-0400,-66.4574,0.0042
038441c925bb,5442,2018-08-14T23:03:30-0400,-66.4842,0.0042
038441c925bb,5443,2018-08-14T23:03:35-0400,-66.417,0.0045
038441c925bb,5444,2018-08-14T23:03:40-0400,-66.5621,0.0042
038441c925bb,5445,2018-08-14T23:03:45-0400,-66.5738,0.0045
038441c925bb,5446,2018-08-14T23:03:50-0400,-66.5002,0.0044
038441c925bb,5447,2018-08-14T23:03:55-0400,-66.4682,0.0045
038441c925bb,5448,2018-08-14T23:04:00-0400,-66.4394,0.0044
038441c925bb,5449,2018-08-14T23:04:05-0400,-66.4938,0.0048
038441c925bb,5450,2018-08-14T23:04:10-0400,-66.4271,0.005
038441c925bb,5451,2018-08-14T23:04:15-0400,-66.529,0.005
038441c925bb,5452,2018-08-14T23:04:20-0400,-66.5578,0.0044
038441c925bb,5453,2018-08-14T23:04:25-0400,-66.561,0.0047
038441c925bb,5454,2018-08-14T23:04:30-0400,-66.5738,0.0052
038441c925bb,5455,2018-08-14T23:04:35-0400,-66.5642,0.005
038441c925bb,5456,2018-08-14T23:04:40-0400,-66.5738,0.0047
038441c925bb,5457,2018-08-14T23:04:45-0400,-66.5873,0.0049
038441c925bb,5458,2018-08-14T23:04:50-0400,-66.5088,0.0049
038441c925bb,5459,2018-08-14T23:04:55-0400,-66.4906,0.0053
038441c925bb,5460,2018-08-14T23:05:00-0400,-66.5738,0.0047
038441c925bb,5461,2018-08-14T23:05:05-0400,-66.5738,0.0046
038441c925bb,5462,2018-08-14T23:05:10-0400,-66.5738,0.0049
038441c925bb,5463,2018-08-14T23:05:15-0400,-66.6056,0.0045
038441c925bb,5464,2018-08-14T23:05:20-0400,-66.5777,0.0049
038441c925bb,5465,2018-08-14T23:05:25-0400,-66.5766,0.0051
038441c925bb,5466,2018-08-14T23:05:30-0400,-66.5873,0.0054
038441c925bb,5467,2018-08-14T23:05:35-0400,-66.6223,0.0049
038441c925bb,5468,2018-08-14T23:05:40-0400,-66.5738,0.0053
038441c925bb,5469,2018-08-14T23:05:45-0400,-66.5738,0.0049
038441c925bb,5470,2018-08-14T23:05:50-0400,-66.5765,0.0047
038441c925bb,5471,2018-08-14T23:05:55-0400,-66.9206,0.0054
038441c925bb,5472,2018-08-14T23:06:00-0400,-50.4637,0.0165
038441c925bb,5473,2018-08-14T23:06:05-0400,-35.1947,0.0229
038441c925bb,5474,2018-08-14T23:06:10-0400,-28.576,0.0254
038441c925bb,5475,2018-08-14T23:06:15-0400,-27.5455,0.0239
038441c925bb,5476,2018-08-14T23:06:20-0400,-27.1449,0.0404
038441c925bb,5477,2018-08-14T23:06:25-0400,-55.2339,0.0121
038441c925bb,5478,2018-08-14T23:06:30-0400,-55.7701,0.0131
038441c925bb,5479,2018-08-14T23:06:35-0400,-55.3697,0.013
038441c925bb,5480,2018-08-14T23:06:40-0400,-55.2212,0.0129
038441c925bb,5481,2018-08-14T23:06:45-0400,-55.1247,0.0134
038441c925bb,5482,2018-08-14T23:06:50-0400,-55.0475,0.0137
038441c925bb,5483,2018-08-14T23:06:55-0400,-54.8925,0.0137
038441c925bb,5484,2018-08-14T23:07:00-0400,-54.8268,0.0138
038441c925bb,5485,2018-08-14T23:07:05-0400,-54.787,0.0136
038441c925bb,5486,2018-08-14T23:07:10-0400,-54.8538,0.0145
038441c925bb,5487,2018-08-14T23:07:15-0400,-53.2895,0.0081
038441c925bb,5488,2018-08-14T23:07:20-0400,-56.043,0.0079
038441c925bb,5489,2018-08-14T23:07:25-0400,-55.9536,0.0099
038441c925bb,5490,2018-08-14T23:07:30-0400,-55.9497,0.0098
038441c925bb,5491,2018-08-14T23:07:35-0400,-55.9497,0.0102
038441c925bb,5492,2018-08-14T23:07:40-0400,-55.9497,0.0101
038441c925bb,5493,2018-08-14T23:07:45-0400,-55.9497,0.0097
038441c925bb,5494,2018-08-14T23:07:50-0400,-55.975,0.01
038441c925bb,5495,2018-08-14T23:07:55-0400,-55.9649,0.0098
038441c925bb,5496,2018-08-14T23:08:00-0400,-55.9497,0.0098
038441c925bb,5497,2018-08-14T23:08:05-0400,-55.9497,0.0097
038441c925bb,5498,2018-08-14T23:08:10-0400,-55.9497,0.0094
038441c925bb,5499,2018-08-14T23:08:15-0400,-55.9497,0.0094
038441c925bb,5500,2018-08-14T23:08:20-0400,-55.9444,0.0092
038441c925bb,5501,2018-08-14T23:08:25-0400,-55.9333,0.01
038441c925bb,5502,2018-08-14T23:08:30-0400,-55.9333,0.0095
038441c925bb,5503,2018-08-14T23:08:35-0400,-55.9333,0.009
038441c925bb,5504,2018-08-14T23:08:40-0400,-55.9333,0.0093
038441c925bb,5505,2018-08-14T23:08:45-0400,-55.9333,0.0095
038441c925bb,5506,2018-08-14T23:08:50-0400,-55.9333,0.0096
038441c925bb,5507,2018-08-14T23:08:55-0400,-55.9486,0.0093
038441c925bb,5508,2018-08-14T23:09:00-0400,-60.8723,0.0291
038441c925bb,5509,2018-08-14T23:09:05-0400,-62.5924,0.0191
038441c925bb,5510,2018-08-14T23:09:10-0400,-60.407,0.0187
038441c925bb,5511,2018-08-14T23:09:15-0400,-60.0149,0.0199
038441c925bb,5512,2018-08-14T23:09:20-0400,-59.8482,0.0201
038441c925bb,5513,2018-08-14T23:09:25-0400,-59.8219,0.0208
038441c925bb,5514,2018-08-14T23:09:30-0400,-59.8211,0.0207
038441c925bb,5515,2018-08-14T23:09:35-0400,-59.8211,0.021
038441c925bb,5516,2018-08-14T23:09:40-0400,-59.6435,0.0211
038441c925bb,5517,2018-08-14T23:09:45-0400,-59.6281,0.0217
038441c925bb,5518,2018-08-14T23:09:50-0400,-59.5826,0.0211
038441c925bb,5519,2018-08-14T23:09:55-0400,-59.5068,0.0212
038441c925bb,5520,2018-08-14T23:10:00-0400,-59.3873,0.021
038441c925bb,5521,2018-08-14T23:10:05-0400,-59.4682,0.021
038441c925bb,5522,2018-08-14T23:10:10-0400,-59.3526,0.0213
038441c925bb,5523,2018-08-14T23:10:15-0400,-59.4258,0.0211
038441c925bb,5524,2018-08-14T23:10:20-0400,-59.3256,0.0213
038441c925bb,5525,2018-08-14T23:10:25-0400,-59.3611,0.0213
038441c925bb,5526,2018-08-14T23:10:30-0400,-62.4669,0.0299
038441c925bb,5527,2018-08-14T23:10:35-0400,-63.4511,0.0186
038441c925bb,5528,2018-08-14T23:10:40-0400,-63.7828,0.0185
038441c925bb,5529,2018-08-14T23:10:45-0400,-63.8151,0.0183
038441c925bb,5530,2018-08-14T23:10:50-0400,-63.8959,0.0181
038441c925bb,5531,2018-08-14T23:10:55-0400,-63.9929,0.0184
038441c925bb,5532,2018-08-14T23:11:00-0400,-64.0171,0.0185
038441c925bb,5533,2018-08-14T23:11:05-0400,-64.0171,0.018
038441c925bb,5534,2018-08-14T23:11:10-0400,-64.0191,0.0182
038441c925bb,5535,2018-08-14T23:11:15-0400,-64.1048,0.0179
038441c925bb,5536,2018-08-14T23:11:20-0400,-64.1753,0.0179
038441c925bb,5537,2018-08-14T23:11:25-0400,-64.1068,0.018
038441c925bb,5538,2018-08-14T23:11:30-0400,-64.2227,0.0176
038441c925bb,5539,2018-08-14T23:11:35-0400,-64.2719,0.0179
038441c925bb,5540,2018-08-14T23:11:40-0400,-64.17,0.0175
038441c925bb,5541,2018-08-14T23:11:45-0400,-64.2193,0.0175
038441c925bb,5542,2018-08-14T23:11:50-0400,-64.3178,0.018
038441c925bb,5543,2018-08-14T23:11:55-0400,-64.3634,0.0175
038441c925bb,5544,2018-08-14T23:12:00-0400,-64.3725,0.0174
038441c925bb,5545,2018-08-14T23:12:05-0400,-64.3377,0.0172
038441c925bb,5546,2018-08-14T23:12:10-0400,-64.2424,0.0172
038441c925bb,5547,2018-08-14T23:12:15-0400,-64.3178,0.0172
038441c925bb,5548,2018-08-14T23:12:20-0400,-64.3178,0.0172
038441c925bb,5549,2018-08-14T23:12:25-0400,-64.3169,0.0173
038441c925bb,5550,2018-08-14T23:12:30-0400,-64.3892,0.0173
038441c925bb,5551,2018-08-14T23:12:35-0400,-64.4181,0.0169
038441c925bb,5552,2018-08-14T23:12:40-0400,-64.3938,0.0171
038441c925bb,5553,2018-08-14T23:12:45-0400,-64.3664,0.017
038441c925bb,5554,2018-08-14T23:12:50-0400,-64.3314,0.0172
038441c925bb,5555,2018-08-14T23:12:55-0400,-64.4527,0.0169
038441c925bb,5556,2018-08-14T23:13:00-0400,-64.4178,0.0169
038441c925bb,5557,2018-08-14T23:13:05-0400,-64.4334,0.0168
038441c925bb,5558,2018-08-14T23:13:10-0400,-64.4334,0.0168
038441c925bb,5559,2018-08-14T23:13:15-0400,-64.3553,0.0172
038441c925bb,5560,2018-08-14T23:13:20-0400,-64.3091,0.0166
038441c925bb,5561,2018-08-14T23:13:25-0400,-64.3938,0.0164
038441c925bb,5562,2018-08-14T23:13:30-0400,-64.3825,0.0167
038441c925bb,5563,2018-08-14T23:13:35-0400,-64.3855,0.0165
038441c925bb,5564,2018-08-14T23:13:40-0400,-64.464,0.0164
038441c925bb,5565,2018-08-14T23:13:45-0400,-64.4699,0.0166
038441c925bb,5566,2018-08-14T23:13:50-0400,-64.4699,0.0166
038441c925bb,5567,2018-08-14T23:13:55-0400,-64.4699,0.0164
038441c925bb,5568,2018-08-14T23:14:00-0400,-64.4075,0.0166
038441c925bb,5569,2018-08-14T23:14:05-0400,-63.5217,0.0182
038441c925bb,5570,2018-08-14T23:14:10-0400,-62.5731,0.0189
038441c925bb,5571,2018-08-14T23:14:15-0400,-62.5496,0.0188
038441c925bb,5572,2018-08-14T23:14:20-0400,-62.4722,0.0192
038441c925bb,5573,2018-08-14T23:14:25-0400,-62.5952,0.0187
038441c925bb,5574,2018-08-14T23:14:30-0400,-62.5721,0.0191
038441c925bb,5575,2018-08-14T23:14:35-0400,-62.6379,0.0196
038441c925bb,5576,2018-08-14T23:14:40-0400,-62.6086,0.0197
038441c925bb,5577,2018-08-14T23:14:45-0400,-62.6099,0.0198
038441c925bb,5578,2018-08-14T23:14:50-0400,-62.6155,0.0196
038441c925bb,5579,2018-08-14T23:14:55-0400,-62.6058,0.0192
038441c925bb,5580,2018-08-14T23:15:00-0400,-62.6145,0.0196
038441c925bb,5581,2018-08-14T23:15:05-0400,-62.6325,0.0196
038441c925bb,5582,2018-08-14T23:15:10-0400,-62.7311,0.0194
038441c925bb,5583,2018-08-14T23:15:15-0400,-62.6095,0.0196
038441c925bb,5584,2018-08-14T23:15:20-0400,-62.608,0.0197
038441c925bb,5585,2018-08-14T23:15:25-0400,-62.6138,0.0195
038441c925bb,5586,2018-08-14T23:15:30-0400,-62.6459,0.0195
038441c925bb,5587,2018-08-14T23:15:35-0400,-62.6086,0.0196
038441c925bb,5588,2018-08-14T23:15:40-0400,-62.6042,0.0198
038441c925bb,5589,2018-08-14T23:15:45-0400,-62.6137,0.0195
038441c925bb,5590,2018-08-14T23:15:50-0400,-62.6076,0.0195
038441c925bb,5591,2018-08-14T23:15:55-0400,-62.6111,0.0194
038441c925bb,5592,2018-08-14T23:16:00-0400,-62.7168,0.019
038441c925bb,5593,2018-08-14T23:16:05-0400,-62.7283,0.0193
038441c925bb,5594,2018-08-14T23:16:10-0400,-62.7137,0.0191
038441c925bb,5595,2018-08-14T23:16:15-0400,-62.6618,0.0192
038441c925bb,5596,2018-08-14T23:16:20-0400,-62.7574,0.0194
038441c925bb,5597,2018-08-14T23:16:25-0400,-62.6177,0.0193
038441c925bb,5598,2018-08-14T23:16:30-0400,-62.7577,0.0192
038441c925bb,5599,2018-08-14T23:16:35-0400,-62.7955,0.0191
038441c925bb,5600,2018-08-14T23:16:40-0400,-62.681,0.0192
038441c925bb,5601,2018-08-14T23:16:45-0400,-62.778,0.019
038441c925bb,5602,2018-08-14T23:16:50-0400,-62.7561,0.0188
038441c925bb,5603,2018-08-14T23:16:55-0400,-62.8095,0.019
038441c925bb,5604,2018-08-14T23:17:00-0400,-62.6793,0.019
038441c925bb,5605,2018-08-14T23:17:05-0400,-62.6949,0.0187
038441c925bb,5606,2018-08-14T23:17:10-0400,-62.7071,0.019
038441c925bb,5607,2018-08-14T23:17:15-0400,-62.6519,0.0189
038441c925bb,5608,2018-08-14T23:17:20-0400,-62.7537,0.0187
038441c925bb,5609,2018-08-14T23:17:25-0400,-62.7874,0.0185
038441c925bb,5610,2018-08-14T23:17:30-0400,-62.6938,0.019
038441c925bb,5611,2018-08-14T23:17:35-0400,-62.6815,0.0189
038441c925bb,5612,2018-08-14T23:17:40-0400,-62.7348,0.0187
038441c925bb,5613,2018-08-14T23:17:45-0400,-62.6938,0.0189
038441c925bb,5614,2018-08-14T23:17:50-0400,-62.6698,0.0189
038441c925bb,5615,2018-08-14T23:17:55-0400,-62.7265,0.0189
038441c925bb,5616,2018-08-14T23:18:00-0400,-62.7668,0.0183
038441c925bb,5617,2018-08-14T23:18:05-0400,-62.6818,0.0191
038441c925bb,5618,2018-08-14T23:18:10-0400,-62.7455,0.019
038441c925bb,5619,2018-08-14T23:18:15-0400,-62.8068,0.0191
038441c925bb,5620,2018-08-14T23:18:20-0400,-62.793,0.019
038441c925bb,5621,2018-08-14T23:18:25-0400,-62.732,0.0192
038441c925bb,5622,2018-08-14T23:18:30-0400,-62.74,0.0192
038441c925bb,5623,2018-08-14T23:18:35-0400,-62.7905,0.0192
038441c925bb,5624,2018-08-14T23:18:40-0400,-62.8053,0.0194
038441c925bb,5625,2018-08-14T23:18:45-0400,-62.7736,0.0191
038441c925bb,5626,2018-08-14T23:18:50-0400,-62.8047,0.0192
038441c925bb,5627,2018-08-14T23:18:55-0400,-62.7711,0.0195
038441c925bb,5628,2018-08-14T23:19:00-0400,-62.7165,0.0196
038441c925bb,5629,2018-08-14T23:19:05-0400,-62.7128,0.0193
038441c925bb,5630,2018-08-14T23:19:10-0400,-62.804,0.0188
038441c925bb,5631,2018-08-14T23:19:15-0400,-62.8077,0.0191
038441c925bb,5632,2018-08-14T23:19:20-0400,-62.8086,0.0195
038441c925bb,5633,2018-08-14T23:19:25-0400,-62.7331,0.0194
038441c925bb,5634,2018-08-14T23:19:30-0400,-62.7333,0.0192
038441c925bb,5635,2018-08-14T23:19:35-0400,-62.7856,0.0191
038441c925bb,5636,2018-08-14T23:19:40-0400,-62.8105,0.0189
038441c925bb,5637,2018-08-14T23:19:45-0400,-62.811,0.0192
038441c925bb,5638,2018-08-14T23:19:50-0400,-62.8093,0.019
038441c925bb,5639,2018-08-14T23:19:55-0400,-62.7457,0.0191
038441c925bb,5640,2018-08-14T23:20:00-0400,-62.789,0.0193
038441c925bb,5641,2018-08-14T23:20:05-0400,-62.8116,0.0192
038441c925bb,5642,2018-08-14T23:20:10-0400,-62.8079,0.0188
038441c925bb,5643,2018-08-14T23:20:15-0400,-62.8172,0.0191
038441c925bb,5644,2018-08-14T23:20:20-0400,-62.8079,0.0187
038441c925bb,5645,2018-08-14T23:20:25-0400,-62.8095,0.0187
038441c925bb,5646,2018-08-14T23:20:30-0400,-62.9268,0.0187
038441c925bb,5647,2018-08-14T23:20:35-0400,-63.107,0.0189
038441c925bb,5648,2018-08-14T23:20:40-0400,-63.1076,0.0185
038441c925bb,5649,2018-08-14T23:20:45-0400,-63.1048,0.0186
038441c925bb,5650,2018-08-14T23:20:50-0400,-63.1048,0.0187
038441c925bb,5651,2018-08-14T23:20:55-0400,-63.209,0.0185
038441c925bb,5652,2018-08-14T23:21:00-0400,-63.201,0.0189
038441c925bb,5653,2018-08-14T23:21:05-0400,-63.1059,0.0185
038441c925bb,5654,2018-08-14T23:21:10-0400,-63.1464,0.0189
038441c925bb,5655,2018-08-14T23:21:15-0400,-63.1981,0.0185
038441c925bb,5656,2018-08-14T23:21:20-0400,-63.1289,0.0186
038441c925bb,5657,2018-08-14T23:21:25-0400,-63.3056,0.0181
038441c925bb,5658,2018-08-14T23:21:30-0400,-63.2853,0.0186
038441c925bb,5659,2018-08-14T23:21:35-0400,-63.1048,0.0185
038441c925bb,5660,2018-08-14T23:21:40-0400,-63.2651,0.0188
038441c925bb,5661,2018-08-14T23:21:45-0400,-63.2537,0.0184
038441c925bb,5662,2018-08-14T23:21:50-0400,-63.2739,0.0184
038441c925bb,5663,2018-08-14T23:21:55-0400,-63.3026,0.0186
038441c925bb,5664,2018-08-14T23:22:00-0400,-63.2812,0.0184
038441c925bb,5665,2018-08-14T23:22:05-0400,-63.3052,0.0183
038441c925bb,5666,2018-08-14T23:22:10-0400,-63.3052,0.0185
038441c925bb,5667,2018-08-14T23:22:15-0400,-63.3052,0.0184
038441c925bb,5668,2018-08-14T23:22:20-0400,-63.3052,0.0182
038441c925bb,5669,2018-08-14T23:22:25-0400,-63.3052,0.0184
038441c925bb,5670,2018-08-14T23:22:30-0400,-63.3052,0.0181
038441c925bb,5671,2018-08-14T23:22:35-0400,-63.2972,0.0183
038441c925bb,5672,2018-08-14T23:22:40-0400,-63.3052,0.0186
038441c925bb,5673,2018-08-14T23:22:45-0400,-63.3052,0.0181
038441c925bb,5674,2018-08-14T23:22:50-0400,-63.2986,0.0182
038441c925bb,5675,2018-08-14T23:22:55-0400,-63.3052,0.0181
038441c925bb,5676,2018-08-14T23:23:00-0400,-63.3052,0.0182
038441c925bb,5677,2018-08-14T23:23:05-0400,-63.3052,0.0184
038441c925bb,5678,2018-08-14T23:23:10-0400,-63.3052,0.0181
038441c925bb,5679,2018-08-14T23:23:15-0400,-63.3052,0.0186
038441c925bb,5680,2018-08-14T23:23:20-0400,-63.3052,0.018
038441c925bb,5681,2018-08-14T23:23:25-0400,-63.2932,0.0181
038441c925bb,5682,2018-08-14T23:23:30-0400,-63.2691,0.0184
038441c925bb,5683,2018-08-14T23:23:35-0400,-63.2812,0.0184
038441c925bb,5684,2018-08-14T23:23:40-0400,-63.3052,0.0179
038441c925bb,5685,2018-08-14T23:23:45-0400,-63.3052,0.0184
038441c925bb,5686,2018-08-14T23:23:50-0400,-63.3052,0.0184
038441c925bb,5687,2018-08-14T23:23:55-0400,-63.3052,0.0183
038441c925bb,5688,2018-08-14T23:24:00-0400,-63.3062,0.0183
038441c925bb,5689,2018-08-14T23:24:05-0400,-63.3066,0.0187
038441c925bb,5690,2018-08-14T23:24:10-0400,-63.3052,0.0182
038441c925bb,5691,2018-08-14T23:24:15-0400,-63.3052,0.0183
038441c925bb,5692,2018-08-14T23:24:20-0400,-63.3052,0.0184
038441c925bb,5693,2018-08-14T23:24:25-0400,-63.3052,0.0184
038441c925bb,5694,2018-08-14T23:24:30-0400,-63.3052,0.0183
038441c925bb,5695,2018-08-14T23:24:35-0400,-63.3052,0.0185
038441c925bb,5696,2018-08-14T23:24:40-0400,-63.3052,0.0182
038441c925bb,5697,2018-08-14T23:24:45-0400,-63.3052,0.0185
038441c925bb,5698,2018-08-14T23:24:50-0400,-63.3052,0.0187
038441c925bb,5699,2018-08-14T23:24:55-0400,-63.3052,0.0186
038441c925bb,5700,2018-08-14T23:25:00-0400,-63.3052,0.0186
038441c925bb,5701,2018-08-14T23:25:05-0400,-63.3052,0.0188
038441c925bb,5702,2018-08-14T23:25:10-0400,-63.3052,0.0187
038441c925bb,5703,2018-08-14T23:25:15-0400,-63.3052,0.0188
038441c925bb,5704,2018-08-14T23:25:20-0400,-63.215,0.0192
038441c925bb,5705,2018-08-14T23:25:25-0400,-63.2834,0.0189
038441c925bb,5706,2018-08-14T23:25:30-0400,-63.3056,0.0188
038441c925bb,5707,2018-08-14T23:25:35-0400,-63.3119,0.0188
038441c925bb,5708,2018-08-14T23:25:40-0400,-63.3102,0.019
038441c925bb,5709,2018-08-14T23:25:45-0400,-63.3052,0.0185
038441c925bb,5710,2018-08-14T23:25:50-0400,-63.3052,0.0189
038441c925bb,5711,2018-08-14T23:25:55-0400,-63.3052,0.0188
038441c925bb,5712,2018-08-14T23:26:00-0400,-63.3052,0.0183
038441c925bb,5713,2018-08-14T23:26:05-0400,-63.3052,0.0189
038441c925bb,5714,2018-08-14T23:26:10-0400,-63.3052,0.0189
038441c925bb,5715,2018-08-14T23:26:15-0400,-63.2972,0.0189
038441c925bb,5716,2018-08-14T23:26:20-0400,-63.3173,0.0188
038441c925bb,5717,2018-08-14T23:26:25-0400,-63.6512,0.0188
038441c925bb,5718,2018-08-14T23:26:30-0400,-63.7555,0.0189
038441c925bb,5719,2018-08-14T23:26:35-0400,-63.7877,0.0189
038441c925bb,5720,2018-08-14T23:26:40-0400,-63.7756,0.0188
038441c925bb,5721,2018-08-14T23:26:45-0400,-63.7336,0.0187
038441c925bb,5722,2018-08-14T23:26:50-0400,-63.7413,0.019
038441c925bb,5723,2018-08-14T23:26:55-0400,-63.7844,0.0186
038441c925bb,5724,2018-08-14T23:27:00-0400,-63.7756,0.0189
038441c925bb,5725,2018-08-14T23:27:05-0400,-63.6548,0.0188
038441c925bb,5726,2018-08-14T23:27:10-0400,-63.671,0.0187
038441c925bb,5727,2018-08-14T23:27:15-0400,-63.7354,0.0185
038441c925bb,5728,2018-08-14T23:27:20-0400,-63.7354,0.0186
038441c925bb,5729,2018-08-14T23:27:25-0400,-63.7171,0.0184
038441c925bb,5730,2018-08-14T23:27:30-0400,-63.6778,0.0187
038441c925bb,5731,2018-08-14T23:27:35-0400,-63.8058,0.0185
038441c925bb,5732,2018-08-14T23:27:40-0400,-63.6267,0.0189
038441c925bb,5733,2018-08-14T23:27:45-0400,-63.6065,0.0187
038441c925bb,5734,2018-08-14T23:27:50-0400,-63.6065,0.0188
038441c925bb,5735,2018-08-14T23:27:55-0400,-63.6065,0.0187
038441c925bb,5736,2018-08-14T23:28:00-0400,-63.6125,0.019
038441c925bb,5737,2018-08-14T23:28:05-0400,-63.6639,0.0185
038441c925bb,5738,2018-08-14T23:28:10-0400,-63.7877,0.0185
038441c925bb,5739,2018-08-14T23:28:15-0400,-63.7837,0.0186
038441c925bb,5740,2018-08-14T23:28:20-0400,-63.7152,0.0186
038441c925bb,5741,2018-08-14T23:28:25-0400,-63.7152,0.0188
038441c925bb,5742,2018-08-14T23:28:30-0400,-63.8047,0.0186
038441c925bb,5743,2018-08-14T23:28:35-0400,-67.249,0.0185
038441c925bb,5744,2018-08-14T23:28:40-0400,-67.5954,0.0184
038441c925bb,5745,2018-08-14T23:28:45-0400,-67.5954,0.0181
038441c925bb,5746,2018-08-14T23:28:50-0400,-67.5954,0.0183
038441c925bb,5747,2018-08-14T23:28:55-0400,-67.6245,0.0181
038441c925bb,5748,2018-08-14T23:29:00-0400,-67.5996,0.0183
038441c925bb,5749,2018-08-14T23:29:05-0400,-67.6619,0.0182
038441c925bb,5750,2018-08-14T23:29:10-0400,-67.6031,0.0182
038441c925bb,5751,2018-08-14T23:29:15-0400,-67.5954,0.0186
038441c925bb,5752,2018-08-14T23:29:20-0400,-67.5954,0.0183
038441c925bb,5753,2018-08-14T23:29:25-0400,-67.5954,0.0184
038441c925bb,5754,2018-08-14T23:29:30-0400,-67.7362,0.018
038441c925bb,5755,2018-08-14T23:29:35-0400,-67.8515,0.0184
038441c925bb,5756,2018-08-14T23:29:40-0400,-78.9812,0.0149
038441c925bb,5757,2018-08-14T23:29:45-0400,-85.6754,0.0154
038441c925bb,5758,2018-08-14T23:29:50-0400,-82.5497,0.0417
038441c925bb,5759,2018-08-14T23:29:55-0400,-71.2687,0.0485
038441c925bb,5760,2018-08-14T23:30:00-0400,-74.0848,0.018
038441c925bb,5761,2018-08-14T23:30:05-0400,-73.9339,0.0182
038441c925bb,5762,2018-08-14T23:30:10-0400,-73.8933,0.0183
038441c925bb,5763,2018-08-14T23:30:15-0400,-73.8933,0.0186
038441c925bb,5764,2018-08-14T23:30:20-0400,-73.8529,0.0185
038441c925bb,5765,2018-08-14T23:30:25-0400,-73.837,0.0183
038441c925bb,5766,2018-08-14T23:30:30-0400,-73.7754,0.0184
038441c925bb,5767,2018-08-14T23:30:35-0400,-73.6986,0.0181
038441c925bb,5768,2018-08-14T23:30:40-0400,-73.6815,0.0185
038441c925bb,5769,2018-08-14T23:30:45-0400,-73.6815,0.0182
038441c925bb,5770,2018-08-14T23:30:50-0400,-73.6815,0.0184
038441c925bb,5771,2018-08-14T23:30:55-0400,-73.6825,0.0184
038441c925bb,5772,2018-08-14T23:31:00-0400,-73.6834,0.0185
038441c925bb,5773,2018-08-14T23:31:05-0400,-73.6815,0.0186
038441c925bb,5774,2018-08-14T23:31:10-0400,-73.708,0.0187
038441c925bb,5775,2018-08-14T23:31:15-0400,-73.7071,0.0187
038441c925bb,5776,2018-08-14T23:31:20-0400,-73.6815,0.0187
038441c925bb,5777,2018-08-14T23:31:25-0400,-73.6854,0.0187
038441c925bb,5778,2018-08-14T23:31:30-0400,-73.6815,0.0187
038441c925bb,5779,2018-08-14T23:31:35-0400,-73.6782,0.019
038441c925bb,5780,2018-08-14T23:31:40-0400,-73.6815,0.0189
038441c925bb,5781,2018-08-14T23:31:45-0400,-73.6008,0.0187
038441c925bb,5782,2018-08-14T23:31:50-0400,-73.5671,0.0186
038441c925bb,5783,2018-08-14T23:31:55-0400,-73.5752,0.0188
038441c925bb,5784,2018-08-14T23:32:00-0400,-73.5156,0.0189
038441c925bb,5785,2018-08-14T23:32:05-0400,-73.4018,0.0187
038441c925bb,5786,2018-08-14T23:32:10-0400,-73.4789,0.0188
038441c925bb,5787,2018-08-14T23:32:15-0400,-73.44,0.0187
038441c925bb,5788,2018-08-14T23:32:20-0400,-73.4742,0.0188
038441c925bb,5789,2018-08-14T23:32:25-0400,-73.3809,0.0189
038441c925bb,5790,2018-08-14T23:32:30-0400,-73.4245,0.0188
038441c925bb,5791,2018-08-14T23:32:35-0400,-73.3776,0.0189
038441c925bb,5792,2018-08-14T23:32:40-0400,-73.3776,0.0189
038441c925bb,5793,2018-08-14T23:32:45-0400,-73.3803,0.0188
038441c925bb,5794,2018-08-14T23:32:50-0400,-73.419,0.0189
038441c925bb,5795,2018-08-14T23:32:55-0400,-73.4135,0.0188
038441c925bb,5796,2018-08-14T23:33:00-0400,-73.3776,0.0191
038441c925bb,5797,2018-08-14T23:33:05-0400,-73.3776,0.0194
038441c925bb,5798,2018-08-14T23:33:10-0400,-73.3776,0.0189
038441c925bb,5799,2018-08-14T23:33:15-0400,-73.3941,0.0193
038441c925bb,5800,2018-08-14T23:33:20-0400,-73.3776,0.019
038441c925bb,5801,2018-08-14T23:33:25-0400,-73.3776,0.0193
038441c925bb,5802,2018-08-14T23:33:30-0400,-73.3677,0.0191
038441c925bb,5803,2018-08-14T23:33:35-0400,-73.3313,0.0192
038441c925bb,5804,2018-08-14T23:33:40-0400,-73.3677,0.0191
038441c925bb,5805,2018-08-14T23:33:45-0400,-73.3016,0.0187
038441c925bb,5806,2018-08-14T23:33:50-0400,-73.2917,0.0191
038441c925bb,5807,2018-08-14T23:33:55-0400,-73.3776,0.0188
038441c925bb,5808,2018-08-14T23:34:00-0400,-73.3776,0.0191
038441c925bb,5809,2018-08-14T23:34:05-0400,-73.371,0.019
038441c925bb,5810,2018-08-14T23:34:10-0400,-73.3611,0.0189
038441c925bb,5811,2018-08-14T23:34:15-0400,-73.2719,0.0188
038441c925bb,5812,2018-08-14T23:34:20-0400,-73.2785,0.0188
038441c925bb,5813,2018-08-14T23:34:25-0400,-73.3578,0.0189
038441c925bb,5814,2018-08-14T23:34:30-0400,-73.3148,0.0189
038441c925bb,5815,2018-08-14T23:34:35-0400,-73.3776,0.0192
038441c925bb,5816,2018-08-14T23:34:40-0400,-73.3776,0.0188
038441c925bb,5817,2018-08-14T23:34:45-0400,-73.371,0.0187
038441c925bb,5818,2018-08-14T23:34:50-0400,-73.3512,0.0188
038441c925bb,5819,2018-08-14T23:34:55-0400,-73.3488,0.0186
038441c925bb,5820,2018-08-14T23:35:00-0400,-73.2124,0.0188
038441c925bb,5821,2018-08-14T23:35:05-0400,-73.2124,0.019
038441c925bb,5822,2018-08-14T23:35:10-0400,-73.2442,0.0189
038441c925bb,5823,2018-08-14T23:35:15-0400,-73.1825,0.0187
038441c925bb,5824,2018-08-14T23:35:20-0400,-73.2098,0.0184
038441c925bb,5825,2018-08-14T23:35:25-0400,-73.1981,0.0187
038441c925bb,5826,2018-08-14T23:35:30-0400,-73.2653,0.0183
038441c925bb,5827,2018-08-14T23:35:35-0400,-73.2983,0.0184
038441c925bb,5828,2018-08-14T23:35:40-0400,-73.2033,0.0187
038441c925bb,5829,2018-08-14T23:35:45-0400,-73.2134,0.0182
038441c925bb,5830,2018-08-14T23:35:50-0400,-73.272,0.0184
038441c925bb,5831,2018-08-14T23:35:55-0400,-73.0957,0.0185
038441c925bb,5832,2018-08-14T23:36:00-0400,-73.1268,0.0185
038441c925bb,5833,2018-08-14T23:36:05-0400,-73.0908,0.0188
038441c925bb,5834,2018-08-14T23:36:10-0400,-73.1372,0.0183
038441c925bb,5835,2018-08-14T23:36:15-0400,-73.3127,0.0181
038441c925bb,5836,2018-08-14T23:36:20-0400,-73.2104,0.0184
038441c925bb,5837,2018-08-14T23:36:25-0400,-73.1781,0.0186
038441c925bb,5838,2018-08-14T23:36:30-0400,-73.1543,0.0185
038441c925bb,5839,2018-08-14T23:36:35-0400,-73.1656,0.0183
038441c925bb,5840,2018-08-14T23:36:40-0400,-73.0561,0.0184
038441c925bb,5841,2018-08-14T23:36:45-0400,-73.086,0.0184
038441c925bb,5842,2018-08-14T23:36:50-0400,-73.1032,0.0184
038441c925bb,5843,2018-08-14T23:36:55-0400,-73.0644,0.0181
038441c925bb,5844,2018-08-14T23:37:00-0400,-73.1039,0.0182
038441c925bb,5845,2018-08-14T23:37:05-0400,-73.0862,0.0179
038441c925bb,5846,2018-08-14T23:37:10-0400,-73.1686,0.018
038441c925bb,5847,2018-08-14T23:37:15-0400,-73.0499,0.018
038441c925bb,5848,2018-08-14T23:37:20-0400,-73.188,0.0181
038441c925bb,5849,2018-08-14T23:37:25-0400,-73.1736,0.018
038441c925bb,5850,2018-08-14T23:37:30-0400,-73.1213,0.0183
038441c925bb,5851,2018-08-14T23:37:35-0400,-72.9528,0.0177
038441c925bb,5852,2018-08-14T23:37:40-0400,-72.8733,0.0177
038441c925bb,5853,2018-08-14T23:37:45-0400,-72.8368,0.0178
038441c925bb,5854,2018-08-14T23:37:50-0400,-72.8434,0.0179
038441c925bb,5855,2018-08-14T23:37:55-0400,-72.9131,0.0175
038441c925bb,5856,2018-08-14T23:38:00-0400,-72.9198,0.0179
038441c925bb,5857,2018-08-14T23:38:05-0400,-72.9198,0.0178
038441c925bb,5858,2018-08-14T23:38:10-0400,-72.9198,0.0176
038441c925bb,5859,2018-08-14T23:38:15-0400,-72.9198,0.0178
038441c925bb,5860,2018-08-14T23:38:20-0400,-72.8998,0.0176
038441c925bb,5861,2018-08-14T23:38:25-0400,-72.7836,0.0177
038441c925bb,5862,2018-08-14T23:38:30-0400,-72.9164,0.0176
038441c925bb,5863,2018-08-14T23:38:35-0400,-72.8899,0.0179
038441c925bb,5864,2018-08-14T23:38:40-0400,-72.8202,0.0181
038441c925bb,5865,2018-08-14T23:38:45-0400,-72.9198,0.0179
038441c925bb,5866,2018-08-14T23:38:50-0400,-72.8633,0.0177
038441c925bb,5867,2018-08-14T23:38:55-0400,-72.9131,0.0175
038441c925bb,5868,2018-08-14T23:39:00-0400,-72.8467,0.0179
038441c925bb,5869,2018-08-14T23:39:05-0400,-72.9198,0.0178
038441c925bb,5870,2018-08-14T23:39:10-0400,-72.7737,0.018
038441c925bb,5871,2018-08-14T23:39:15-0400,-72.7704,0.018
038441c925bb,5872,2018-08-14T23:39:20-0400,-72.7637,0.0179
038441c925bb,5873,2018-08-14T23:39:25-0400,-72.7538,0.0178
038441c925bb,5874,2018-08-14T23:39:30-0400,-72.707,0.0178
038441c925bb,5875,2018-08-14T23:39:35-0400,-72.4444,0.0177
038441c925bb,5876,2018-08-14T23:39:40-0400,-72.4185,0.0172
038441c925bb,5877,2018-08-14T23:39:45-0400,-72.3512,0.0178
038441c925bb,5878,2018-08-14T23:39:50-0400,-72.3512,0.0176
038441c925bb,5879,2018-08-14T23:39:55-0400,-72.3512,0.0174
038441c925bb,5880,2018-08-14T23:40:00-0400,-72.3512,0.0175
038441c925bb,5881,2018-08-14T23:40:05-0400,-72.3607,0.0177
038441c925bb,5882,2018-08-14T23:40:10-0400,-72.3882,0.0175
038441c925bb,5883,2018-08-14T23:40:15-0400,-72.3613,0.0173
038441c925bb,5884,2018-08-14T23:40:20-0400,-72.3512,0.0177
038441c925bb,5885,2018-08-14T23:40:25-0400,-72.3478,0.0183
038441c925bb,5886,2018-08-14T23:40:30-0400,-72.3512,0.0179
038441c925bb,5887,2018-08-14T23:40:35-0400,-72.3478,0.0172
038441c925bb,5888,2018-08-14T23:40:40-0400,-72.3242,0.0177
038441c925bb,5889,2018-08-14T23:40:45-0400,-72.3512,0.0173
038441c925bb,5890,2018-08-14T23:40:50-0400,-72.3073,0.0176
038441c925bb,5891,2018-08-14T23:40:55-0400,-72.3512,0.0174
038441c925bb,5892,2018-08-14T23:41:00-0400,-72.314,0.0176
038441c925bb,5893,2018-08-14T23:41:05-0400,-72.1924,0.0173
038441c925bb,5894,2018-08-14T23:41:10-0400,-72.3512,0.0175
038441c925bb,5895,2018-08-14T23:41:15-0400,-72.3512,0.0174
038441c925bb,5896,2018-08-14T23:41:20-0400,-72.3275,0.0173
038441c925bb,5897,2018-08-14T23:41:25-0400,-72.2385,0.0178
038441c925bb,5898,2018-08-14T23:41:30-0400,-72.2715,0.0178
038441c925bb,5899,2018-08-14T23:41:35-0400,-72.2701,0.0177
038441c925bb,5900,2018-08-14T23:41:40-0400,-72.2802,0.0175
038441c925bb,5901,2018-08-14T23:41:45-0400,-72.3174,0.0178
038441c925bb,5902,2018-08-14T23:41:50-0400,-72.3512,0.0177
038441c925bb,5903,2018-08-14T23:41:55-0400,-72.2397,0.0177
038441c925bb,5904,2018-08-14T23:42:00-0400,-72.3478,0.0177
038441c925bb,5905,2018-08-14T23:42:05-0400,-72.3512,0.0181
038441c925bb,5906,2018-08-14T23:42:10-0400,-72.2464,0.0176
038441c925bb,5907,2018-08-14T23:42:15-0400,-72.1822,0.0178
038441c925bb,5908,2018-08-14T23:42:20-0400,-72.314,0.0179
038441c925bb,5909,2018-08-14T23:42:25-0400,-72.3478,0.0172
038441c925bb,5910,2018-08-14T23:42:30-0400,-72.2498,0.0174
038441c925bb,5911,2018-08-14T23:42:35-0400,-72.2937,0.0174
038441c925bb,5912,2018-08-14T23:42:40-0400,-72.3512,0.0171
038441c925bb,5913,2018-08-14T23:42:45-0400,-72.3512,0.0176
038441c925bb,5914,2018-08-14T23:42:50-0400,-72.3005,0.018
038441c925bb,5915,2018-08-14T23:42:55-0400,-72.3444,0.0178
038441c925bb,5916,2018-08-14T23:43:00-0400,-72.3512,0.0175
038441c925bb,5917,2018-08-14T23:43:05-0400,-72.2904,0.0178
038441c925bb,5918,2018-08-14T23:43:10-0400,-72.3242,0.0174
038441c925bb,5919,2018-08-14T23:43:15-0400,-72.2566,0.018
038441c925bb,5920,2018-08-14T23:43:20-0400,-72.3512,0.0178
038441c925bb,5921,2018-08-14T23:43:25-0400,-72.2194,0.0177
038441c925bb,5922,2018-08-14T23:43:30-0400,-72.2836,0.0178
038441c925bb,5923,2018-08-14T23:43:35-0400,-72.3208,0.0175
038441c925bb,5924,2018-08-14T23:43:40-0400,-72.189,0.0176
038441c925bb,5925,2018-08-14T23:43:45-0400,-72.3377,0.0176
038441c925bb,5926,2018-08-14T23:43:50-0400,-72.3242,0.0179
038441c925bb,5927,2018-08-14T23:43:55-0400,-72.3202,0.0175
038441c925bb,5928,2018-08-14T23:44:00-0400,-72.2678,0.0179
038441c925bb,5929,2018-08-14T23:44:05-0400,-72.1853,0.0181
038441c925bb,5930,2018-08-14T23:44:10-0400,-72.1856,0.0182
038441c925bb,5931,2018-08-14T23:44:15-0400,-72.2431,0.018
038441c925bb,5932,2018-08-14T23:44:20-0400,-72.1634,0.0174
038441c925bb,5933,2018-08-14T23:44:25-0400,-72.1796,0.0176
038441c925bb,5934,2018-08-14T23:44:30-0400,-72.298,0.0175
038441c925bb,5935,2018-08-14T23:44:35-0400,-72.305,0.0172
038441c925bb,5936,2018-08-14T23:44:40-0400,-72.2167,0.0178
038441c925bb,5937,2018-08-14T23:44:45-0400,-72.1822,0.0177
038441c925bb,5938,2018-08-14T23:44:50-0400,-72.1822,0.0174
038441c925bb,5939,2018-08-14T23:44:55-0400,-72.1856,0.0178
038441c925bb,5940,2018-08-14T23:45:00-0400,-72.151,0.0171
038441c925bb,5941,2018-08-14T23:45:05-0400,-72.1766,0.0172
038441c925bb,5942,2018-08-14T23:45:10-0400,-72.3289,0.0177
038441c925bb,5943,2018-08-14T23:45:15-0400,-72.225,0.0172
038441c925bb,5944,2018-08-14T23:45:20-0400,-72.1769,0.0176
038441c925bb,5945,2018-08-14T23:45:25-0400,-72.2381,0.0176
038441c925bb,5946,2018-08-14T23:45:30-0400,-72.2126,0.0172
038441c925bb,5947,2018-08-14T23:45:35-0400,-72.1822,0.0179
038441c925bb,5948,2018-08-14T23:45:40-0400,-72.1822,0.0172
038441c925bb,5949,2018-08-14T23:45:45-0400,-72.2464,0.0177
038441c925bb,5950,2018-08-14T23:45:50-0400,-72.1822,0.0178
038441c925bb,5951,2018-08-14T23:45:55-0400,-72.1426,0.0179
038441c925bb,5952,2018-08-14T23:46:00-0400,-72.1822,0.0176
038441c925bb,5953,2018-08-14T23:46:05-0400,-72.1822,0.0178
038441c925bb,5954,2018-08-14T23:46:10-0400,-72.1822,0.0174
038441c925bb,5955,2018-08-14T23:46:15-0400,-72.1108,0.0175
038441c925bb,5956,2018-08-14T23:46:20-0400,-72.1188,0.0176
038441c925bb,5957,2018-08-14T23:46:25-0400,-72.1822,0.0175
038441c925bb,5958,2018-08-14T23:46:30-0400,-72.1822,0.0174
038441c925bb,5959,2018-08-14T23:46:35-0400,-72.1822,0.0176
038441c925bb,5960,2018-08-14T23:46:40-0400,-72.1267,0.0174
038441c925bb,5961,2018-08-14T23:46:45-0400,-72.1547,0.0171
038441c925bb,5962,2018-08-14T23:46:50-0400,-72.132,0.0175
038441c925bb,5963,2018-08-14T23:46:55-0400,-72.0553,0.0176
038441c925bb,5964,2018-08-14T23:47:00-0400,-72.112,0.0172
038441c925bb,5965,2018-08-14T23:47:05-0400,-72.1303,0.0176
038441c925bb,5966,2018-08-14T23:47:10-0400,-72.087,0.0175
038441c925bb,5967,2018-08-14T23:47:15-0400,-72.05,0.0176
038441c925bb,5968,2018-08-14T23:47:20-0400,-72.0791,0.0175
038441c925bb,5969,2018-08-14T23:47:25-0400,-72.05,0.0173
038441c925bb,5970,2018-08-14T23:47:30-0400,-72.0923,0.0173
038441c925bb,5971,2018-08-14T23:47:35-0400,-72.0976,0.0175
038441c925bb,5972,2018-08-14T23:47:40-0400,-72.1161,0.0179
038441c925bb,5973,2018-08-14T23:47:45-0400,-72.1822,0.0175
038441c925bb,5974,2018-08-14T23:47:50-0400,-72.1082,0.0175
038441c925bb,5975,2018-08-14T23:47:55-0400,-72.0527,0.0175
038441c925bb,5976,2018-08-14T23:48:00-0400,-72.05,0.0173
038441c925bb,5977,2018-08-14T23:48:05-0400,-72.05,0.0172
038441c925bb,5978,2018-08-14T23:48:10-0400,-72.05,0.0173
038441c925bb,5979,2018-08-14T23:48:15-0400,-72.0634,0.0174
038441c925bb,5980,2018-08-14T23:48:20-0400,-72.05,0.0174
038441c925bb,5981,2018-08-14T23:48:25-0400,-72.05,0.0173
038441c925bb,5982,2018-08-14T23:48:30-0400,-72.132,0.0178
038441c925bb,5983,2018-08-14T23:48:35-0400,-72.1293,0.0174
038441c925bb,5984,2018-08-14T23:48:40-0400,-72.05,0.0176
038441c925bb,5985,2018-08-14T23:48:45-0400,-72.05,0.0177
038441c925bb,5986,2018-08-14T23:48:50-0400,-72.05,0.0175
038441c925bb,5987,2018-08-14T23:48:55-0400,-72.05,0.0179
038441c925bb,5988,2018-08-14T23:49:00-0400,-72.05,0.0176
038441c925bb,5989,2018-08-14T23:49:05-0400,-72.1103,0.0172
038441c925bb,5990,2018-08-14T23:49:10-0400,-72.1404,0.0173
038441c925bb,5991,2018-08-14T23:49:15-0400,-72.0606,0.0175
038441c925bb,5992,2018-08-14T23:49:20-0400,-72.05,0.0178
038441c925bb,5993,2018-08-14T23:49:25-0400,-72.05,0.0175
038441c925bb,5994,2018-08-14T23:49:30-0400,-72.0527,0.0173
038441c925bb,5995,2018-08-14T23:49:35-0400,-72.05,0.0177
038441c925bb,5996,2018-08-14T23:49:40-0400,-72.05,0.0178
038441c925bb,5997,2018-08-14T23:49:45-0400,-72.0579,0.0173
038441c925bb,5998,2018-08-14T23:49:50-0400,-72.05,0.0175
038441c925bb,5999,2018-08-14T23:49:55-0400,-72.0606,0.0172
038441c925bb,6000,2018-08-14T23:50:00-0400,-72.05,0.0175
038441c925bb,6001,2018-08-14T23:50:05-0400,-72.0923,0.0178
038441c925bb,6002,2018-08-14T23:50:10-0400,-72.0527,0.0174
038441c925bb,6003,2018-08-14T23:50:15-0400,-72.05,0.0175
038441c925bb,6004,2018-08-14T23:50:20-0400,-72.05,0.0175
038441c925bb,6005,2018-08-14T23:50:25-0400,-72.0579,0.0172
038441c925bb,6006,2018-08-14T23:50:30-0400,-72.0738,0.0176
038441c925bb,6007,2018-08-14T23:50:35-0400,-72.05,0.0171
038441c925bb,6008,2018-08-14T23:50:40-0400,-72.0553,0.0171
038441c925bb,6009,2018-08-14T23:50:45-0400,-72.1267,0.0178
038441c925bb,6010,2018-08-14T23:50:50-0400,-72.1267,0.0176
038441c925bb,6011,2018-08-14T23:50:55-0400,-72.05,0.0173
038441c925bb,6012,2018-08-14T23:51:00-0400,-72.05,0.0173
038441c925bb,6013,2018-08-14T23:51:05-0400,-72.0817,0.0171
038441c925bb,6014,2018-08-14T23:51:10-0400,-72.05,0.0175
038441c925bb,6015,2018-08-14T23:51:15-0400,-72.05,0.0171
038441c925bb,6016,2018-08-14T23:51:20-0400,-72.05,0.0172
038441c925bb,6017,2018-08-14T23:51:25-0400,-72.05,0.0173
038441c925bb,6018,2018-08-14T23:51:30-0400,-72.05,0.0174
038441c925bb,6019,2018-08-14T23:51:35-0400,-72.05,0.0173
038441c925bb,6020,2018-08-14T23:51:40-0400,-72.05,0.0173
038441c925bb,6021,2018-08-14T23:51:45-0400,-72.05,0.0177
038441c925bb,6022,2018-08-14T23:51:50-0400,-72.0466,0.0171
038441c925bb,6023,2018-08-14T23:51:55-0400,-72.05,0.0171
038441c925bb,6024,2018-08-14T23:52:00-0400,-72.05,0.0172
038441c925bb,6025,2018-08-14T23:52:05-0400,-72.0659,0.017
038441c925bb,6026,2018-08-14T23:52:10-0400,-72.0472,0.0175
038441c925bb,6027,2018-08-14T23:52:15-0400,-72.05,0.0176
038441c925bb,6028,2018-08-14T23:52:20-0400,-72.05,0.0169
038441c925bb,6029,2018-08-14T23:52:25-0400,-71.9915,0.017
038441c925bb,6030,2018-08-14T23:52:30-0400,-72.0375,0.0177
038441c925bb,6031,2018-08-14T23:52:35-0400,-72.05,0.0173
038441c925bb,6032,2018-08-14T23:52:40-0400,-72.05,0.0176
038441c925bb,6033,2018-08-14T23:52:45-0400,-72.0389,0.0171
038441c925bb,6034,2018-08-14T23:52:50-0400,-72.05,0.0173
038441c925bb,6035,2018-08-14T23:52:55-0400,-72.05,0.0175
038441c925bb,6036,2018-08-14T23:53:00-0400,-72.0868,0.0178
038441c925bb,6037,2018-08-14T23:53:05-0400,-72.05,0.0175
038441c925bb,6038,2018-08-14T23:53:10-0400,-72.05,0.0174
038441c925bb,6039,2018-08-14T23:53:15-0400,-72.05,0.0175
038441c925bb,6040,2018-08-14T23:53:20-0400,-72.043,0.0176
038441c925bb,6041,2018-08-14T23:53:25-0400,-72.0182,0.0169
038441c925bb,6042,2018-08-14T23:53:30-0400,-72.05,0.0173
038441c925bb,6043,2018-08-14T23:53:35-0400,-72.05,0.0175
038441c925bb,6044,2018-08-14T23:53:40-0400,-72.05,0.0176
038441c925bb,6045,2018-08-14T23:53:45-0400,-71.9895,0.0173
038441c925bb,6046,2018-08-14T23:53:50-0400,-72.0129,0.0173
038441c925bb,6047,2018-08-14T23:53:55-0400,-72.05,0.0173
038441c925bb,6048,2018-08-14T23:54:00-0400,-72.05,0.0178
038441c925bb,6049,2018-08-14T23:54:05-0400,-72.05,0.0175
038441c925bb,6050,2018-08-14T23:54:10-0400,-72.05,0.0177
038441c925bb,6051,2018-08-14T23:54:15-0400,-72.05,0.0171
038441c925bb,6052,2018-08-14T23:54:20-0400,-72.05,0.0178
038441c925bb,6053,2018-08-14T23:54:25-0400,-72.0347,0.0171
038441c925bb,6054,2018-08-14T23:54:30-0400,-72.05,0.0177
038441c925bb,6055,2018-08-14T23:54:35-0400,-72.05,0.0177
038441c925bb,6056,2018-08-14T23:54:40-0400,-72.05,0.0175
038441c925bb,6057,2018-08-14T23:54:45-0400,-72.05,0.0175
038441c925bb,6058,2018-08-14T23:54:50-0400,-72.05,0.0174
038441c925bb,6059,2018-08-14T23:54:55-0400,-72.05,0.0172
038441c925bb,6060,2018-08-14T23:55:00-0400,-72.05,0.0175
038441c925bb,6061,2018-08-14T23:55:05-0400,-71.9912,0.0174
038441c925bb,6062,2018-08-14T23:55:10-0400,-72.0344,0.0171
038441c925bb,6063,2018-08-14T23:55:15-0400,-72.05,0.0174
038441c925bb,6064,2018-08-14T23:55:20-0400,-72.05,0.0174
038441c925bb,6065,2018-08-14T23:55:25-0400,-72.0389,0.0168
038441c925bb,6066,2018-08-14T23:55:30-0400,-71.9818,0.0168
038441c925bb,6067,2018-08-14T23:55:35-0400,-72.0389,0.0169
038441c925bb,6068,2018-08-14T23:55:40-0400,-72.0347,0.017
038441c925bb,6069,2018-08-14T23:55:45-0400,-72.025,0.0171
038441c925bb,6070,2018-08-14T23:55:50-0400,-71.9874,0.0167
038441c925bb,6071,2018-08-14T23:55:55-0400,-71.9332,0.0166
038441c925bb,6072,2018-08-14T23:56:00-0400,-71.9804,0.0166
038441c925bb,6073,2018-08-14T23:56:05-0400,-71.9818,0.0168
038441c925bb,6074,2018-08-14T23:56:10-0400,-71.9898,0.0172
038441c925bb,6075,2018-08-14T23:56:15-0400,-71.977,0.0168
038441c925bb,6076,2018-08-14T23:56:20-0400,-71.9804,0.017
038441c925bb,6077,2018-08-14T23:56:25-0400,-72.0222,0.0168
038441c925bb,6078,2018-08-14T23:56:30-0400,-71.9888,0.0169
038441c925bb,6079,2018-08-14T23:56:35-0400,-72.0277,0.0167
038441c925bb,6080,2018-08-14T23:56:40-0400,-71.9804,0.0166
038441c925bb,6081,2018-08-14T23:56:45-0400,-71.9505,0.0168
038441c925bb,6082,2018-08-14T23:56:50-0400,-71.8556,0.0167
038441c925bb,6083,2018-08-14T23:56:55-0400,-71.9096,0.0169
038441c925bb,6084,2018-08-14T23:57:00-0400,-71.8421,0.0165
038441c925bb,6085,2018-08-14T23:57:05-0400,-71.8117,0.0171
038441c925bb,6086,2018-08-14T23:57:10-0400,-71.9758,0.0172
038441c925bb,6087,2018-08-14T23:57:15-0400,-71.9332,0.0168
038441c925bb,6088,2018-08-14T23:57:20-0400,-72.0194,0.0168
038441c925bb,6089,2018-08-14T23:57:25-0400,-71.9671,0.0172
038441c925bb,6090,2018-08-14T23:57:30-0400,-71.9123,0.0173
038441c925bb,6091,2018-08-14T23:57:35-0400,-71.9454,0.0169
038441c925bb,6092,2018-08-14T23:57:40-0400,-71.9882,0.0167
038441c925bb,6093,2018-08-14T23:57:45-0400,-71.9366,0.0166
038441c925bb,6094,2018-08-14T23:57:50-0400,-71.9517,0.017
038441c925bb,6095,2018-08-14T23:57:55-0400,-71.8691,0.0167
038441c925bb,6096,2018-08-14T23:58:00-0400,-71.8792,0.0167
038441c925bb,6097,2018-08-14T23:58:05-0400,-71.88,0.0169
038441c925bb,6098,2018-08-14T23:58:10-0400,-71.9874,0.0168
038441c925bb,6099,2018-08-14T23:58:15-0400,-71.9312,0.0174
038441c925bb,6100,2018-08-14T23:58:20-0400,-71.859,0.0168
038441c925bb,6101,2018-08-14T23:58:25-0400,-71.9804,0.0165
038441c925bb,6102,2018-08-14T23:58:30-0400,-71.8914,0.0172
038441c925bb,6103,2018-08-14T23:58:35-0400,-72.0262,0.0171
038441c925bb,6104,2018-08-14T23:58:40-0400,-72.0166,0.0173
038441c925bb,6105,2018-08-14T23:58:45-0400,-71.9731,0.0167
038441c925bb,6106,2018-08-14T23:58:50-0400,-71.9642,0.017
038441c925bb,6107,2018-08-14T23:58:55-0400,-71.8522,0.0169
038441c925bb,6108,2018-08-14T23:59:00-0400,-71.8091,0.0167
038441c925bb,6109,2018-08-14T23:59:05-0400,-71.8524,0.0172
038441c925bb,6110,2018-08-14T23:59:10-0400,-71.8244,0.0169
038441c925bb,6111,2018-08-14T23:59:15-0400,-71.8117,0.0168
038441c925bb,6112,2018-08-14T23:59:20-0400,-71.7402,0.017
038441c925bb,6113,2018-08-14T23:59:25-0400,-71.8134,0.0171
038441c925bb,6114,2018-08-14T23:59:30-0400,-71.8117,0.0165
038441c925bb,6115,2018-08-14T23:59:35-0400,-71.8117,0.0169
038441c925bb,6116,2018-08-14T23:59:40-0400,-71.8117,0.0167
038441c925bb,6117,2018-08-14T23:59:45-0400,-71.8117,0.0167
038441c925bb,6118,2018-08-14T23:59:50-0400,-71.8117,0.0172
038441c925bb,6119,2018-08-14T23:59:55-0400,-71.7587,0.0172
038441c925bb,6120,2018-08-15T00:00:00-0400,-71.8252,0.0169
038441c925bb,6121,2018-08-15T00:00:05-0400,-71.8117,0.0167
038441c925bb,6122,2018-08-15T00:00:10-0400,-71.7645,0.0163
038441c925bb,6123,2018-08-15T00:00:15-0400,-71.8151,0.0165
038441c925bb,6124,2018-08-15T00:00:20-0400,-71.8117,0.0164
038441c925bb,6125,2018-08-15T00:00:25-0400,-71.8185,0.0167
038441c925bb,6126,2018-08-15T00:00:30-0400,-71.8117,0.0167
038441c925bb,6127,2018-08-15T00:00:35-0400,-71.8117,0.0167
038441c925bb,6128,2018-08-15T00:00:40-0400,-71.8117,0.0164
038441c925bb,6129,2018-08-15T00:00:45-0400,-71.8117,0.0166
038441c925bb,6130,2018-08-15T00:00:50-0400,-71.8117,0.0168
038441c925bb,6131,2018-08-15T00:00:55-0400,-71.8117,0.0165
038441c925bb,6132,2018-08-15T00:01:00-0400,-71.8011,0.0167
038441c925bb,6133,2018-08-15T00:01:05-0400,-71.7932,0.017
038441c925bb,6134,2018-08-15T00:01:10-0400,-71.7537,0.0169
038441c925bb,6135,2018-08-15T00:01:15-0400,-71.7372,0.0166
038441c925bb,6136,2018-08-15T00:01:20-0400,-71.7958,0.0167
038441c925bb,6137,2018-08-15T00:01:25-0400,-71.7924,0.0165
038441c925bb,6138,2018-08-15T00:01:30-0400,-71.7902,0.0163
038441c925bb,6139,2018-08-15T00:01:35-0400,-71.7534,0.0165
038441c925bb,6140,2018-08-15T00:01:40-0400,-71.6792,0.0169
038441c925bb,6141,2018-08-15T00:01:45-0400,-71.7402,0.0168
038441c925bb,6142,2018-08-15T00:01:50-0400,-71.7242,0.017
038441c925bb,6143,2018-08-15T00:01:55-0400,-71.7189,0.0162
038441c925bb,6144,2018-08-15T00:02:00-0400,-71.716,0.0167
038441c925bb,6145,2018-08-15T00:02:05-0400,-71.7156,0.0165
038441c925bb,6146,2018-08-15T00:02:10-0400,-71.7136,0.0169
038441c925bb,6147,2018-08-15T00:02:15-0400,-71.7428,0.0166
038441c925bb,6148,2018-08-15T00:02:20-0400,-71.7905,0.0165
038441c925bb,6149,2018-08-15T00:02:25-0400,-71.6924,0.0169
038441c925bb,6150,2018-08-15T00:02:30-0400,-71.8091,0.0166
038441c925bb,6151,2018-08-15T00:02:35-0400,-71.7667,0.0167
038441c925bb,6152,2018-08-15T00:02:40-0400,-71.6423,0.0164
038441c925bb,6153,2018-08-15T00:02:45-0400,-71.6845,0.0165
038441c925bb,6154,2018-08-15T00:02:50-0400,-71.6924,0.017
038441c925bb,6155,2018-08-15T00:02:55-0400,-71.7905,0.0164
038441c925bb,6156,2018-08-15T00:03:00-0400,-71.7083,0.0165
038441c925bb,6157,2018-08-15T00:03:05-0400,-71.6792,0.0166
038441c925bb,6158,2018-08-15T00:03:10-0400,-71.7375,0.0164
038441c925bb,6159,2018-08-15T00:03:15-0400,-71.6792,0.0168
038441c925bb,6160,2018-08-15T00:03:20-0400,-71.7667,0.0166
038441c925bb,6161,2018-08-15T00:03:25-0400,-71.7004,0.0167
038441c925bb,6162,2018-08-15T00:03:30-0400,-71.6818,0.017
038441c925bb,6163,2018-08-15T00:03:35-0400,-71.7348,0.0166
038441c925bb,6164,2018-08-15T00:03:40-0400,-71.7107,0.0169
038441c925bb,6165,2018-08-15T00:03:45-0400,-71.6792,0.017
038441c925bb,6166,2018-08-15T00:03:50-0400,-71.6792,0.0169
038441c925bb,6167,2018-08-15T00:03:55-0400,-71.7189,0.0162
038441c925bb,6168,2018-08-15T00:04:00-0400,-71.7083,0.0162
038441c925bb,6169,2018-08-15T00:04:05-0400,-71.6792,0.0163
038441c925bb,6170,2018-08-15T00:04:10-0400,-71.7189,0.0169
038441c925bb,6171,2018-08-15T00:04:15-0400,-71.6995,0.0164
038441c925bb,6172,2018-08-15T00:04:20-0400,-71.6053,0.0166
038441c925bb,6173,2018-08-15T00:04:25-0400,-71.6792,0.0169
038441c925bb,6174,2018-08-15T00:04:30-0400,-71.6792,0.0168
038441c925bb,6175,2018-08-15T00:04:35-0400,-71.6792,0.0161
038441c925bb,6176,2018-08-15T00:04:40-0400,-71.6792,0.0161
038441c925bb,6177,2018-08-15T00:04:45-0400,-71.6792,0.0162
038441c925bb,6178,2018-08-15T00:04:50-0400,-71.6792,0.0163
038441c925bb,6179,2018-08-15T00:04:55-0400,-71.6792,0.0163
038441c925bb,6180,2018-08-15T00:05:00-0400,-71.7189,0.0162
038441c925bb,6181,2018-08-15T00:05:05-0400,-71.7242,0.0163
038441c925bb,6182,2018-08-15T00:05:10-0400,-71.6825,0.0167
038441c925bb,6183,2018-08-15T00:05:15-0400,-71.6792,0.0163
038441c925bb,6184,2018-08-15T00:05:20-0400,-71.6818,0.0163
038441c925bb,6185,2018-08-15T00:05:25-0400,-71.6845,0.0166
038441c925bb,6186,2018-08-15T00:05:30-0400,-71.7163,0.0166
038441c925bb,6187,2018-08-15T00:05:35-0400,-71.661,0.0165
038441c925bb,6188,2018-08-15T00:05:40-0400,-71.6818,0.0163
038441c925bb,6189,2018-08-15T00:05:45-0400,-71.6792,0.0163
038441c925bb,6190,2018-08-15T00:05:50-0400,-71.6792,0.016
038441c925bb,6191,2018-08-15T00:05:55-0400,-71.6792,0.0165
038441c925bb,6192,2018-08-15T00:06:00-0400,-71.6792,0.0168
038441c925bb,6193,2018-08-15T00:06:05-0400,-71.6792,0.0165
038441c925bb,6194,2018-08-15T00:06:10-0400,-71.6387,0.0168
038441c925bb,6195,2018-08-15T00:06:15-0400,-17.7301,0.0213
038441c925bb,6196,2018-08-15T00:06:20-0400,62.0868,0.0027
038441c925bb,6197,2018-08-15T00:06:25-0400,61.6823,0.0092
038441c925bb,6198,2018-08-15T00:06:30-0400,-40.0482,0.0465
038441c925bb,6199,2018-08-15T00:06:35-0400,-45.0493,0.0012
038441c925bb,6200,2018-08-15T00:06:40-0400,-45.2025,0.0012
038441c925bb,6201,2018-08-15T00:06:45-0400,-45.381,0.0011
038441c925bb,6202,2018-08-15T00:06:50-0400,-45.4687,0.0011
038441c925bb,6203,2018-08-15T00:06:55-0400,-44.6318,0.0022
038441c925bb,6204,2018-08-15T00:07:00-0400,-33.4686,0.0279
038441c925bb,6205,2018-08-15T00:07:05-0400,-29.2324,0.0215
038441c925bb,6206,2018-08-15T00:07:10-0400,-29.7899,0.0226
038441c925bb,6207,2018-08-15T00:07:15-0400,-30.5871,0.0219
038441c925bb,6208,2018-08-15T00:07:20-0400,-31.3692,0.0207
038441c925bb,6209,2018-08-15T00:07:25-0400,-31.8842,0.0218
038441c925bb,6210,2018-08-15T00:07:30-0400,-31.8608,0.0216
038441c925bb,6211,2018-08-15T00:07:35-0400,-32.0604,0.0218
038441c925bb,6212,2018-08-15T00:07:40-0400,-31.9845,0.0217
038441c925bb,6213,2018-08-15T00:07:45-0400,-32.1064,0.0217
038441c925bb,6214,2018-08-15T00:07:50-0400,-32.0439,0.0217
038441c925bb,6215,2018-08-15T00:07:55-0400,-31.9804,0.0221
038441c925bb,6216,2018-08-15T00:08:00-0400,-31.9655,0.0221
038441c925bb,6217,2018-08-15T00:08:05-0400,-31.9352,0.0216
038441c925bb,6218,2018-08-15T00:08:10-0400,-31.9111,0.0217
038441c925bb,6219,2018-08-15T00:08:15-0400,-31.8453,0.0215
038441c925bb,6220,2018-08-15T00:08:20-0400,-31.8999,0.0217
038441c925bb,6221,2018-08-15T00:08:25-0400,-31.8249,0.0218
038441c925bb,6222,2018-08-15T00:08:30-0400,-31.8812,0.0216
038441c925bb,6223,2018-08-15T00:08:35-0400,-31.9047,0.0215
038441c925bb,6224,2018-08-15T00:08:40-0400,-31.8396,0.0213
038441c925bb,6225,2018-08-15T00:08:45-0400,-31.8249,0.0216
038441c925bb,6226,2018-08-15T00:08:50-0400,-31.8249,0.0215
038441c925bb,6227,2018-08-15T00:08:55-0400,-31.8249,0.0219
038441c925bb,6228,2018-08-15T00:09:00-0400,-31.8249,0.0217
038441c925bb,6229,2018-08-15T00:09:05-0400,-31.8114,0.0219
038441c925bb,6230,2018-08-15T00:09:10-0400,-31.8522,0.0214
038441c925bb,6231,2018-08-15T00:09:15-0400,-31.8449,0.0213
038441c925bb,6232,2018-08-15T00:09:20-0400,-31.8249,0.0218
038441c925bb,6233,2018-08-15T00:09:25-0400,-31.8249,0.022
038441c925bb,6234,2018-08-15T00:09:30-0400,-31.8249,0.022
038441c925bb,6235,2018-08-15T00:09:35-0400,-31.8249,0.0219
038441c925bb,6236,2018-08-15T00:09:40-0400,-31.8249,0.0216
038441c925bb,6237,2018-08-15T00:09:45-0400,-31.8249,0.0219
038441c925bb,6238,2018-08-15T00:09:50-0400,-31.8395,0.0216
038441c925bb,6239,2018-08-15T00:09:55-0400,-31.8395,0.0217
038441c925bb,6240,2018-08-15T00:10:00-0400,-31.8249,0.0219
038441c925bb,6241,2018-08-15T00:10:05-0400,-31.8249,0.0218
038441c925bb,6242,2018-08-15T00:10:10-0400,-31.8249,0.0219
038441c925bb,6243,2018-08-15T00:10:15-0400,-31.8249,0.0217
038441c925bb,6244,2018-08-15T00:10:20-0400,-31.8249,0.0222
038441c925bb,6245,2018-08-15T00:10:25-0400,-31.8249,0.022
038441c925bb,6246,2018-08-15T00:10:30-0400,-31.8249,0.0219
038441c925bb,6247,2018-08-15T00:10:35-0400,-31.8249,0.0215
038441c925bb,6248,2018-08-15T00:10:40-0400,-31.7714,0.0215
038441c925bb,6249,2018-08-15T00:10:45-0400,-31.6416,0.0216
038441c925bb,6250,2018-08-15T00:10:50-0400,-31.7333,0.0218
038441c925bb,6251,2018-08-15T00:10:55-0400,-31.8249,0.0216
038441c925bb,6252,2018-08-15T00:11:00-0400,-31.802,0.0213
038441c925bb,6253,2018-08-15T00:11:05-0400,-31.634,0.0217
038441c925bb,6254,2018-08-15T00:11:10-0400,-31.76,0.0215
038441c925bb,6255,2018-08-15T00:11:15-0400,-31.7524,0.0216
038441c925bb,6256,2018-08-15T00:11:20-0400,-31.8249,0.0213
038441c925bb,6257,2018-08-15T00:11:25-0400,-31.7867,0.0217
038441c925bb,6258,2018-08-15T00:11:30-0400,-31.7982,0.0216
038441c925bb,6259,2018-08-15T00:11:35-0400,-31.76,0.0217
038441c925bb,6260,2018-08-15T00:11:40-0400,-31.7791,0.0218
038441c925bb,6261,2018-08-15T00:11:45-0400,-31.6531,0.0218
038441c925bb,6262,2018-08-15T00:11:50-0400,-31.634,0.0218
038441c925bb,6263,2018-08-15T00:11:55-0400,-31.6177,0.0219
038441c925bb,6264,2018-08-15T00:12:00-0400,-31.6722,0.0218
038441c925bb,6265,2018-08-15T00:12:05-0400,-31.7524,0.0217
038441c925bb,6266,2018-08-15T00:12:10-0400,-31.718,0.0217
038441c925bb,6267,2018-08-15T00:12:15-0400,-31.7065,0.0215
038441c925bb,6268,2018-08-15T00:12:20-0400,-31.634,0.0218
038441c925bb,6269,2018-08-15T00:12:25-0400,-31.6286,0.0214
038441c925bb,6270,2018-08-15T00:12:30-0400,-31.631,0.0215
038441c925bb,6271,2018-08-15T00:12:35-0400,-31.634,0.0214
038441c925bb,6272,2018-08-15T00:12:40-0400,-31.6416,0.0216
038441c925bb,6273,2018-08-15T00:12:45-0400,-31.634,0.0214
038441c925bb,6274,2018-08-15T00:12:50-0400,-31.634,0.0215
038441c925bb,6275,2018-08-15T00:12:55-0400,-31.634,0.0215
038441c925bb,6276,2018-08-15T00:13:00-0400,-31.6032,0.0216
038441c925bb,6277,2018-08-15T00:13:05-0400,-31.5815,0.0215
038441c925bb,6278,2018-08-15T00:13:10-0400,-31.6806,0.0222
038441c925bb,6279,2018-08-15T00:13:15-0400,-31.5851,0.0216
038441c925bb,6280,2018-08-15T00:13:20-0400,-31.6177,0.0219
038441c925bb,6281,2018-08-15T00:13:25-0400,-31.6036,0.0213
038441c925bb,6282,2018-08-15T00:13:30-0400,-31.6189,0.0216
038441c925bb,6283,2018-08-15T00:13:35-0400,-31.634,0.0213
038441c925bb,6284,2018-08-15T00:13:40-0400,-31.5851,0.0218
038441c925bb,6285,2018-08-15T00:13:45-0400,-31.5779,0.0221
038441c925bb,6286,2018-08-15T00:13:50-0400,-31.634,0.0216
038441c925bb,6287,2018-08-15T00:13:55-0400,-31.6378,0.0215
038441c925bb,6288,2018-08-15T00:14:00-0400,-31.6286,0.0219
038441c925bb,6289,2018-08-15T00:14:05-0400,-31.634,0.0216
038441c925bb,6290,2018-08-15T00:14:10-0400,-31.634,0.0213
038441c925bb,6291,2018-08-15T00:14:15-0400,-31.634,0.0218
038441c925bb,6292,2018-08-15T00:14:20-0400,-31.634,0.0219
038441c925bb,6293,2018-08-15T00:14:25-0400,-31.634,0.0218
038441c925bb,6294,2018-08-15T00:14:30-0400,-31.6493,0.0214
038441c925bb,6295,2018-08-15T00:14:35-0400,-31.634,0.0217
038441c925bb,6296,2018-08-15T00:14:40-0400,-31.605,0.0219
038441c925bb,6297,2018-08-15T00:14:45-0400,-31.6195,0.0217
038441c925bb,6298,2018-08-15T00:14:50-0400,-31.7027,0.0221
038441c925bb,6299,2018-08-15T00:14:55-0400,-31.6654,0.0216
038441c925bb,6300,2018-08-15T00:15:00-0400,-31.634,0.0218
038441c925bb,6301,2018-08-15T00:15:05-0400,-31.634,0.0216
038441c925bb,6302,2018-08-15T00:15:10-0400,-31.6286,0.0213
038441c925bb,6303,2018-08-15T00:15:15-0400,-31.5978,0.0214
038441c925bb,6304,2018-08-15T00:15:20-0400,-31.5779,0.0217
038441c925bb,6305,2018-08-15T00:15:25-0400,-31.5942,0.0219
038441c925bb,6306,2018-08-15T00:15:30-0400,-31.5887,0.0217
038441c925bb,6307,2018-08-15T00:15:35-0400,-31.5435,0.0219
038441c925bb,6308,2018-08-15T00:15:40-0400,-31.6032,0.0215
038441c925bb,6309,2018-08-15T00:15:45-0400,-31.6322,0.0215
038441c925bb,6310,2018-08-15T00:15:50-0400,-31.6249,0.0217
038441c925bb,6311,2018-08-15T00:15:55-0400,-31.5435,0.0219
038441c925bb,6312,2018-08-15T00:16:00-0400,-31.567,0.0219
038441c925bb,6313,2018-08-15T00:16:05-0400,-31.5996,0.0219
038441c925bb,6314,2018-08-15T00:16:10-0400,-31.5942,0.0218
038441c925bb,6315,2018-08-15T00:16:15-0400,-31.5815,0.0217
038441c925bb,6316,2018-08-15T00:16:20-0400,-31.5887,0.0216
038441c925bb,6317,2018-08-15T00:16:25-0400,-31.6322,0.0216
038441c925bb,6318,2018-08-15T00:16:30-0400,-31.5634,0.0217
038441c925bb,6319,2018-08-15T00:16:35-0400,-31.5743,0.0218
038441c925bb,6320,2018-08-15T00:16:40-0400,-31.5717,0.0218
038441c925bb,6321,2018-08-15T00:16:45-0400,-31.6105,0.0219
038441c925bb,6322,2018-08-15T00:16:50-0400,-31.5453,0.0217
038441c925bb,6323,2018-08-15T00:16:55-0400,-31.5435,0.0217
038441c925bb,6324,2018-08-15T00:17:00-0400,-31.558,0.0217
038441c925bb,6325,2018-08-15T00:17:05-0400,-31.5543,0.0217
038441c925bb,6326,2018-08-15T00:17:10-0400,-31.634,0.022
038441c925bb,6327,2018-08-15T00:17:15-0400,-31.5525,0.0222
038441c925bb,6328,2018-08-15T00:17:20-0400,-31.5435,0.0217
038441c925bb,6329,2018-08-15T00:17:25-0400,-31.5435,0.0218
038441c925bb,6330,2018-08-15T00:17:30-0400,-31.5435,0.0218
038441c925bb,6331,2018-08-15T00:17:35-0400,-31.5489,0.0219
038441c925bb,6332,2018-08-15T00:17:40-0400,-31.5435,0.0216
038441c925bb,6333,2018-08-15T00:17:45-0400,-31.5435,0.0219
038441c925bb,6334,2018-08-15T00:17:50-0400,-31.5435,0.0217
038441c925bb,6335,2018-08-15T00:17:55-0400,-31.5507,0.0221
038441c925bb,6336,2018-08-15T00:18:00-0400,-31.6032,0.0217
038441c925bb,6337,2018-08-15T00:18:05-0400,-31.5453,0.0222
038441c925bb,6338,2018-08-15T00:18:10-0400,-31.5435,0.0216
038441c925bb,6339,2018-08-15T00:18:15-0400,-31.5561,0.0217
038441c925bb,6340,2018-08-15T00:18:20-0400,-31.5761,0.0222
038441c925bb,6341,2018-08-15T00:18:25-0400,-31.6111,0.022
038441c925bb,6342,2018-08-15T00:18:30-0400,-31.5587,0.0217
038441c925bb,6343,2018-08-15T00:18:35-0400,-31.5559,0.0219
038441c925bb,6344,2018-08-15T00:18:40-0400,-31.5761,0.0218
038441c925bb,6345,2018-08-15T00:18:45-0400,-31.5592,0.0215
038441c925bb,6346,2018-08-15T00:18:50-0400,-31.5435,0.0216
038441c925bb,6347,2018-08-15T00:18:55-0400,-31.5435,0.0219
038441c925bb,6348,2018-08-15T00:19:00-0400,-31.5806,0.0216
038441c925bb,6349,2018-08-15T00:19:05-0400,-31.6141,0.0216
038441c925bb,6350,2018-08-15T00:19:10-0400,-31.567,0.0215
038441c925bb,6351,2018-08-15T00:19:15-0400,-31.5616,0.0214
038441c925bb,6352,2018-08-15T00:19:20-0400,-31.5447,0.022
038441c925bb,6353,2018-08-15T00:19:25-0400,-31.4784,0.0212
038441c925bb,6354,2018-08-15T00:19:30-0400,-31.5435,0.0218
038441c925bb,6355,2018-08-15T00:19:35-0400,-31.5435,0.0215
038441c925bb,6356,2018-08-15T00:19:40-0400,-31.5435,0.0219
038441c925bb,6357,2018-08-15T00:19:45-0400,-31.4669,0.0218
038441c925bb,6358,2018-08-15T00:19:50-0400,-31.5779,0.0216
038441c925bb,6359,2018-08-15T00:19:55-0400,-31.6286,0.0217
038441c925bb,6360,2018-08-15T00:20:00-0400,-31.5525,0.0218
038441c925bb,6361,2018-08-15T00:20:05-0400,-31.5441,0.022
038441c925bb,6362,2018-08-15T00:20:10-0400,-31.5127,0.0221
038441c925bb,6363,2018-08-15T00:20:15-0400,-31.5528,0.0218
038441c925bb,6364,2018-08-15T00:20:20-0400,-31.5453,0.0215
038441c925bb,6365,2018-08-15T00:20:25-0400,-31.6032,0.0212
038441c925bb,6366,2018-08-15T00:20:30-0400,-31.6231,0.0217
038441c925bb,6367,2018-08-15T00:20:35-0400,-31.5779,0.0216
038441c925bb,6368,2018-08-15T00:20:40-0400,-31.558,0.0215
038441c925bb,6369,2018-08-15T00:20:45-0400,-31.5561,0.0219
038441c925bb,6370,2018-08-15T00:20:50-0400,-31.5489,0.0218
038441c925bb,6371,2018-08-15T00:20:55-0400,-31.5435,0.0214
038441c925bb,6372,2018-08-15T00:21:00-0400,-31.5779,0.0215
038441c925bb,6373,2018-08-15T00:21:05-0400,-31.5706,0.0221
038441c925bb,6374,2018-08-15T00:21:10-0400,-31.6286,0.022
038441c925bb,6375,2018-08-15T00:21:15-0400,-31.6086,0.0217
038441c925bb,6376,2018-08-15T00:21:20-0400,-31.5905,0.0216
038441c925bb,6377,2018-08-15T00:21:25-0400,-31.596,0.0217
038441c925bb,6378,2018-08-15T00:21:30-0400,-31.5887,0.0219
038441c925bb,6379,2018-08-15T00:21:35-0400,-31.5942,0.0218
038441c925bb,6380,2018-08-15T00:21:40-0400,-31.5833,0.0219
038441c925bb,6381,2018-08-15T00:21:45-0400,-31.5616,0.022
038441c925bb,6382,2018-08-15T00:21:50-0400,-31.5839,0.0221
038441c925bb,6383,2018-08-15T00:21:55-0400,-31.5774,0.0219
038441c925bb,6384,2018-08-15T00:22:00-0400,-31.6204,0.022
038441c925bb,6385,2018-08-15T00:22:05-0400,-31.4329,0.0217
038441c925bb,6386,2018-08-15T00:22:10-0400,-31.5657,0.022
038441c925bb,6387,2018-08-15T00:22:15-0400,-31.5777,0.0219
038441c925bb,6388,2018-08-15T00:22:20-0400,-31.5435,0.0217
038441c925bb,6389,2018-08-15T00:22:25-0400,-31.5435,0.0216
038441c925bb,6390,2018-08-15T00:22:30-0400,-31.5014,0.022
038441c925bb,6391,2018-08-15T00:22:35-0400,-31.5435,0.0219
038441c925bb,6392,2018-08-15T00:22:40-0400,-31.5507,0.0216
038441c925bb,6393,2018-08-15T00:22:45-0400,-31.5261,0.0215
038441c925bb,6394,2018-08-15T00:22:50-0400,-31.5435,0.0223
038441c925bb,6395,2018-08-15T00:22:55-0400,-31.5435,0.0218
038441c925bb,6396,2018-08-15T00:23:00-0400,-31.5833,0.0214
038441c925bb,6397,2018-08-15T00:23:05-0400,-31.5358,0.0218
038441c925bb,6398,2018-08-15T00:23:10-0400,-31.5435,0.022
038441c925bb,6399,2018-08-15T00:23:15-0400,-31.5024,0.0217
038441c925bb,6400,2018-08-15T00:23:20-0400,-31.4932,0.0221
038441c925bb,6401,2018-08-15T00:23:25-0400,-31.4554,0.0217
038441c925bb,6402,2018-08-15T00:23:30-0400,-31.5014,0.0216
038441c925bb,6403,2018-08-15T00:23:35-0400,-31.5743,0.022
038441c925bb,6404,2018-08-15T00:23:40-0400,-31.5435,0.0221
038441c925bb,6405,2018-08-15T00:23:45-0400,-31.5435,0.022
038441c925bb,6406,2018-08-15T00:23:50-0400,-31.5435,0.0217
038441c925bb,6407,2018-08-15T00:23:55-0400,-31.5435,0.0217
038441c925bb,6408,2018-08-15T00:24:00-0400,-31.532,0.0221
038441c925bb,6409,2018-08-15T00:24:05-0400,-31.5435,0.022
038441c925bb,6410,2018-08-15T00:24:10-0400,-31.4912,0.0222
038441c925bb,6411,2018-08-15T00:24:15-0400,-31.5011,0.0224
038441c925bb,6412,2018-08-15T00:24:20-0400,-31.5188,0.0216
038441c925bb,6413,2018-08-15T00:24:25-0400,-31.5459,0.0221
038441c925bb,6414,2018-08-15T00:24:30-0400,-31.5435,0.0224
038441c925bb,6415,2018-08-15T00:24:35-0400,-31.5405,0.0224
038441c925bb,6416,2018-08-15T00:24:40-0400,-31.5743,0.022
038441c925bb,6417,2018-08-15T00:24:45-0400,-31.5674,0.022
038441c925bb,6418,2018-08-15T00:24:50-0400,-31.5851,0.0216
038441c925bb,6419,2018-08-15T00:24:55-0400,-31.5435,0.0221
038441c925bb,6420,2018-08-15T00:25:00-0400,-31.5435,0.0217
038441c925bb,6421,2018-08-15T00:25:05-0400,-31.5435,0.0223
038441c925bb,6422,2018-08-15T00:25:10-0400,-31.5435,0.022
038441c925bb,6423,2018-08-15T00:25:15-0400,-31.5724,0.022
038441c925bb,6424,2018-08-15T00:25:20-0400,-31.5476,0.022
038441c925bb,6425,2018-08-15T00:25:25-0400,-31.4508,0.0217
038441c925bb,6426,2018-08-15T00:25:30-0400,-31.4886,0.0216
038441c925bb,6427,2018-08-15T00:25:35-0400,-31.5435,0.0216
038441c925bb,6428,2018-08-15T00:25:40-0400,-31.5435,0.0223
038441c925bb,6429,2018-08-15T00:25:45-0400,-31.5435,0.0218
038441c925bb,6430,2018-08-15T00:25:50-0400,-31.4719,0.0218
038441c925bb,6431,2018-08-15T00:25:55-0400,-31.4879,0.0217
038441c925bb,6432,2018-08-15T00:26:00-0400,-31.4708,0.0215
038441c925bb,6433,2018-08-15T00:26:05-0400,-31.4937,0.0221
038441c925bb,6434,2018-08-15T00:26:10-0400,-31.3591,0.0221
038441c925bb,6435,2018-08-15T00:26:15-0400,-31.5211,0.0225
038441c925bb,6436,2018-08-15T00:26:20-0400,-31.398,0.0221
038441c925bb,6437,2018-08-15T00:26:25-0400,-31.426,0.0216
038441c925bb,6438,2018-08-15T00:26:30-0400,-31.5825,0.0218
038441c925bb,6439,2018-08-15T00:26:35-0400,-31.4733,0.0217
038441c925bb,6440,2018-08-15T00:26:40-0400,-31.4095,0.0218
038441c925bb,6441,2018-08-15T00:26:45-0400,-31.5358,0.022
038441c925bb,6442,2018-08-15T00:26:50-0400,-31.4957,0.0219
038441c925bb,6443,2018-08-15T00:26:55-0400,-31.5333,0.022
038441c925bb,6444,2018-08-15T00:27:00-0400,-31.5942,0.0218
038441c925bb,6445,2018-08-15T00:27:05-0400,-31.5014,0.0219
038441c925bb,6446,2018-08-15T00:27:10-0400,-31.5435,0.0222
038441c925bb,6447,2018-08-15T00:27:15-0400,-31.5598,0.0219
038441c925bb,6448,2018-08-15T00:27:20-0400,-31.4478,0.0217
038441c925bb,6449,2018-08-15T00:27:25-0400,-31.3904,0.0216
038441c925bb,6450,2018-08-15T00:27:30-0400,-31.4019,0.0219
038441c925bb,6451,2018-08-15T00:27:35-0400,-31.3553,0.0222
038441c925bb,6452,2018-08-15T00:27:40-0400,-31.4121,0.0218
038441c925bb,6453,2018-08-15T00:27:45-0400,-31.4631,0.0222
038441c925bb,6454,2018-08-15T00:27:50-0400,-31.421,0.0222
038441c925bb,6455,2018-08-15T00:27:55-0400,-31.4363,0.0216
038441c925bb,6456,2018-08-15T00:28:00-0400,-31.4248,0.0223
038441c925bb,6457,2018-08-15T00:28:05-0400,-31.4861,0.0222
038441c925bb,6458,2018-08-15T00:28:10-0400,-31.3865,0.022
038441c925bb,6459,2018-08-15T00:28:15-0400,-31.5435,0.022
038441c925bb,6460,2018-08-15T00:28:20-0400,-31.5014,0.0216
038441c925bb,6461,2018-08-15T00:28:25-0400,-31.5598,0.0224
038441c925bb,6462,2018-08-15T00:28:30-0400,-31.3897,0.0225
038441c925bb,6463,2018-08-15T00:28:35-0400,-31.5396,0.0219
038441c925bb,6464,2018-08-15T00:28:40-0400,-31.5243,0.0219
038441c925bb,6465,2018-08-15T00:28:45-0400,-31.4631,0.0222
038441c925bb,6466,2018-08-15T00:28:50-0400,-31.3827,0.0223
038441c925bb,6467,2018-08-15T00:28:55-0400,-31.4552,0.022
038441c925bb,6468,2018-08-15T00:29:00-0400,-31.5358,0.0222
038441c925bb,6469,2018-08-15T00:29:05-0400,-31.509,0.0221
038441c925bb,6470,2018-08-15T00:29:10-0400,-31.5435,0.0217
038441c925bb,6471,2018-08-15T00:29:15-0400,-31.4314,0.0217
038441c925bb,6472,2018-08-15T00:29:20-0400,-31.4516,0.0216
038441c925bb,6473,2018-08-15T00:29:25-0400,-31.5167,0.0226
038441c925bb,6474,2018-08-15T00:29:30-0400,-31.444,0.0222
038441c925bb,6475,2018-08-15T00:29:35-0400,-31.3647,0.0219
038441c925bb,6476,2018-08-15T00:29:40-0400,-31.4172,0.022
038441c925bb,6477,2018-08-15T00:29:45-0400,-31.3789,0.0219
038441c925bb,6478,2018-08-15T00:29:50-0400,-31.5435,0.0218
038441c925bb,6479,2018-08-15T00:29:55-0400,-31.5435,0.0221
038441c925bb,6480,2018-08-15T00:30:00-0400,-31.4363,0.0221
038441c925bb,6481,2018-08-15T00:30:05-0400,-31.5205,0.0221
038441c925bb,6482,2018-08-15T00:30:10-0400,-31.4975,0.0222
038441c925bb,6483,2018-08-15T00:30:15-0400,-31.3521,0.022
038441c925bb,6484,2018-08-15T00:30:20-0400,-31.4363,0.0221
038441c925bb,6485,2018-08-15T00:30:25-0400,-31.5435,0.0221
038441c925bb,6486,2018-08-15T00:30:30-0400,-31.421,0.0222
038441c925bb,6487,2018-08-15T00:30:35-0400,-31.4878,0.0218
038441c925bb,6488,2018-08-15T00:30:40-0400,-31.3795,0.0224
038441c925bb,6489,2018-08-15T00:30:45-0400,-31.4593,0.0226
038441c925bb,6490,2018-08-15T00:30:50-0400,-31.464,0.0217
038441c925bb,6491,2018-08-15T00:30:55-0400,-31.4609,0.0223
038441c925bb,6492,2018-08-15T00:31:00-0400,-31.4937,0.0221
038441c925bb,6493,2018-08-15T00:31:05-0400,-31.3551,0.0222
038441c925bb,6494,2018-08-15T00:31:10-0400,-31.3387,0.0216
038441c925bb,6495,2018-08-15T00:31:15-0400,-31.3789,0.0222
038441c925bb,6496,2018-08-15T00:31:20-0400,-31.3521,0.0219
038441c925bb,6497,2018-08-15T00:31:25-0400,-31.3521,0.0217
038441c925bb,6498,2018-08-15T00:31:30-0400,-31.3906,0.0221
038441c925bb,6499,2018-08-15T00:31:35-0400,-31.4478,0.0221
038441c925bb,6500,2018-08-15T00:31:40-0400,-31.4478,0.022
038441c925bb,6501,2018-08-15T00:31:45-0400,-31.532,0.0224
038441c925bb,6502,2018-08-15T00:31:50-0400,-31.4669,0.0222
038441c925bb,6503,2018-08-15T00:31:55-0400,-31.3738,0.0218
038441c925bb,6504,2018-08-15T00:32:00-0400,-31.395,0.0219
038441c925bb,6505,2018-08-15T00:32:05-0400,-31.3597,0.0213
038441c925bb,6506,2018-08-15T00:32:10-0400,-31.3521,0.0222
038441c925bb,6507,2018-08-15T00:32:15-0400,-31.4172,0.0221
038441c925bb,6508,2018-08-15T00:32:20-0400,-31.5167,0.0217
038441c925bb,6509,2018-08-15T00:32:25-0400,-31.3942,0.0218
038441c925bb,6510,2018-08-15T00:32:30-0400,-31.5435,0.0216
038441c925bb,6511,2018-08-15T00:32:35-0400,-31.5435,0.0216
038441c925bb,6512,2018-08-15T00:32:40-0400,-31.3865,0.0221
038441c925bb,6513,2018-08-15T00:32:45-0400,-31.4861,0.0217
038441c925bb,6514,2018-08-15T00:32:50-0400,-31.5396,0.0224
038441c925bb,6515,2018-08-15T00:32:55-0400,-31.4248,0.0222
038441c925bb,6516,2018-08-15T00:33:00-0400,-31.4554,0.0222
038441c925bb,6517,2018-08-15T00:33:05-0400,-31.4363,0.0221
038441c925bb,6518,2018-08-15T00:33:10-0400,-31.3575,0.0222
038441c925bb,6519,2018-08-15T00:33:15-0400,-31.3521,0.0217
038441c925bb,6520,2018-08-15T00:33:20-0400,-31.3521,0.022
038441c925bb,6521,2018-08-15T00:33:25-0400,-31.3521,0.0222
038441c925bb,6522,2018-08-15T00:33:30-0400,-31.4363,0.0221
038441c925bb,6523,2018-08-15T00:33:35-0400,-31.5435,0.0223
038441c925bb,6524,2018-08-15T00:33:40-0400,-31.5435,0.0223
038441c925bb,6525,2018-08-15T00:33:45-0400,-31.359,0.0218
038441c925bb,6526,2018-08-15T00:33:50-0400,-31.4707,0.0219
038441c925bb,6527,2018-08-15T00:33:55-0400,-31.3829,0.0217
038441c925bb,6528,2018-08-15T00:34:00-0400,-31.3521,0.0219
038441c925bb,6529,2018-08-15T00:34:05-0400,-31.3521,0.0223
038441c925bb,6530,2018-08-15T00:34:10-0400,-31.3865,0.0218
038441c925bb,6531,2018-08-15T00:34:15-0400,-31.3827,0.0224
038441c925bb,6532,2018-08-15T00:34:20-0400,-31.5282,0.0223
038441c925bb,6533,2018-08-15T00:34:25-0400,-31.4516,0.022
038441c925bb,6534,2018-08-15T00:34:30-0400,-31.3521,0.0221
038441c925bb,6535,2018-08-15T00:34:35-0400,-31.5521,0.0217
038441c925bb,6536,2018-08-15T00:34:40-0400,-31.414,0.0222
038441c925bb,6537,2018-08-15T00:34:45-0400,-31.3521,0.0221
038441c925bb,6538,2018-08-15T00:34:50-0400,-31.398,0.0223
038441c925bb,6539,2018-08-15T00:34:55-0400,-31.4496,0.0221
038441c925bb,6540,2018-08-15T00:35:00-0400,-31.3521,0.0222
038441c925bb,6541,2018-08-15T00:35:05-0400,-31.3506,0.0226
038441c925bb,6542,2018-08-15T00:35:10-0400,-31.3431,0.0222
038441c925bb,6543,2018-08-15T00:35:15-0400,-31.3521,0.0222
038441c925bb,6544,2018-08-15T00:35:20-0400,-31.3467,0.0219
038441c925bb,6545,2018-08-15T00:35:25-0400,-31.3521,0.0219
038441c925bb,6546,2018-08-15T00:35:30-0400,-31.3521,0.0222
038441c925bb,6547,2018-08-15T00:35:35-0400,-31.3521,0.0221
038441c925bb,6548,2018-08-15T00:35:40-0400,-31.3431,0.0225
038441c925bb,6549,2018-08-15T00:35:45-0400,-31.3521,0.0218
038441c925bb,6550,2018-08-15T00:35:50-0400,-31.4708,0.0221
038441c925bb,6551,2018-08-15T00:35:55-0400,-31.4226,0.0218
038441c925bb,6552,2018-08-15T00:36:00-0400,-31.2747,0.0221
038441c925bb,6553,2018-08-15T00:36:05-0400,-31.2621,0.0225
038441c925bb,6554,2018-08-15T00:36:10-0400,-31.3197,0.0222
038441c925bb,6555,2018-08-15T00:36:15-0400,-31.3789,0.0225
038441c925bb,6556,2018-08-15T00:36:20-0400,-31.3017,0.0222
038441c925bb,6557,2018-08-15T00:36:25-0400,-31.2819,0.0219
038441c925bb,6558,2018-08-15T00:36:30-0400,-31.3359,0.0225
038441c925bb,6559,2018-08-15T00:36:35-0400,-31.4746,0.0224
038441c925bb,6560,2018-08-15T00:36:40-0400,-31.3485,0.0218
038441c925bb,6561,2018-08-15T00:36:45-0400,-31.2873,0.0222
038441c925bb,6562,2018-08-15T00:36:50-0400,-31.3071,0.0224
038441c925bb,6563,2018-08-15T00:36:55-0400,-31.3521,0.0221
038441c925bb,6564,2018-08-15T00:37:00-0400,-31.3125,0.0225
038441c925bb,6565,2018-08-15T00:37:05-0400,-31.2621,0.022
038441c925bb,6566,2018-08-15T00:37:10-0400,-31.3467,0.022
038441c925bb,6567,2018-08-15T00:37:15-0400,-31.3474,0.0222
038441c925bb,6568,2018-08-15T00:37:20-0400,-31.2657,0.0229
038441c925bb,6569,2018-08-15T00:37:25-0400,-31.3161,0.022
038441c925bb,6570,2018-08-15T00:37:30-0400,-31.2621,0.022
038441c925bb,6571,2018-08-15T00:37:35-0400,-31.2765,0.0218
038441c925bb,6572,2018-08-15T00:37:40-0400,-31.2765,0.0223
038441c925bb,6573,2018-08-15T00:37:45-0400,-31.259,0.0223
038441c925bb,6574,2018-08-15T00:37:50-0400,-31.3233,0.0224
038441c925bb,6575,2018-08-15T00:37:55-0400,-31.3597,0.0219
038441c925bb,6576,2018-08-15T00:38:00-0400,-31.3521,0.0218
038441c925bb,6577,2018-08-15T00:38:05-0400,-31.3161,0.0222
038441c925bb,6578,2018-08-15T00:38:10-0400,-31.3402,0.022
038441c925bb,6579,2018-08-15T00:38:15-0400,-31.3449,0.0223
038441c925bb,6580,2018-08-15T00:38:20-0400,-31.2675,0.0219
038441c925bb,6581,2018-08-15T00:38:25-0400,-31.3503,0.0219
038441c925bb,6582,2018-08-15T00:38:30-0400,-31.3215,0.0223
038441c925bb,6583,2018-08-15T00:38:35-0400,-31.2621,0.0218
038441c925bb,6584,2018-08-15T00:38:40-0400,-31.3341,0.0221
038441c925bb,6585,2018-08-15T00:38:45-0400,-31.3491,0.0219
038441c925bb,6586,2018-08-15T00:38:50-0400,-31.3268,0.0222
038441c925bb,6587,2018-08-15T00:38:55-0400,-31.3521,0.0219
038441c925bb,6588,2018-08-15T00:39:00-0400,-31.3035,0.0219
038441c925bb,6589,2018-08-15T00:39:05-0400,-31.3035,0.0223
038441c925bb,6590,2018-08-15T00:39:10-0400,-31.3789,0.0225
038441c925bb,6591,2018-08-15T00:39:15-0400,-31.3179,0.022
038441c925bb,6592,2018-08-15T00:39:20-0400,-31.3215,0.0223
038441c925bb,6593,2018-08-15T00:39:25-0400,-31.3377,0.022
038441c925bb,6594,2018-08-15T00:39:30-0400,-31.2959,0.0223
038441c925bb,6595,2018-08-15T00:39:35-0400,-25.8808,0.0204
038441c925bb,6596,2018-08-15T00:39:40-0400,15.0906,0.0042
038441c925bb,6597,2018-08-15T00:39:45-0400,9.1967,0.0055
038441c925bb,6598,2018-08-15T00:39:50-0400,-43.2744,0.0194
038441c925bb,6599,2018-08-15T00:39:55-0400,-52.9152,0.0222
038441c925bb,6600,2018-08-15T00:40:00-0400,-52.8288,0.021
038441c925bb,6601,2018-08-15T00:40:05-0400,-52.807,0.0215
038441c925bb,6602,2018-08-15T00:40:10-0400,-52.5984,0.0221
038441c925bb,6603,2018-08-15T00:40:15-0400,-52.2691,0.023
038441c925bb,6604,2018-08-15T00:40:20-0400,-52.2589,0.0226
038441c925bb,6605,2018-08-15T00:40:25-0400,-52.0619,0.0221
038441c925bb,6606,2018-08-15T00:40:30-0400,-51.9748,0.0224
038441c925bb,6607,2018-08-15T00:40:35-0400,-51.9221,0.022
038441c925bb,6608,2018-08-15T00:40:40-0400,-51.8764,0.0221
038441c925bb,6609,2018-08-15T00:40:45-0400,-51.898,0.0224
038441c925bb,6610,2018-08-15T00:40:50-0400,-51.952,0.0224
038441c925bb,6611,2018-08-15T00:40:55-0400,-51.8764,0.0221
038441c925bb,6612,2018-08-15T00:41:00-0400,-51.8542,0.0223
038441c925bb,6613,2018-08-15T00:41:05-0400,-51.7571,0.0215
038441c925bb,6614,2018-08-15T00:41:10-0400,-51.8764,0.0223
038441c925bb,6615,2018-08-15T00:41:15-0400,-51.8764,0.0224
038441c925bb,6616,2018-08-15T00:41:20-0400,-51.8764,0.022
038441c925bb,6617,2018-08-15T00:41:25-0400,-51.8181,0.022
038441c925bb,6618,2018-08-15T00:41:30-0400,-51.7545,0.0215
038441c925bb,6619,2018-08-15T00:41:35-0400,-51.6245,0.0219
038441c925bb,6620,2018-08-15T00:41:40-0400,-51.5215,0.0209
038441c925bb,6621,2018-08-15T00:41:45-0400,-48.801,0.0224
038441c925bb,6622,2018-08-15T00:41:50-0400,-44.9094,0.0179
038441c925bb,6623,2018-08-15T00:41:55-0400,-44.7932,0.0197
038441c925bb,6624,2018-08-15T00:42:00-0400,-44.7647,0.02
038441c925bb,6625,2018-08-15T00:42:05-0400,-44.4831,0.0202
038441c925bb,6626,2018-08-15T00:42:10-0400,-44.5921,0.02
038441c925bb,6627,2018-08-15T00:42:15-0400,-44.4624,0.0201
038441c925bb,6628,2018-08-15T00:42:20-0400,-44.4774,0.0208
038441c925bb,6629,2018-08-15T00:42:25-0400,-44.4856,0.0206
038441c925bb,6630,2018-08-15T00:42:30-0400,-44.3587,0.0204
038441c925bb,6631,2018-08-15T00:42:35-0400,-44.2906,0.0203
038441c925bb,6632,2018-08-15T00:42:40-0400,-44.3321,0.0206
038441c925bb,6633,2018-08-15T00:42:45-0400,-44.2088,0.0206
038441c925bb,6634,2018-08-15T00:42:50-0400,-44.212,0.0202
038441c925bb,6635,2018-08-15T00:42:55-0400,-44.2041,0.0204
038441c925bb,6636,2018-08-15T00:43:00-0400,-44.3985,0.0207
038441c925bb,6637,2018-08-15T00:43:05-0400,-44.3592,0.0207
038441c925bb,6638,2018-08-15T00:43:10-0400,-44.3763,0.0207
038441c925bb,6639,2018-08-15T00:43:15-0400,-44.2288,0.0204
038441c925bb,6640,2018-08-15T00:43:20-0400,-44.1719,0.0203
038441c925bb,6641,2018-08-15T00:43:25-0400,-44.1615,0.0209
038441c925bb,6642,2018-08-15T00:43:30-0400,-44.1371,0.0207
038441c925bb,6643,2018-08-15T00:43:35-0400,-44.0783,0.0205
038441c925bb,6644,2018-08-15T00:43:40-0400,-43.9608,0.02
038441c925bb,6645,2018-08-15T00:43:45-0400,-43.6061,0.0192
038441c925bb,6646,2018-08-15T00:43:50-0400,-43.6274,0.0195
038441c925bb,6647,2018-08-15T00:43:55-0400,-43.6274,0.0195
038441c925bb,6648,2018-08-15T00:44:00-0400,-43.6274,0.0195
038441c925bb,6649,2018-08-15T00:44:05-0400,-43.6274,0.0195
038441c925bb,6650,2018-08-15T00:44:10-0400,-43.6126,0.0194
038441c925bb,6651,2018-08-15T00:44:15-0400,-43.6094,0.0193
038441c925bb,6652,2018-08-15T00:44:20-0400,-43.6274,0.0193
038441c925bb,6653,2018-08-15T00:44:25-0400,-43.6274,0.0194
038441c925bb,6654,2018-08-15T00:44:30-0400,-43.6274,0.0195
038441c925bb,6655,2018-08-15T00:44:35-0400,-43.6274,0.0191
038441c925bb,6656,2018-08-15T00:44:40-0400,-43.6159,0.0193
038441c925bb,6657,2018-08-15T00:44:45-0400,-43.4278,0.0184
038441c925bb,6658,2018-08-15T00:44:50-0400,-43.3898,0.0185
038441c925bb,6659,2018-08-15T00:44:55-0400,-43.3706,0.0184
038441c925bb,6660,2018-08-15T00:45:00-0400,-43.2771,0.0184
038441c925bb,6661,2018-08-15T00:45:05-0400,-43.4002,0.0182
038441c925bb,6662,2018-08-15T00:45:10-0400,-43.4018,0.0188
038441c925bb,6663,2018-08-15T00:45:15-0400,-43.3821,0.0184
038441c925bb,6664,2018-08-15T00:45:20-0400,-43.418,0.0185
038441c925bb,6665,2018-08-15T00:45:25-0400,-43.3821,0.0185
038441c925bb,6666,2018-08-15T00:45:30-0400,-43.3821,0.0184
038441c925bb,6667,2018-08-15T00:45:35-0400,-43.4931,0.0187
038441c925bb,6668,2018-08-15T00:45:40-0400,-43.4703,0.0186
038441c925bb,6669,2018-08-15T00:45:45-0400,-43.3821,0.0183
038441c925bb,6670,2018-08-15T00:45:50-0400,-43.454,0.0189
038441c925bb,6671,2018-08-15T00:45:55-0400,-43.5243,0.0187
038441c925bb,6672,2018-08-15T00:46:00-0400,-43.6274,0.0198
038441c925bb,6673,2018-08-15T00:46:05-0400,-43.6274,0.0196
038441c925bb,6674,2018-08-15T00:46:10-0400,-43.6274,0.0198
038441c925bb,6675,2018-08-15T00:46:15-0400,-43.6924,0.0196
038441c925bb,6676,2018-08-15T00:46:20-0400,-43.6274,0.0193
038441c925bb,6677,2018-08-15T00:46:25-0400,-43.6274,0.0198
038441c925bb,6678,2018-08-15T00:46:30-0400,-43.6274,0.0192
038441c925bb,6679,2018-08-15T00:46:35-0400,-43.6621,0.0197
038441c925bb,6680,2018-08-15T00:46:40-0400,-43.6274,0.0194
038441c925bb,6681,2018-08-15T00:46:45-0400,-43.6274,0.0192
038441c925bb,6682,2018-08-15T00:46:50-0400,-43.6274,0.0194
038441c925bb,6683,2018-08-15T00:46:55-0400,-43.6274,0.0192
038441c925bb,6684,2018-08-15T00:47:00-0400,-43.6274,0.0196
038441c925bb,6685,2018-08-15T00:47:05-0400,-43.6274,0.0191
038441c925bb,6686,2018-08-15T00:47:10-0400,-43.6274,0.0195
038441c925bb,6687,2018-08-15T00:47:15-0400,-43.6241,0.0194
038441c925bb,6688,2018-08-15T00:47:20-0400,-43.6354,0.0194
038441c925bb,6689,2018-08-15T00:47:25-0400,-43.6274,0.0193
038441c925bb,6690,2018-08-15T00:47:30-0400,-43.6274,0.0194
038441c925bb,6691,2018-08-15T00:47:35-0400,-43.6621,0.019
038441c925bb,6692,2018-08-15T00:47:40-0400,-43.6604,0.0191
038441c925bb,6693,2018-08-15T00:47:45-0400,-43.6671,0.0186
038441c925bb,6694,2018-08-15T00:47:50-0400,-43.6984,0.0188
038441c925bb,6695,2018-08-15T00:47:55-0400,-43.6621,0.0188
038441c925bb,6696,2018-08-15T00:48:00-0400,-43.6274,0.0192
038441c925bb,6697,2018-08-15T00:48:05-0400,-43.6274,0.0187
038441c925bb,6698,2018-08-15T00:48:10-0400,-43.6274,0.0188
038441c925bb,6699,2018-08-15T00:48:15-0400,-43.6061,0.0189
038441c925bb,6700,2018-08-15T00:48:20-0400,-43.5454,0.0185
038441c925bb,6701,2018-08-15T00:48:25-0400,-43.5569,0.0189
038441c925bb,6702,2018-08-15T00:48:30-0400,-43.611,0.0187
038441c925bb,6703,2018-08-15T00:48:35-0400,-43.5848,0.0189
038441c925bb,6704,2018-08-15T00:48:40-0400,-43.6045,0.019
038441c925bb,6705,2018-08-15T00:48:45-0400,-43.5765,0.019
038441c925bb,6706,2018-08-15T00:48:50-0400,-43.6127,0.019
038441c925bb,6707,2018-08-15T00:48:55-0400,-43.5963,0.0191
038441c925bb,6708,2018-08-15T00:49:00-0400,-43.5536,0.0188
038441c925bb,6709,2018-08-15T00:49:05-0400,-43.5454,0.019
038441c925bb,6710,2018-08-15T00:49:10-0400,-43.6077,0.0185
038441c925bb,6711,2018-08-15T00:49:15-0400,-43.5749,0.019
038441c925bb,6712,2018-08-15T00:49:20-0400,-43.6274,0.0183
038441c925bb,6713,2018-08-15T00:49:25-0400,-43.6324,0.0186
038441c925bb,6714,2018-08-15T00:49:30-0400,-43.672,0.0188
038441c925bb,6715,2018-08-15T00:49:35-0400,-43.5913,0.0191
038441c925bb,6716,2018-08-15T00:49:40-0400,-43.5815,0.0186
038441c925bb,6717,2018-08-15T00:49:45-0400,-43.5519,0.0187
038441c925bb,6718,2018-08-15T00:49:50-0400,-43.611,0.0191
038441c925bb,6719,2018-08-15T00:49:55-0400,-43.6704,0.0188
038441c925bb,6720,2018-08-15T00:50:00-0400,-43.6786,0.0193
038441c925bb,6721,2018-08-15T00:50:05-0400,-43.6373,0.0189
038441c925bb,6722,2018-08-15T00:50:10-0400,-43.6274,0.0189
038441c925bb,6723,2018-08-15T00:50:15-0400,-43.6307,0.0188
038441c925bb,6724,2018-08-15T00:50:20-0400,-43.6274,0.0189
038441c925bb,6725,2018-08-15T00:50:25-0400,-43.6159,0.0189
038441c925bb,6726,2018-08-15T00:50:30-0400,-43.6274,0.0185
038441c925bb,6727,2018-08-15T00:50:35-0400,-43.6274,0.0185
038441c925bb,6728,2018-08-15T00:50:40-0400,-43.6258,0.0186
038441c925bb,6729,2018-08-15T00:50:45-0400,-43.6274,0.0185
038441c925bb,6730,2018-08-15T00:50:50-0400,-43.6621,0.0184
038441c925bb,6731,2018-08-15T00:50:55-0400,-43.5995,0.0184
038441c925bb,6732,2018-08-15T00:51:00-0400,-43.6274,0.0182
038441c925bb,6733,2018-08-15T00:51:05-0400,-43.6274,0.0186
038441c925bb,6734,2018-08-15T00:51:10-0400,-43.6274,0.0184
038441c925bb,6735,2018-08-15T00:51:15-0400,-43.6274,0.0184
038441c925bb,6736,2018-08-15T00:51:20-0400,-43.6274,0.0185
038441c925bb,6737,2018-08-15T00:51:25-0400,-43.6274,0.0183
038441c925bb,6738,2018-08-15T00:51:30-0400,-43.6274,0.0183
038441c925bb,6739,2018-08-15T00:51:35-0400,-43.6274,0.0184
038441c925bb,6740,2018-08-15T00:51:40-0400,-43.6494,0.0207
038441c925bb,6741,2018-08-15T00:51:45-0400,-42.9361,0.0189
038441c925bb,6742,2018-08-15T00:51:50-0400,-42.6163,0.0171
038441c925bb,6743,2018-08-15T00:51:55-0400,-42.6461,0.0171
038441c925bb,6744,2018-08-15T00:52:00-0400,-42.5708,0.0173
038441c925bb,6745,2018-08-15T00:52:05-0400,-42.5666,0.0169
038441c925bb,6746,2018-08-15T00:52:10-0400,-42.631,0.017
038441c925bb,6747,2018-08-15T00:52:15-0400,-42.6263,0.0171
038441c925bb,6748,2018-08-15T00:52:20-0400,-42.8945,0.0179
038441c925bb,6749,2018-08-15T00:52:25-0400,-43.2265,0.0169
038441c925bb,6750,2018-08-15T00:52:30-0400,-43.2554,0.0172
038441c925bb,6751,2018-08-15T00:52:35-0400,-43.1149,0.0171
038441c925bb,6752,2018-08-15T00:52:40-0400,-43.0968,0.0172
038441c925bb,6753,2018-08-15T00:52:45-0400,-43.3096,0.0171
038441c925bb,6754,2018-08-15T00:52:50-0400,-43.5825,0.0175
038441c925bb,6755,2018-08-15T00:52:55-0400,-43.6147,0.0172
038441c925bb,6756,2018-08-15T00:53:00-0400,-43.618,0.0174
038441c925bb,6757,2018-08-15T00:53:05-0400,-43.5876,0.0174
038441c925bb,6758,2018-08-15T00:53:10-0400,-43.4986,0.0172
038441c925bb,6759,2018-08-15T00:53:15-0400,-43.6325,0.0168
038441c925bb,6760,2018-08-15T00:53:20-0400,-42.8886,0.0206
038441c925bb,6761,2018-08-15T00:53:25-0400,-40.9469,0.0186
038441c925bb,6762,2018-08-15T00:53:30-0400,-41.0306,0.0184
038441c925bb,6763,2018-08-15T00:53:35-0400,-41.0196,0.0183
038441c925bb,6764,2018-08-15T00:53:40-0400,-41.1713,0.0184
038441c925bb,6765,2018-08-15T00:53:45-0400,-44.5665,0.023
038441c925bb,6766,2018-08-15T00:53:50-0400,-44.891,0.0225
038441c925bb,6767,2018-08-15T00:53:55-0400,-44.7933,0.0198
038441c925bb,6768,2018-08-15T00:54:00-0400,-44.7716,0.0198
038441c925bb,6769,2018-08-15T00:54:05-0400,-44.7607,0.02
038441c925bb,6770,2018-08-15T00:54:10-0400,-44.7227,0.0198
038441c925bb,6771,2018-08-15T00:54:15-0400,-44.6901,0.0203
038441c925bb,6772,2018-08-15T00:54:20-0400,-44.671,0.0205
038441c925bb,6773,2018-08-15T00:54:25-0400,-44.5303,0.0198
038441c925bb,6774,2018-08-15T00:54:30-0400,-44.6869,0.0203
038441c925bb,6775,2018-08-15T00:54:35-0400,-44.6742,0.0201
038441c925bb,6776,2018-08-15T00:54:40-0400,-44.6901,0.0205
038441c925bb,6777,2018-08-15T00:54:45-0400,-44.5847,0.0196
038441c925bb,6778,2018-08-15T00:54:50-0400,-44.5559,0.0203
038441c925bb,6779,2018-08-15T00:54:55-0400,-44.3975,0.0264
038441c925bb,6780,2018-08-15T00:55:00-0400,-44.4783,0.0194
038441c925bb,6781,2018-08-15T00:55:05-0400,-44.8952,0.0295
038441c925bb,6782,2018-08-15T00:55:10-0400,-31.5908,0.0751
038441c925bb,6783,2018-08-15T00:55:15-0400,-45.7473,0.1808
038441c925bb,6784,2018-08-15T00:55:20-0400,-57.2513,0.0811
038441c925bb,6785,2018-08-15T00:55:25-0400,-54.5529,0.0187
038441c925bb,6786,2018-08-15T00:55:30-0400,-53.8872,0.0158
038441c925bb,6787,2018-08-15T00:55:35-0400,-53.4536,0.0155
038441c925bb,6788,2018-08-15T00:55:40-0400,-53.4365,0.0158
038441c925bb,6789,2018-08-15T00:55:45-0400,-53.3757,0.0164
038441c925bb,6790,2018-08-15T00:55:50-0400,-53.3022,0.0164
038441c925bb,6791,2018-08-15T00:55:55-0400,-53.2291,0.0167
038441c925bb,6792,2018-08-15T00:56:00-0400,-66.1494,0.0419
038441c925bb,6793,2018-08-15T00:56:05-0400,-84.294,0.0142
038441c925bb,6794,2018-08-15T00:56:10-0400,-84.1924,0.0134
038441c925bb,6795,2018-08-15T00:56:15-0400,-84.1968,0.0137
038441c925bb,6796,2018-08-15T00:56:20-0400,-84.1555,0.0137
038441c925bb,6797,2018-08-15T00:56:25-0400,-84.0281,0.0135
038441c925bb,6798,2018-08-15T00:56:30-0400,-84.0147,0.0135
038441c925bb,6799,2018-08-15T00:56:35-0400,-84.0147,0.0134
038441c925bb,6800,2018-08-15T00:56:40-0400,-84.0147,0.0132
038441c925bb,6801,2018-08-15T00:56:45-0400,-84.0147,0.0135
038441c925bb,6802,2018-08-15T00:56:50-0400,-83.8941,0.0133
038441c925bb,6803,2018-08-15T00:56:55-0400,-83.903,0.0133
038441c925bb,6804,2018-08-15T00:57:00-0400,-83.9298,0.0134
038441c925bb,6805,2018-08-15T00:57:05-0400,-83.9388,0.0135
038441c925bb,6806,2018-08-15T00:57:10-0400,-83.836,0.0137
038441c925bb,6807,2018-08-15T00:57:15-0400,-83.8762,0.013
038441c925bb,6808,2018-08-15T00:57:20-0400,-83.7913,0.013
038441c925bb,6809,2018-08-15T00:57:25-0400,-83.7913,0.0132
038441c925bb,6810,2018-08-15T00:57:30-0400,-83.7913,0.0132
038441c925bb,6811,2018-08-15T00:57:35-0400,-83.7913,0.013
038441c925bb,6812,2018-08-15T00:57:40-0400,-83.7913,0.0128
038441c925bb,6813,2018-08-15T00:57:45-0400,-83.7827,0.0132
038441c925bb,6814,2018-08-15T00:57:50-0400,-83.7713,0.0131
038441c925bb,6815,2018-08-15T00:57:55-0400,-83.7902,0.0128
038441c925bb,6816,2018-08-15T00:58:00-0400,-83.7724,0.0132
038441c925bb,6817,2018-08-15T00:58:05-0400,-83.7627,0.0133
038441c925bb,6818,2018-08-15T00:58:10-0400,-83.7627,0.0131
038441c925bb,6819,2018-08-15T00:58:15-0400,-83.7627,0.0132
038441c925bb,6820,2018-08-15T00:58:20-0400,-83.7627,0.0134
038441c925bb,6821,2018-08-15T00:58:25-0400,-83.7627,0.0128
038441c925bb,6822,2018-08-15T00:58:30-0400,-83.7004,0.0129
038441c925bb,6823,2018-08-15T00:58:35-0400,-83.7627,0.0132
038441c925bb,6824,2018-08-15T00:58:40-0400,-83.7093,0.0136
038441c925bb,6825,2018-08-15T00:58:45-0400,-83.4383,0.0148
038441c925bb,6826,2018-08-15T00:58:50-0400,-78.5176,0.0145
038441c925bb,6827,2018-08-15T00:58:55-0400,-78.0786,0.0111
038441c925bb,6828,2018-08-15T00:59:00-0400,-78.0873,0.0112
038441c925bb,6829,2018-08-15T00:59:05-0400,-77.9851,0.0112
038441c925bb,6830,2018-08-15T00:59:10-0400,-77.937,0.0111
038441c925bb,6831,2018-08-15T00:59:15-0400,-77.9023,0.0109
038441c925bb,6832,2018-08-15T00:59:20-0400,-77.8407,0.0112
038441c925bb,6833,2018-08-15T00:59:25-0400,-77.8407,0.0113
038441c925bb,6834,2018-08-15T00:59:30-0400,-77.8407,0.0109
038441c925bb,6835,2018-08-15T00:59:35-0400,-77.8407,0.0111
038441c925bb,6836,2018-08-15T00:59:40-0400,-77.8407,0.011
038441c925bb,6837,2018-08-15T00:59:45-0400,-77.8407,0.0107
038441c925bb,6838,2018-08-15T00:59:50-0400,-77.8407,0.0108
038441c925bb,6839,2018-08-15T00:59:55-0400,-77.8407,0.0111
038441c925bb,6840,2018-08-15T01:00:00-0400,-77.8407,0.0111
038441c925bb,6841,2018-08-15T01:00:05-0400,-77.8407,0.0114
038441c925bb,6842,2018-08-15T01:00:10-0400,-77.8407,0.011
038441c925bb,6843,2018-08-15T01:00:15-0400,-77.8388,0.0109
038441c925bb,6844,2018-08-15T01:00:20-0400,-77.8049,0.0109
038441c925bb,6845,2018-08-15T01:00:25-0400,-77.8328,0.0111
038441c925bb,6846,2018-08-15T01:00:30-0400,-77.7412,0.0105
038441c925bb,6847,2018-08-15T01:00:35-0400,-77.5991,0.011
038441c925bb,6848,2018-08-15T01:00:40-0400,-77.6978,0.0109
038441c925bb,6849,2018-08-15T01:00:45-0400,-77.7412,0.0106
038441c925bb,6850,2018-08-15T01:00:50-0400,-77.7412,0.0108
038441c925bb,6851,2018-08-15T01:00:55-0400,-77.7412,0.0104
038441c925bb,6852,2018-08-15T01:01:00-0400,-77.7412,0.0107
038441c925bb,6853,2018-08-15T01:01:05-0400,-77.7412,0.0111
038441c925bb,6854,2018-08-15T01:01:10-0400,-77.6921,0.0109
038441c925bb,6855,2018-08-15T01:01:15-0400,-77.686,0.0106
038441c925bb,6856,2018-08-15T01:01:20-0400,-77.7412,0.0107
038441c925bb,6857,2018-08-15T01:01:25-0400,-77.7412,0.0108
038441c925bb,6858,2018-08-15T01:01:30-0400,-77.5833,0.0107
038441c925bb,6859,2018-08-15T01:01:35-0400,-77.6781,0.0112
038441c925bb,6860,2018-08-15T01:01:40-0400,-77.7412,0.0106
038441c925bb,6861,2018-08-15T01:01:45-0400,-77.7412,0.0105
038441c925bb,6862,2018-08-15T01:01:50-0400,-77.7412,0.011
038441c925bb,6863,2018-08-15T01:01:55-0400,-77.7691,0.0107
038441c925bb,6864,2018-08-15T01:02:00-0400,-77.8407,0.0105
038441c925bb,6865,2018-08-15T01:02:05-0400,-77.8407,0.0108
038441c925bb,6866,2018-08-15T01:02:10-0400,-77.7731,0.0108
038441c925bb,6867,2018-08-15T01:02:15-0400,-77.605,0.011
038441c925bb,6868,2018-08-15T01:02:20-0400,-77.6998,0.0107
038441c925bb,6869,2018-08-15T01:02:25-0400,-77.7412,0.0104
038441c925bb,6870,2018-08-15T01:02:30-0400,-77.6899,0.0109
038441c925bb,6871,2018-08-15T01:02:35-0400,-77.7097,0.0106
038441c925bb,6872,2018-08-15T01:02:40-0400,-77.7452,0.0108
038441c925bb,6873,2018-08-15T01:02:45-0400,-77.7412,0.0112
038441c925bb,6874,2018-08-15T01:02:50-0400,-77.7354,0.0108
038441c925bb,6875,2018-08-15T01:02:55-0400,-77.6426,0.0104
038441c925bb,6876,2018-08-15T01:03:00-0400,-77.5439,0.0113
038441c925bb,6877,2018-08-15T01:03:05-0400,-76.0743,0.014
038441c925bb,6878,2018-08-15T01:03:10-0400,-75.4103,0.0135
038441c925bb,6879,2018-08-15T01:03:15-0400,-75.3661,0.0135
038441c925bb,6880,2018-08-15T01:03:20-0400,-75.3661,0.0136
038441c925bb,6881,2018-08-15T01:03:25-0400,-75.3661,0.0135
038441c925bb,6882,2018-08-15T01:03:30-0400,-75.3661,0.0134
038441c925bb,6883,2018-08-15T01:03:35-0400,-75.3661,0.0135
038441c925bb,6884,2018-08-15T01:03:40-0400,-75.3661,0.0132
038441c925bb,6885,2018-08-15T01:03:45-0400,-75.3661,0.0134
038441c925bb,6886,2018-08-15T01:03:50-0400,-75.3661,0.0135
038441c925bb,6887,2018-08-15T01:03:55-0400,-75.3661,0.0135
038441c925bb,6888,2018-08-15T01:04:00-0400,-75.3498,0.0135
038441c925bb,6889,2018-08-15T01:04:05-0400,-75.3661,0.0134
038441c925bb,6890,2018-08-15T01:04:10-0400,-75.3661,0.0133
038441c925bb,6891,2018-08-15T01:04:15-0400,-75.3661,0.0134
038441c925bb,6892,2018-08-15T01:04:20-0400,-75.3661,0.0137
038441c925bb,6893,2018-08-15T01:04:25-0400,-75.3661,0.0136
038441c925bb,6894,2018-08-15T01:04:30-0400,-75.3661,0.0136
038441c925bb,6895,2018-08-15T01:04:35-0400,-75.3661,0.0138
038441c925bb,6896,2018-08-15T01:04:40-0400,-75.2765,0.0135
038441c925bb,6897,2018-08-15T01:04:45-0400,-75.2683,0.0136
038441c925bb,6898,2018-08-15T01:04:50-0400,-75.1869,0.0137
038441c925bb,6899,2018-08-15T01:04:55-0400,-75.1665,0.0137
038441c925bb,6900,2018-08-15T01:05:00-0400,-75.3376,0.0136
038441c925bb,6901,2018-08-15T01:05:05-0400,-75.195,0.0136
038441c925bb,6902,2018-08-15T01:05:10-0400,-75.3265,0.0142
038441c925bb,6903,2018-08-15T01:05:15-0400,-74.6922,0.0152
038441c925bb,6904,2018-08-15T01:05:20-0400,-74.5579,0.0156
038441c925bb,6905,2018-08-15T01:05:25-0400,-74.5579,0.0155
038441c925bb,6906,2018-08-15T01:05:30-0400,-74.5579,0.0159
038441c925bb,6907,2018-08-15T01:05:35-0400,-74.5579,0.0156
038441c925bb,6908,2018-08-15T01:05:40-0400,-74.5579,0.0155
038441c925bb,6909,2018-08-15T01:05:45-0400,-74.5579,0.0155
038441c925bb,6910,2018-08-15T01:05:50-0400,-74.5579,0.0155
038441c925bb,6911,2018-08-15T01:05:55-0400,-74.5579,0.0155
038441c925bb,6912,2018-08-15T01:06:00-0400,-74.5579,0.0159
038441c925bb,6913,2018-08-15T01:06:05-0400,-74.5579,0.0156
038441c925bb,6914,2018-08-15T01:06:10-0400,-74.4576,0.0155
038441c925bb,6915,2018-08-15T01:06:15-0400,-74.4432,0.0156
038441c925bb,6916,2018-08-15T01:06:20-0400,-74.4277,0.0158
038441c925bb,6917,2018-08-15T01:06:25-0400,-74.5781,0.0156
038441c925bb,6918,2018-08-15T01:06:30-0400,-74.544,0.0156
038441c925bb,6919,2018-08-15T01:06:35-0400,-74.2307,0.0162
038441c925bb,6920,2018-08-15T01:06:40-0400,-72.0069,0.0196
038441c925bb,6921,2018-08-15T01:06:45-0400,-37.5832,0.0934
038441c925bb,6922,2018-08-15T01:06:50-0400,-68.0867,0.0257
038441c925bb,6923,2018-08-15T01:06:55-0400,-64.0836,0.0114
038441c925bb,6924,2018-08-15T01:07:00-0400,-64.0105,0.0115
038441c925bb,6925,2018-08-15T01:07:05-0400,-63.956,0.0117
038441c925bb,6926,2018-08-15T01:07:10-0400,-63.8749,0.0116
038441c925bb,6927,2018-08-15T01:07:15-0400,-63.611,0.0118
038441c925bb,6928,2018-08-15T01:07:20-0400,-63.6431,0.0119
038441c925bb,6929,2018-08-15T01:07:25-0400,-63.7219,0.0116
038441c925bb,6930,2018-08-15T01:07:30-0400,-63.6958,0.012
038441c925bb,6931,2018-08-15T01:07:35-0400,-63.7173,0.0117
038441c925bb,6932,2018-08-15T01:07:40-0400,-63.6537,0.012
038441c925bb,6933,2018-08-15T01:07:45-0400,-63.6818,0.0119
038441c925bb,6934,2018-08-15T01:07:50-0400,-63.7566,0.0123
038441c925bb,6935,2018-08-15T01:07:55-0400,-63.6818,0.0121
038441c925bb,6936,2018-08-15T01:08:00-0400,-63.6537,0.0121
038441c925bb,6937,2018-08-15T01:08:05-0400,-63.6054,0.012
038441c925bb,6938,2018-08-15T01:08:10-0400,-63.4135,0.0131
038441c925bb,6939,2018-08-15T01:08:15-0400,-63.3763,0.0137
038441c925bb,6940,2018-08-15T01:08:20-0400,-63.3309,0.0135
038441c925bb,6941,2018-08-15T01:08:25-0400,-63.2912,0.0141
038441c925bb,6942,2018-08-15T01:08:30-0400,-63.5535,0.0137
038441c925bb,6943,2018-08-15T01:08:35-0400,-63.4758,0.0144
038441c925bb,6944,2018-08-15T01:08:40-0400,-63.5031,0.0138
038441c925bb,6945,2018-08-15T01:08:45-0400,-63.329,0.0144
038441c925bb,6946,2018-08-15T01:08:50-0400,-63.2088,0.014
038441c925bb,6947,2018-08-15T01:08:55-0400,-63.1251,0.0137
038441c925bb,6948,2018-08-15T01:09:00-0400,-63.2636,0.014
038441c925bb,6949,2018-08-15T01:09:05-0400,-63.4271,0.0141
038441c925bb,6950,2018-08-15T01:09:10-0400,-63.4796,0.0138
038441c925bb,6951,2018-08-15T01:09:15-0400,-63.3441,0.0141
038441c925bb,6952,2018-08-15T01:09:20-0400,-63.0659,0.0139
038441c925bb,6953,2018-08-15T01:09:25-0400,-63.9789,0.0264
038441c925bb,6954,2018-08-15T01:09:30-0400,-67.9549,0.0124
038441c925bb,6955,2018-08-15T01:09:35-0400,-67.997,0.0136
038441c925bb,6956,2018-08-15T01:09:40-0400,-67.9675,0.0136
038441c925bb,6957,2018-08-15T01:09:45-0400,-67.9445,0.0138
038441c925bb,6958,2018-08-15T01:09:50-0400,-67.9458,0.0141
038441c925bb,6959,2018-08-15T01:09:55-0400,-67.947,0.014
038441c925bb,6960,2018-08-15T01:10:00-0400,-67.9133,0.0141
038441c925bb,6961,2018-08-15T01:10:05-0400,-67.9,0.014
038441c925bb,6962,2018-08-15T01:10:10-0400,-67.9426,0.0141
038441c925bb,6963,2018-08-15T01:10:15-0400,-67.893,0.0139
038441c925bb,6964,2018-08-15T01:10:20-0400,-68.1111,0.0134
038441c925bb,6965,2018-08-15T01:10:25-0400,-68.1427,0.0136
038441c925bb,6966,2018-08-15T01:10:30-0400,-68.1502,0.0138
038441c925bb,6967,2018-08-15T01:10:35-0400,-68.135,0.0142
038441c925bb,6968,2018-08-15T01:10:40-0400,-68.0674,0.0137
038441c925bb,6969,2018-08-15T01:10:45-0400,-68.1464,0.0141
038441c925bb,6970,2018-08-15T01:10:50-0400,-68.2809,0.0141
038441c925bb,6971,2018-08-15T01:10:55-0400,-68.269,0.0135
038441c925bb,6972,2018-08-15T01:11:00-0400,-68.2319,0.0136
038441c925bb,6973,2018-08-15T01:11:05-0400,-67.4144,0.0193
038441c925bb,6974,2018-08-15T01:11:10-0400,-63.9267,0.0207
038441c925bb,6975,2018-08-15T01:11:15-0400,-64.1596,0.0165
038441c925bb,6976,2018-08-15T01:11:20-0400,-64.3025,0.0163
038441c925bb,6977,2018-08-15T01:11:25-0400,-64.3025,0.0163
038441c925bb,6978,2018-08-15T01:11:30-0400,-64.3552,0.0165
038441c925bb,6979,2018-08-15T01:11:35-0400,-64.3982,0.0165
038441c925bb,6980,2018-08-15T01:11:40-0400,-64.3806,0.0163
038441c925bb,6981,2018-08-15T01:11:45-0400,-64.3982,0.0165
038441c925bb,6982,2018-08-15T01:11:50-0400,-64.3767,0.0164
038441c925bb,6983,2018-08-15T01:11:55-0400,-64.4669,0.017
038441c925bb,6984,2018-08-15T01:12:00-0400,-12.0529,0.0337
038441c925bb,6985,2018-08-15T01:12:05-0400,17.1755,0.0
038441c925bb,6986,2018-08-15T01:12:10-0400,18.997,0.0
038441c925bb,6987,2018-08-15T01:12:15-0400,19.6406,0.0
038441c925bb,6988,2018-08-15T01:12:20-0400,20.0203,0.0
038441c925bb,6989,2018-08-15T01:12:25-0400,20.1021,0.0
038441c925bb,6990,2018-08-15T01:12:30-0400,20.237,0.0
038441c925bb,6991,2018-08-15T01:12:35-0400,20.0545,0.0058
038441c925bb,6992,2018-08-15T01:12:40-0400,1.1085,0.0247
038441c925bb,6993,2018-08-15T01:12:45-0400,-27.9643,0.0583
038441c925bb,6994,2018-08-15T01:12:50-0400,-71.0504,0.005
038441c925bb,6995,2018-08-15T01:12:55-0400,-71.1827,0.0048
038441c925bb,6996,2018-08-15T01:13:00-0400,-71.2661,0.0051
038441c925bb,6997,2018-08-15T01:13:05-0400,-71.259,0.0046
038441c925bb,6998,2018-08-15T01:13:10-0400,-71.3003,0.0048
038441c925bb,6999,2018-08-15T01:13:15-0400,-71.269,0.0047
038441c925bb,7000,2018-08-15T01:13:20-0400,-71.2358,0.0046
038441c925bb,7001,2018-08-15T01:13:25-0400,-71.3385,0.0044
038441c925bb,7002,2018-08-15T01:13:30-0400,-71.2961,0.0045
038441c925bb,7003,2018-08-15T01:13:35-0400,-71.3107,0.0045
038441c925bb,7004,2018-08-15T01:13:40-0400,-71.2584,0.0047
038441c925bb,7005,2018-08-15T01:13:45-0400,-71.2077,0.0045
038441c925bb,7006,2018-08-15T01:13:50-0400,-71.2636,0.0049
038441c925bb,7007,2018-08-15T01:13:55-0400,-71.2969,0.0044
038441c925bb,7008,2018-08-15T01:14:00-0400,-71.3056,0.0046
038441c925bb,7009,2018-08-15T01:14:05-0400,-71.2405,0.0037
038441c925bb,7010,2018-08-15T01:14:10-0400,-71.3654,0.0045
038441c925bb,7011,2018-08-15T01:14:15-0400,-71.2725,0.0044
038441c925bb,7012,2018-08-15T01:14:20-0400,-71.4099,0.0044
038441c925bb,7013,2018-08-15T01:14:25-0400,-71.4172,0.0044
038441c925bb,7014,2018-08-15T01:14:30-0400,-71.4143,0.0042
038441c925bb,7015,2018-08-15T01:14:35-0400,-71.4513,0.0042
038441c925bb,7016,2018-08-15T01:14:40-0400,-71.4663,0.0044
038441c925bb,7017,2018-08-15T01:14:45-0400,-71.492,0.0041
038441c925bb,7018,2018-08-15T01:14:50-0400,-71.5282,0.0044
038441c925bb,7019,2018-08-15T01:14:55-0400,-71.4731,0.0044
038441c925bb,7020,2018-08-15T01:15:00-0400,-71.3939,0.0046
038441c925bb,7021,2018-08-15T01:15:05-0400,-71.4143,0.0044
038441c925bb,7022,2018-08-15T01:15:10-0400,-71.3261,0.0043
038441c925bb,7023,2018-08-15T01:15:15-0400,-71.3925,0.0045
038441c925bb,7024,2018-08-15T01:15:20-0400,-71.3808,0.0044
038441c925bb,7025,2018-08-15T01:15:25-0400,-71.4434,0.0046
038441c925bb,7026,2018-08-15T01:15:30-0400,-71.4099,0.0047
038441c925bb,7027,2018-08-15T01:15:35-0400,-71.4056,0.0042
038441c925bb,7028,2018-08-15T01:15:40-0400,-71.3773,0.0044
038441c925bb,7029,2018-08-15T01:15:45-0400,-71.3735,0.0041
038441c925bb,7030,2018-08-15T01:15:50-0400,-71.3677,0.0039
038441c925bb,7031,2018-08-15T01:15:55-0400,-71.399,0.0046
038441c925bb,7032,2018-08-15T01:16:00-0400,-71.3336,0.0043
038441c925bb,7033,2018-08-15T01:16:05-0400,-71.2941,0.0044
038441c925bb,7034,2018-08-15T01:16:10-0400,-71.3567,0.0046
038441c925bb,7035,2018-08-15T01:16:15-0400,-71.3014,0.0048
038441c925bb,7036,2018-08-15T01:16:20-0400,-71.3735,0.0043
038441c925bb,7037,2018-08-15T01:16:25-0400,-71.3299,0.0049
038441c925bb,7038,2018-08-15T01:16:30-0400,-71.4034,0.0045
038441c925bb,7039,2018-08-15T01:16:35-0400,-71.3968,0.0047
038441c925bb,7040,2018-08-15T01:16:40-0400,-71.2933,0.0044
038441c925bb,7041,2018-08-15T01:16:45-0400,-71.3256,0.0042
038441c925bb,7042,2018-08-15T01:16:50-0400,-71.4012,0.0047
038441c925bb,7043,2018-08-15T01:16:55-0400,-71.4449,0.0048
038441c925bb,7044,2018-08-15T01:17:00-0400,-71.3423,0.0051
038441c925bb,7045,2018-08-15T01:17:05-0400,-71.3358,0.0049
038441c925bb,7046,2018-08-15T01:17:10-0400,-71.3358,0.0048
038441c925bb,7047,2018-08-15T01:17:15-0400,-71.3358,0.0048
038441c925bb,7048,2018-08-15T01:17:20-0400,-71.3329,0.0046
038441c925bb,7049,2018-08-15T01:17:25-0400,-71.2627,0.0047
038441c925bb,7050,2018-08-15T01:17:30-0400,-71.2773,0.0049
038441c925bb,7051,2018-08-15T01:17:35-0400,-71.3271,0.0045
038441c925bb,7052,2018-08-15T01:17:40-0400,-71.3902,0.0049
038441c925bb,7053,2018-08-15T01:17:45-0400,-71.552,0.005
038441c925bb,7054,2018-08-15T01:17:50-0400,-71.552,0.0052
038441c925bb,7055,2018-08-15T01:17:55-0400,-71.552,0.0054
038441c925bb,7056,2018-08-15T01:18:00-0400,-71.552,0.0051
038441c925bb,7057,2018-08-15T01:18:05-0400,-71.5413,0.0053
038441c925bb,7058,2018-08-15T01:18:10-0400,-71.4963,0.0055
038441c925bb,7059,2018-08-15T01:18:15-0400,-71.4449,0.0049
038441c925bb,7060,2018-08-15T01:18:20-0400,-71.4513,0.0047
038441c925bb,7061,2018-08-15T01:18:25-0400,-71.4513,0.0047
038441c925bb,7062,2018-08-15T01:18:30-0400,-71.4449,0.0048
038441c925bb,7063,2018-08-15T01:18:35-0400,-71.4449,0.0052
038441c925bb,7064,2018-08-15T01:18:40-0400,-71.4449,0.0053
038441c925bb,7065,2018-08-15T01:18:45-0400,-71.4749,0.0054
038441c925bb,7066,2018-08-15T01:18:50-0400,-71.4749,0.0051
038441c925bb,7067,2018-08-15T01:18:55-0400,-71.537,0.0048
038441c925bb,7068,2018-08-15T01:19:00-0400,-71.4597,0.0049
038441c925bb,7069,2018-08-15T01:19:05-0400,-71.5242,0.0047
038441c925bb,7070,2018-08-15T01:19:10-0400,-71.552,0.0053
038441c925bb,7071,2018-08-15T01:19:15-0400,-71.552,0.0053
038441c925bb,7072,2018-08-15T01:19:20-0400,-71.5499,0.0049
038441c925bb,7073,2018-08-15T01:19:25-0400,-71.552,0.0049
038441c925bb,7074,2018-08-15T01:19:30-0400,-71.552,0.0052
038441c925bb,7075,2018-08-15T01:19:35-0400,-71.552,0.0052
038441c925bb,7076,2018-08-15T01:19:40-0400,-71.552,0.005
038441c925bb,7077,2018-08-15T01:19:45-0400,-71.552,0.0053
038441c925bb,7078,2018-08-15T01:19:50-0400,-71.5306,0.0051
038441c925bb,7079,2018-08-15T01:19:55-0400,-71.4727,0.005
038441c925bb,7080,2018-08-15T01:20:00-0400,-71.4877,0.0054
038441c925bb,7081,2018-08-15T01:20:05-0400,-71.552,0.0054
038441c925bb,7082,2018-08-15T01:20:10-0400,-71.4685,0.0051
038441c925bb,7083,2018-08-15T01:20:15-0400,-71.4792,0.0052
038441c925bb,7084,2018-08-15T01:20:20-0400,-71.507,0.0051
038441c925bb,7085,2018-08-15T01:20:25-0400,-71.5349,0.0055
038441c925bb,7086,2018-08-15T01:20:30-0400,-71.4599,0.0057
038441c925bb,7087,2018-08-15T01:20:35-0400,-71.4449,0.0053
038441c925bb,7088,2018-08-15T01:20:40-0400,-71.5327,0.0051
038441c925bb,7089,2018-08-15T01:20:45-0400,-71.4492,0.0055
038441c925bb,7090,2018-08-15T01:20:50-0400,-71.4449,0.005
038441c925bb,7091,2018-08-15T01:20:55-0400,-71.4898,0.0052
038441c925bb,7092,2018-08-15T01:21:00-0400,-71.5192,0.0055
038441c925bb,7093,2018-08-15T01:21:05-0400,-71.447,0.0053
038441c925bb,7094,2018-08-15T01:21:10-0400,-71.4449,0.0051
038441c925bb,7095,2018-08-15T01:21:15-0400,-71.4449,0.005
038441c925bb,7096,2018-08-15T01:21:20-0400,-71.485,0.0049
038441c925bb,7097,2018-08-15T01:21:25-0400,-71.5477,0.0055
038441c925bb,7098,2018-08-15T01:21:30-0400,-71.4513,0.0054
038441c925bb,7099,2018-08-15T01:21:35-0400,-71.4449,0.0051
038441c925bb,7100,2018-08-15T01:21:40-0400,-71.4449,0.005
038441c925bb,7101,2018-08-15T01:21:45-0400,-71.4486,0.005
038441c925bb,7102,2018-08-15T01:21:50-0400,-71.4449,0.0051
038441c925bb,7103,2018-08-15T01:21:55-0400,-71.5683,0.0049
038441c925bb,7104,2018-08-15T01:22:00-0400,-71.5338,0.0051
038441c925bb,7105,2018-08-15T01:22:05-0400,-71.5199,0.0051
038441c925bb,7106,2018-08-15T01:22:10-0400,-71.5347,0.0053
038441c925bb,7107,2018-08-15T01:22:15-0400,-71.4524,0.0054
038441c925bb,7108,2018-08-15T01:22:20-0400,-71.491,0.0056
038441c925bb,7109,2018-08-15T01:22:25-0400,-71.5384,0.0054
038441c925bb,7110,2018-08-15T01:22:30-0400,-71.6949,0.0054
038441c925bb,7111,2018-08-15T01:22:35-0400,-71.6514,0.0058
038441c925bb,7112,2018-08-15T01:22:40-0400,-71.6319,0.0059
038441c925bb,7113,2018-08-15T01:22:45-0400,-71.6692,0.0056
038441c925bb,7114,2018-08-15T01:22:50-0400,-71.6792,0.006
038441c925bb,7115,2018-08-15T01:22:55-0400,-71.6649,0.0057
038441c925bb,7116,2018-08-15T01:23:00-0400,-71.6319,0.0055
038441c925bb,7117,2018-08-15T01:23:05-0400,-71.587,0.0058
038441c925bb,7118,2018-08-15T01:23:10-0400,-71.6079,0.0052
038441c925bb,7119,2018-08-15T01:23:15-0400,-71.6319,0.0056
038441c925bb,7120,2018-08-15T01:23:20-0400,-71.6319,0.0055
038441c925bb,7121,2018-08-15T01:23:25-0400,-71.6319,0.0059
038441c925bb,7122,2018-08-15T01:23:30-0400,-71.5982,0.0057
038441c925bb,7123,2018-08-15T01:23:35-0400,-71.6319,0.0052
038441c925bb,7124,2018-08-15T01:23:40-0400,-71.6319,0.006
038441c925bb,7125,2018-08-15T01:23:45-0400,-71.6319,0.006
038441c925bb,7126,2018-08-15T01:23:50-0400,-71.6434,0.0057
038441c925bb,7127,2018-08-15T01:23:55-0400,-71.6319,0.0058
038441c925bb,7128,2018-08-15T01:24:00-0400,-71.6533,0.006
038441c925bb,7129,2018-08-15T01:24:05-0400,-71.6319,0.0054
038441c925bb,7130,2018-08-15T01:24:10-0400,-71.6319,0.0057
038441c925bb,7131,2018-08-15T01:24:15-0400,-71.6319,0.0056
038441c925bb,7132,2018-08-15T01:24:20-0400,-71.6419,0.0058
038441c925bb,7133,2018-08-15T01:24:25-0400,-71.7036,0.0056
038441c925bb,7134,2018-08-15T01:24:30-0400,-71.6477,0.0058
038441c925bb,7135,2018-08-15T01:24:35-0400,-71.6319,0.0056
038441c925bb,7136,2018-08-15T01:24:40-0400,-71.6319,0.0054
038441c925bb,7137,2018-08-15T01:24:45-0400,-71.6514,0.0054
038441c925bb,7138,2018-08-15T01:24:50-0400,-71.6406,0.0053
038441c925bb,7139,2018-08-15T01:24:55-0400,-71.6319,0.0056
038441c925bb,7140,2018-08-15T01:25:00-0400,-71.6591,0.0058
038441c925bb,7141,2018-08-15T01:25:05-0400,-71.6405,0.0056
038441c925bb,7142,2018-08-15T01:25:10-0400,-71.6319,0.0054
038441c925bb,7143,2018-08-15T01:25:15-0400,-71.6319,0.0057
038441c925bb,7144,2018-08-15T01:25:20-0400,-71.6319,0.0052
038441c925bb,7145,2018-08-15T01:25:25-0400,-71.6319,0.0056
038441c925bb,7146,2018-08-15T01:25:30-0400,-71.6319,0.0057
038441c925bb,7147,2018-08-15T01:25:35-0400,-71.6319,0.0055
038441c925bb,7148,2018-08-15T01:25:40-0400,-71.6319,0.0056
038441c925bb,7149,2018-08-15T01:25:45-0400,-72.2145,0.0069
038441c925bb,7150,2018-08-15T01:25:50-0400,-71.4376,0.047
038441c925bb,7151,2018-08-15T01:25:55-0400,-63.2612,0.0206
038441c925bb,7152,2018-08-15T01:26:00-0400,-63.6055,0.019
038441c925bb,7153,2018-08-15T01:26:05-0400,-63.7843,0.0183
038441c925bb,7154,2018-08-15T01:26:10-0400,-62.9853,0.0194
038441c925bb,7155,2018-08-15T01:26:15-0400,-63.6381,0.0185
038441c925bb,7156,2018-08-15T01:26:20-0400,-63.927,0.0182
038441c925bb,7157,2018-08-15T01:26:25-0400,-64.016,0.0183
038441c925bb,7158,2018-08-15T01:26:30-0400,-63.9432,0.0182
038441c925bb,7159,2018-08-15T01:26:35-0400,-63.7009,0.0188
038441c925bb,7160,2018-08-15T01:26:40-0400,-63.7735,0.0184
038441c925bb,7161,2018-08-15T01:26:45-0400,-63.8339,0.0188
038441c925bb,7162,2018-08-15T01:26:50-0400,-63.8352,0.0189
038441c925bb,7163,2018-08-15T01:26:55-0400,-63.8339,0.0186
038441c925bb,7164,2018-08-15T01:27:00-0400,-63.7331,0.0188
038441c925bb,7165,2018-08-15T01:27:05-0400,-63.707,0.0189
038441c925bb,7166,2018-08-15T01:27:10-0400,-63.8353,0.0187
038441c925bb,7167,2018-08-15T01:27:15-0400,-63.6444,0.0191
038441c925bb,7168,2018-08-15T01:27:20-0400,-63.6329,0.0189
038441c925bb,7169,2018-08-15T01:27:25-0400,-63.6849,0.0189
038441c925bb,7170,2018-08-15T01:27:30-0400,-63.6341,0.0191
038441c925bb,7171,2018-08-15T01:27:35-0400,-63.6469,0.0185
038441c925bb,7172,2018-08-15T01:27:40-0400,-63.635,0.019
038441c925bb,7173,2018-08-15T01:27:45-0400,-63.635,0.019
038441c925bb,7174,2018-08-15T01:27:50-0400,-63.635,0.019
038441c925bb,7175,2018-08-15T01:27:55-0400,-63.635,0.0189
038441c925bb,7176,2018-08-15T01:28:00-0400,-63.635,0.0191
038441c925bb,7177,2018-08-15T01:28:05-0400,-63.6341,0.0191
038441c925bb,7178,2018-08-15T01:28:10-0400,-63.6323,0.0192
038441c925bb,7179,2018-08-15T01:28:15-0400,-63.5911,0.0189
038441c925bb,7180,2018-08-15T01:28:20-0400,-63.4541,0.0193
038441c925bb,7181,2018-08-15T01:28:25-0400,-63.3333,0.0192
038441c925bb,7182,2018-08-15T01:28:30-0400,-63.3334,0.0189
038441c925bb,7183,2018-08-15T01:28:35-0400,-63.4823,0.0191
038441c925bb,7184,2018-08-15T01:28:40-0400,-63.635,0.019
038441c925bb,7185,2018-08-15T01:28:45-0400,-63.631,0.0192
038441c925bb,7186,2018-08-15T01:28:50-0400,-63.5227,0.019
038441c925bb,7187,2018-08-15T01:28:55-0400,-63.5368,0.0191
038441c925bb,7188,2018-08-15T01:29:00-0400,-63.3979,0.019
038441c925bb,7189,2018-08-15T01:29:05-0400,-63.3334,0.0193
038441c925bb,7190,2018-08-15T01:29:10-0400,-63.4823,0.0193
038441c925bb,7191,2018-08-15T01:29:15-0400,-63.5509,0.0189
038441c925bb,7192,2018-08-15T01:29:20-0400,-63.3334,0.0192
038441c925bb,7193,2018-08-15T01:29:25-0400,-63.3334,0.0187
038441c925bb,7194,2018-08-15T01:29:30-0400,-63.3334,0.0192
038441c925bb,7195,2018-08-15T01:29:35-0400,-63.3294,0.0189
038441c925bb,7196,2018-08-15T01:29:40-0400,-63.3334,0.019
038441c925bb,7197,2018-08-15T01:29:45-0400,-63.3334,0.0189
038441c925bb,7198,2018-08-15T01:29:50-0400,-63.3334,0.0187
038441c925bb,7199,2018-08-15T01:29:55-0400,-63.3334,0.0189
038441c925bb,7200,2018-08-15T01:30:00-0400,-63.3334,0.0189
038441c925bb,7201,2018-08-15T01:30:05-0400,-63.3334,0.019
038441c925bb,7202,2018-08-15T01:30:10-0400,-63.3334,0.0189
038441c925bb,7203,2018-08-15T01:30:15-0400,-63.3214,0.0187
038441c925bb,7204,2018-08-15T01:30:20-0400,-63.3133,0.0186
038441c925bb,7205,2018-08-15T01:30:25-0400,-63.3174,0.0189
038441c925bb,7206,2018-08-15T01:30:30-0400,-63.3334,0.019
038441c925bb,7207,2018-08-15T01:30:35-0400,-63.3334,0.0191
038441c925bb,7208,2018-08-15T01:30:40-0400,-63.3334,0.0188
038441c925bb,7209,2018-08-15T01:30:45-0400,-63.3334,0.0188
038441c925bb,7210,2018-08-15T01:30:50-0400,-63.3133,0.0188
038441c925bb,7211,2018-08-15T01:30:55-0400,-63.1768,0.0188
038441c925bb,7212,2018-08-15T01:31:00-0400,-63.2815,0.0191
038441c925bb,7213,2018-08-15T01:31:05-0400,-63.3182,0.0187
038441c925bb,7214,2018-08-15T01:31:10-0400,-63.3263,0.0188
038441c925bb,7215,2018-08-15T01:31:15-0400,-63.3343,0.0186
038441c925bb,7216,2018-08-15T01:31:20-0400,-63.3343,0.0187
038441c925bb,7217,2018-08-15T01:31:25-0400,-63.2781,0.0188
038441c925bb,7218,2018-08-15T01:31:30-0400,-63.2259,0.0187
038441c925bb,7219,2018-08-15T01:31:35-0400,-63.3182,0.0188
038441c925bb,7220,2018-08-15T01:31:40-0400,-63.3343,0.0186
038441c925bb,7221,2018-08-15T01:31:45-0400,-63.3182,0.0187
038441c925bb,7222,2018-08-15T01:31:50-0400,-63.3343,0.0189
038441c925bb,7223,2018-08-15T01:31:55-0400,-63.3343,0.0186
038441c925bb,7224,2018-08-15T01:32:00-0400,-63.3343,0.0185
038441c925bb,7225,2018-08-15T01:32:05-0400,-63.2821,0.0184
038441c925bb,7226,2018-08-15T01:32:10-0400,-63.3343,0.0187
038441c925bb,7227,2018-08-15T01:32:15-0400,-63.266,0.0186
038441c925bb,7228,2018-08-15T01:32:20-0400,-63.2219,0.0184
038441c925bb,7229,2018-08-15T01:32:25-0400,-63.246,0.0188
038441c925bb,7230,2018-08-15T01:32:30-0400,-63.1815,0.0188
038441c925bb,7231,2018-08-15T01:32:35-0400,-62.9619,0.0188
038441c925bb,7232,2018-08-15T01:32:40-0400,-63.1295,0.0189
038441c925bb,7233,2018-08-15T01:32:45-0400,-63.0749,0.0186
038441c925bb,7234,2018-08-15T01:32:50-0400,-62.9448,0.0188
038441c925bb,7235,2018-08-15T01:32:55-0400,-62.6872,0.019
038441c925bb,7236,2018-08-15T01:33:00-0400,-62.7231,0.0191
038441c925bb,7237,2018-08-15T01:33:05-0400,-62.6832,0.0191
038441c925bb,7238,2018-08-15T01:33:10-0400,-62.7191,0.0193
038441c925bb,7239,2018-08-15T01:33:15-0400,-62.5745,0.0188
038441c925bb,7240,2018-08-15T01:33:20-0400,-62.7032,0.0196
038441c925bb,7241,2018-08-15T01:33:25-0400,-62.7471,0.0196
038441c925bb,7242,2018-08-15T01:33:30-0400,-62.631,0.0191
038441c925bb,7243,2018-08-15T01:33:35-0400,-62.7071,0.0192
038441c925bb,7244,2018-08-15T01:33:40-0400,-62.6153,0.0191
038441c925bb,7245,2018-08-15T01:33:45-0400,-62.6208,0.0192
038441c925bb,7246,2018-08-15T01:33:50-0400,-62.6291,0.0187
038441c925bb,7247,2018-08-15T01:33:55-0400,-62.6512,0.0194
038441c925bb,7248,2018-08-15T01:34:00-0400,-62.6233,0.0192
038441c925bb,7249,2018-08-15T01:34:05-0400,-62.5442,0.0188
038441c925bb,7250,2018-08-15T01:34:10-0400,-62.625,0.0193
038441c925bb,7251,2018-08-15T01:34:15-0400,-62.3096,0.019
038441c925bb,7252,2018-08-15T01:34:20-0400,-61.9389,0.0197
038441c925bb,7253,2018-08-15T01:34:25-0400,-61.9273,0.0193
038441c925bb,7254,2018-08-15T01:34:30-0400,-62.0278,0.0194
038441c925bb,7255,2018-08-15T01:34:35-0400,-61.9791,0.0191
038441c925bb,7256,2018-08-15T01:34:40-0400,-61.9907,0.0196
038441c925bb,7257,2018-08-15T01:34:45-0400,-62.0289,0.0194
038441c925bb,7258,2018-08-15T01:34:50-0400,-61.9354,0.0193
038441c925bb,7259,2018-08-15T01:34:55-0400,-61.7984,0.0197
038441c925bb,7260,2018-08-15T01:35:00-0400,-61.8227,0.0196
038441c925bb,7261,2018-08-15T01:35:05-0400,-61.7437,0.0195
038441c925bb,7262,2018-08-15T01:35:10-0400,-61.8585,0.0195
038441c925bb,7263,2018-08-15T01:35:15-0400,-61.7667,0.0194
038441c925bb,7264,2018-08-15T01:35:20-0400,-61.6757,0.0195
038441c925bb,7265,2018-08-15T01:35:25-0400,-61.7747,0.0192
038441c925bb,7266,2018-08-15T01:35:30-0400,-61.7786,0.0192
038441c925bb,7267,2018-08-15T01:35:35-0400,-61.6835,0.0192
038441c925bb,7268,2018-08-15T01:35:40-0400,-61.6756,0.0195
038441c925bb,7269,2018-08-15T01:35:45-0400,-61.6756,0.0192
038441c925bb,7270,2018-08-15T01:35:50-0400,-61.6799,0.0193
038441c925bb,7271,2018-08-15T01:35:55-0400,-61.7588,0.0195
038441c925bb,7272,2018-08-15T01:36:00-0400,-61.6915,0.0194
038441c925bb,7273,2018-08-15T01:36:05-0400,-61.7033,0.0192
038441c925bb,7274,2018-08-15T01:36:10-0400,-61.6756,0.0194
038441c925bb,7275,2018-08-15T01:36:15-0400,-61.6788,0.0196
038441c925bb,7276,2018-08-15T01:36:20-0400,-61.8064,0.0193
038441c925bb,7277,2018-08-15T01:36:25-0400,-61.739,0.0195
038441c925bb,7278,2018-08-15T01:36:30-0400,-61.6756,0.0199
038441c925bb,7279,2018-08-15T01:36:35-0400,-61.6756,0.0195
038441c925bb,7280,2018-08-15T01:36:40-0400,-61.6756,0.0201
038441c925bb,7281,2018-08-15T01:36:45-0400,-61.6915,0.0193
038441c925bb,7282,2018-08-15T01:36:50-0400,-61.7194,0.0192
038441c925bb,7283,2018-08-15T01:36:55-0400,-61.6756,0.0196
038441c925bb,7284,2018-08-15T01:37:00-0400,-61.6756,0.0195
038441c925bb,7285,2018-08-15T01:37:05-0400,-61.7152,0.0195
038441c925bb,7286,2018-08-15T01:37:10-0400,-61.7826,0.0196
038441c925bb,7287,2018-08-15T01:37:15-0400,-61.8253,0.0194
038441c925bb,7288,2018-08-15T01:37:20-0400,-61.6754,0.0199
038441c925bb,7289,2018-08-15T01:37:25-0400,-61.6745,0.0197
038441c925bb,7290,2018-08-15T01:37:30-0400,-61.6366,0.0199
038441c925bb,7291,2018-08-15T01:37:35-0400,-61.4466,0.0195
038441c925bb,7292,2018-08-15T01:37:40-0400,-61.4267,0.0194
038441c925bb,7293,2018-08-15T01:37:45-0400,-61.4473,0.0193
038441c925bb,7294,2018-08-15T01:37:50-0400,-61.6756,0.0195
038441c925bb,7295,2018-08-15T01:37:55-0400,-61.6756,0.0194
038441c925bb,7296,2018-08-15T01:38:00-0400,-61.6756,0.0196
038441c925bb,7297,2018-08-15T01:38:05-0400,-61.6756,0.0195
038441c925bb,7298,2018-08-15T01:38:10-0400,-61.6756,0.0196
038441c925bb,7299,2018-08-15T01:38:15-0400,-61.6756,0.0201
038441c925bb,7300,2018-08-15T01:38:20-0400,-61.6638,0.0201
038441c925bb,7301,2018-08-15T01:38:25-0400,-61.417,0.0194
038441c925bb,7302,2018-08-15T01:38:30-0400,-61.4647,0.0191
038441c925bb,7303,2018-08-15T01:38:35-0400,-61.4871,0.0195
038441c925bb,7304,2018-08-15T01:38:40-0400,-61.4058,0.0194
038441c925bb,7305,2018-08-15T01:38:45-0400,-61.4422,0.0192
038441c925bb,7306,2018-08-15T01:38:50-0400,-61.441,0.0193
038441c925bb,7307,2018-08-15T01:38:55-0400,-61.4106,0.0191
038441c925bb,7308,2018-08-15T01:39:00-0400,-61.3993,0.0196
038441c925bb,7309,2018-08-15T01:39:05-0400,-61.4412,0.0192
038441c925bb,7310,2018-08-15T01:39:10-0400,-61.4057,0.019
038441c925bb,7311,2018-08-15T01:39:15-0400,-61.3985,0.0191
038441c925bb,7312,2018-08-15T01:39:20-0400,-61.4015,0.0189
038441c925bb,7313,2018-08-15T01:39:25-0400,-61.3985,0.0187
038441c925bb,7314,2018-08-15T01:39:30-0400,-61.3985,0.0189
038441c925bb,7315,2018-08-15T01:39:35-0400,-61.4565,0.0194
038441c925bb,7316,2018-08-15T01:39:40-0400,-61.4235,0.0195
038441c925bb,7317,2018-08-15T01:39:45-0400,-61.3983,0.0194
038441c925bb,7318,2018-08-15T01:39:50-0400,-61.3985,0.0189
038441c925bb,7319,2018-08-15T01:39:55-0400,-61.3984,0.0193
038441c925bb,7320,2018-08-15T01:40:00-0400,-61.422,0.0189
038441c925bb,7321,2018-08-15T01:40:05-0400,-61.4536,0.019
038441c925bb,7322,2018-08-15T01:40:10-0400,-61.3548,0.0187
038441c925bb,7323,2018-08-15T01:40:15-0400,-61.3977,0.019
038441c925bb,7324,2018-08-15T01:40:20-0400,-61.3977,0.0191
038441c925bb,7325,2018-08-15T01:40:25-0400,-61.3977,0.0189
038441c925bb,7326,2018-08-15T01:40:30-0400,-61.3977,0.0189
038441c925bb,7327,2018-08-15T01:40:35-0400,-61.3977,0.0192
038441c925bb,7328,2018-08-15T01:40:40-0400,-61.3977,0.0188
038441c925bb,7329,2018-08-15T01:40:45-0400,-61.3977,0.0191
038441c925bb,7330,2018-08-15T01:40:50-0400,-61.397,0.0185
038441c925bb,7331,2018-08-15T01:40:55-0400,-61.3977,0.0189
038441c925bb,7332,2018-08-15T01:41:00-0400,-61.3977,0.0187
038441c925bb,7333,2018-08-15T01:41:05-0400,-61.3977,0.0195
038441c925bb,7334,2018-08-15T01:41:10-0400,-61.3977,0.0186
038441c925bb,7335,2018-08-15T01:41:15-0400,-61.379,0.019
038441c925bb,7336,2018-08-15T01:41:20-0400,-60.8919,0.0184
038441c925bb,7337,2018-08-15T01:41:25-0400,-61.0332,0.0182
038441c925bb,7338,2018-08-15T01:41:30-0400,-61.0922,0.0181
038441c925bb,7339,2018-08-15T01:41:35-0400,-61.0915,0.0183
038441c925bb,7340,2018-08-15T01:41:40-0400,-61.0758,0.0186
038441c925bb,7341,2018-08-15T01:41:45-0400,-60.9454,0.0183
038441c925bb,7342,2018-08-15T01:41:50-0400,-61.0713,0.018
038441c925bb,7343,2018-08-15T01:41:55-0400,-61.0487,0.018
038441c925bb,7344,2018-08-15T01:42:00-0400,-61.0085,0.0182
038441c925bb,7345,2018-08-15T01:42:05-0400,-61.0922,0.0183
038441c925bb,7346,2018-08-15T01:42:10-0400,-60.9912,0.018
038441c925bb,7347,2018-08-15T01:42:15-0400,-60.9751,0.0182
038441c925bb,7348,2018-08-15T01:42:20-0400,-61.0782,0.0186
038441c925bb,7349,2018-08-15T01:42:25-0400,-61.0761,0.0181
038441c925bb,7350,2018-08-15T01:42:30-0400,-60.9448,0.0186
038441c925bb,7351,2018-08-15T01:42:35-0400,-60.9299,0.0181
038441c925bb,7352,2018-08-15T01:42:40-0400,-61.0741,0.0184
038441c925bb,7353,2018-08-15T01:42:45-0400,-59.4638,0.0179
038441c925bb,7354,2018-08-15T01:42:50-0400,-58.7701,0.0188
038441c925bb,7355,2018-08-15T01:42:55-0400,-58.4935,0.0181
038441c925bb,7356,2018-08-15T01:43:00-0400,-58.4085,0.0182
038441c925bb,7357,2018-08-15T01:43:05-0400,-58.4785,0.0179
038441c925bb,7358,2018-08-15T01:43:10-0400,-58.6925,0.0183
038441c925bb,7359,2018-08-15T01:43:15-0400,-58.7082,0.0182
038441c925bb,7360,2018-08-15T01:43:20-0400,-58.7405,0.0184
038441c925bb,7361,2018-08-15T01:43:25-0400,-58.6092,0.0186
038441c925bb,7362,2018-08-15T01:43:30-0400,-58.6498,0.0183
038441c925bb,7363,2018-08-15T01:43:35-0400,-58.9284,0.0189
038441c925bb,7364,2018-08-15T01:43:40-0400,-59.1203,0.0194
038441c925bb,7365,2018-08-15T01:43:45-0400,-58.9683,0.0196
038441c925bb,7366,2018-08-15T01:43:50-0400,-58.8417,0.0186
038441c925bb,7367,2018-08-15T01:43:55-0400,-58.8531,0.0193
038441c925bb,7368,2018-08-15T01:44:00-0400,-58.8621,0.0194
038441c925bb,7369,2018-08-15T01:44:05-0400,-58.8394,0.0183
038441c925bb,7370,2018-08-15T01:44:10-0400,-58.8309,0.0191
038441c925bb,7371,2018-08-15T01:44:15-0400,-58.8579,0.0191
038441c925bb,7372,2018-08-15T01:44:20-0400,-58.8649,0.0193
038441c925bb,7373,2018-08-15T01:44:25-0400,-58.8694,0.019
038441c925bb,7374,2018-08-15T01:44:30-0400,-58.8232,0.0188
038441c925bb,7375,2018-08-15T01:44:35-0400,-58.854,0.0192
038441c925bb,7376,2018-08-15T01:44:40-0400,-58.8341,0.0191
038441c925bb,7377,2018-08-15T01:44:45-0400,-58.822,0.0191
038441c925bb,7378,2018-08-15T01:44:50-0400,-58.8281,0.019
038441c925bb,7379,2018-08-15T01:44:55-0400,-58.8313,0.0188
038441c925bb,7380,2018-08-15T01:45:00-0400,-58.8213,0.0185
038441c925bb,7381,2018-08-15T01:45:05-0400,-58.8345,0.0189
038441c925bb,7382,2018-08-15T01:45:10-0400,-58.8767,0.0186
038441c925bb,7383,2018-08-15T01:45:15-0400,-58.8026,0.0185
038441c925bb,7384,2018-08-15T01:45:20-0400,-58.6678,0.018
038441c925bb,7385,2018-08-15T01:45:25-0400,-58.692,0.0184
038441c925bb,7386,2018-08-15T01:45:30-0400,-58.7095,0.0185
038441c925bb,7387,2018-08-15T01:45:35-0400,-58.7864,0.0184
038441c925bb,7388,2018-08-15T01:45:40-0400,-58.7595,0.0186
038441c925bb,7389,2018-08-15T01:45:45-0400,-58.8171,0.0186
038441c925bb,7390,2018-08-15T01:45:50-0400,-58.7895,0.019
038441c925bb,7391,2018-08-15T01:45:55-0400,-58.9604,0.0195
038441c925bb,7392,2018-08-15T01:46:00-0400,-58.9931,0.0192
038441c925bb,7393,2018-08-15T01:46:05-0400,-59.0658,0.0191
038441c925bb,7394,2018-08-15T01:46:10-0400,-58.9709,0.019
038441c925bb,7395,2018-08-15T01:46:15-0400,-59.0721,0.0192
038441c925bb,7396,2018-08-15T01:46:20-0400,-58.9172,0.0199
038441c925bb,7397,2018-08-15T01:46:25-0400,-59.0658,0.0195
038441c925bb,7398,2018-08-15T01:46:30-0400,-59.0313,0.0192
038441c925bb,7399,2018-08-15T01:46:35-0400,-59.0103,0.0193
038441c925bb,7400,2018-08-15T01:46:40-0400,-59.055,0.0196
038441c925bb,7401,2018-08-15T01:46:45-0400,-58.9942,0.0192
038441c925bb,7402,2018-08-15T01:46:50-0400,-58.9715,0.0189
038441c925bb,7403,2018-08-15T01:46:55-0400,-58.8282,0.019
038441c925bb,7404,2018-08-15T01:47:00-0400,-58.8792,0.0192
038441c925bb,7405,2018-08-15T01:47:05-0400,-58.8833,0.0194
038441c925bb,7406,2018-08-15T01:47:10-0400,-59.0129,0.0189
038441c925bb,7407,2018-08-15T01:47:15-0400,-58.9033,0.0195
038441c925bb,7408,2018-08-15T01:47:20-0400,-58.8212,0.0191
038441c925bb,7409,2018-08-15T01:47:25-0400,-58.8522,0.0185
038441c925bb,7410,2018-08-15T01:47:30-0400,-58.9754,0.0195
038441c925bb,7411,2018-08-15T01:47:35-0400,-59.0359,0.0194
038441c925bb,7412,2018-08-15T01:47:40-0400,-58.354,0.0178
038441c925bb,7413,2018-08-15T01:47:45-0400,-58.4691,0.0177
038441c925bb,7414,2018-08-15T01:47:50-0400,-58.6034,0.0183
038441c925bb,7415,2018-08-15T01:47:55-0400,-58.6868,0.0186
038441c925bb,7416,2018-08-15T01:48:00-0400,-58.7789,0.0183
038441c925bb,7417,2018-08-15T01:48:05-0400,-58.8465,0.0189
038441c925bb,7418,2018-08-15T01:48:10-0400,-58.8504,0.0187
038441c925bb,7419,2018-08-15T01:48:15-0400,-58.7748,0.0192
038441c925bb,7420,2018-08-15T01:48:20-0400,-58.722,0.0184
038441c925bb,7421,2018-08-15T01:48:25-0400,-58.6566,0.0181
038441c925bb,7422,2018-08-15T01:48:30-0400,-58.8116,0.0184
038441c925bb,7423,2018-08-15T01:48:35-0400,-58.7271,0.0187
038441c925bb,7424,2018-08-15T01:48:40-0400,-58.8222,0.0185
038441c925bb,7425,2018-08-15T01:48:45-0400,-58.7672,0.0189
038441c925bb,7426,2018-08-15T01:48:50-0400,-58.7263,0.0184
038441c925bb,7427,2018-08-15T01:48:55-0400,-58.6811,0.0182
038441c925bb,7428,2018-08-15T01:49:00-0400,-58.8068,0.0185
038441c925bb,7429,2018-08-15T01:49:05-0400,-58.6801,0.0183
038441c925bb,7430,2018-08-15T01:49:10-0400,-58.6864,0.0185
038441c925bb,7431,2018-08-15T01:49:15-0400,-58.8226,0.0182
038441c925bb,7432,2018-08-15T01:49:20-0400,-58.8303,0.0187
038441c925bb,7433,2018-08-15T01:49:25-0400,-58.8248,0.0186
038441c925bb,7434,2018-08-15T01:49:30-0400,-58.821,0.0183
038441c925bb,7435,2018-08-15T01:49:35-0400,-58.821,0.019
038441c925bb,7436,2018-08-15T01:49:40-0400,-58.821,0.0185
038441c925bb,7437,2018-08-15T01:49:45-0400,-58.821,0.0186
038441c925bb,7438,2018-08-15T01:49:50-0400,-58.8326,0.0188
038441c925bb,7439,2018-08-15T01:49:55-0400,-58.8018,0.0185
038441c925bb,7440,2018-08-15T01:50:00-0400,-58.821,0.0182
038441c925bb,7441,2018-08-15T01:50:05-0400,-58.821,0.0187
038441c925bb,7442,2018-08-15T01:50:10-0400,-59.0333,0.0187
038441c925bb,7443,2018-08-15T01:50:15-0400,-58.8883,0.0186
038441c925bb,7444,2018-08-15T01:50:20-0400,-58.9037,0.0185
038441c925bb,7445,2018-08-15T01:50:25-0400,-58.8874,0.0188
038441c925bb,7446,2018-08-15T01:50:30-0400,-58.8278,0.0184
038441c925bb,7447,2018-08-15T01:50:35-0400,-58.8475,0.0184
038441c925bb,7448,2018-08-15T01:50:40-0400,-58.9632,0.0188
038441c925bb,7449,2018-08-15T01:50:45-0400,-59.0562,0.0189
038441c925bb,7450,2018-08-15T01:50:50-0400,-58.8287,0.0186
038441c925bb,7451,2018-08-15T01:50:55-0400,-58.8094,0.018
038441c925bb,7452,2018-08-15T01:51:00-0400,-58.8248,0.0187
038441c925bb,7453,2018-08-15T01:51:05-0400,-58.8303,0.0184
038441c925bb,7454,2018-08-15T01:51:10-0400,-58.905,0.0187
038441c925bb,7455,2018-08-15T01:51:15-0400,-58.8259,0.0192
038441c925bb,7456,2018-08-15T01:51:20-0400,-58.8767,0.0186
038441c925bb,7457,2018-08-15T01:51:25-0400,-58.8303,0.0189
038441c925bb,7458,2018-08-15T01:51:30-0400,-58.8326,0.0187
038441c925bb,7459,2018-08-15T01:51:35-0400,-58.8132,0.019
038441c925bb,7460,2018-08-15T01:51:40-0400,-58.8032,0.0192
038441c925bb,7461,2018-08-15T01:51:45-0400,-58.9596,0.0191
038441c925bb,7462,2018-08-15T01:51:50-0400,-58.8449,0.0187
038441c925bb,7463,2018-08-15T01:51:55-0400,-58.8596,0.0184
038441c925bb,7464,2018-08-15T01:52:00-0400,-58.89,0.0186
038441c925bb,7465,2018-08-15T01:52:05-0400,-58.8429,0.0189
038441c925bb,7466,2018-08-15T01:52:10-0400,-58.8173,0.019
038441c925bb,7467,2018-08-15T01:52:15-0400,-58.8173,0.0184
038441c925bb,7468,2018-08-15T01:52:20-0400,-58.7912,0.0191
038441c925bb,7469,2018-08-15T01:52:25-0400,-58.8475,0.0182
038441c925bb,7470,2018-08-15T01:52:30-0400,-58.8173,0.0183
038441c925bb,7471,2018-08-15T01:52:35-0400,-58.8212,0.0188
038441c925bb,7472,2018-08-15T01:52:40-0400,-58.8243,0.018
038441c925bb,7473,2018-08-15T01:52:45-0400,-58.8406,0.0186
038441c925bb,7474,2018-08-15T01:52:50-0400,-58.8466,0.0186
038441c925bb,7475,2018-08-15T01:52:55-0400,-58.8366,0.0185
038441c925bb,7476,2018-08-15T01:53:00-0400,-58.8316,0.018
038441c925bb,7477,2018-08-15T01:53:05-0400,-58.8173,0.0187
038441c925bb,7478,2018-08-15T01:53:10-0400,-58.8661,0.019
038441c925bb,7479,2018-08-15T01:53:15-0400,-58.8307,0.0185
038441c925bb,7480,2018-08-15T01:53:20-0400,-58.8212,0.0188
038441c925bb,7481,2018-08-15T01:53:25-0400,-58.8178,0.0181
038441c925bb,7482,2018-08-15T01:53:30-0400,-58.8173,0.019
038441c925bb,7483,2018-08-15T01:53:35-0400,-58.8058,0.018
038441c925bb,7484,2018-08-15T01:53:40-0400,-58.8173,0.0182
038441c925bb,7485,2018-08-15T01:53:45-0400,-58.8173,0.0184
038441c925bb,7486,2018-08-15T01:53:50-0400,-58.8173,0.0184
038441c925bb,7487,2018-08-15T01:53:55-0400,-58.8519,0.0185
038441c925bb,7488,2018-08-15T01:54:00-0400,-58.8518,0.0188
038441c925bb,7489,2018-08-15T01:54:05-0400,-58.8429,0.0185
038441c925bb,7490,2018-08-15T01:54:10-0400,-58.817,0.0184
038441c925bb,7491,2018-08-15T01:54:15-0400,-58.7856,0.0186
038441c925bb,7492,2018-08-15T01:54:20-0400,-58.8145,0.0183
038441c925bb,7493,2018-08-15T01:54:25-0400,-58.8138,0.0186
038441c925bb,7494,2018-08-15T01:54:30-0400,-58.7981,0.018
038441c925bb,7495,2018-08-15T01:54:35-0400,-58.7405,0.0186
038441c925bb,7496,2018-08-15T01:54:40-0400,-58.8082,0.0181
038441c925bb,7497,2018-08-15T01:54:45-0400,-58.8169,0.0182
038441c925bb,7498,2018-08-15T01:54:50-0400,-58.8168,0.0181
038441c925bb,7499,2018-08-15T01:54:55-0400,-58.8132,0.018
038441c925bb,7500,2018-08-15T01:55:00-0400,-58.8545,0.0185
038441c925bb,7501,2018-08-15T01:55:05-0400,-58.7547,0.0181
038441c925bb,7502,2018-08-15T01:55:10-0400,-58.7951,0.0187
038441c925bb,7503,2018-08-15T01:55:15-0400,-58.7189,0.0181
038441c925bb,7504,2018-08-15T01:55:20-0400,-70.7237,0.0241
038441c925bb,7505,2018-08-15T01:55:25-0400,-74.4803,0.0179
038441c925bb,7506,2018-08-15T01:55:30-0400,-74.8412,0.017
038441c925bb,7507,2018-08-15T01:55:35-0400,-75.0288,0.0169
038441c925bb,7508,2018-08-15T01:55:40-0400,-75.0749,0.0172
038441c925bb,7509,2018-08-15T01:55:45-0400,-74.7124,0.0174
038441c925bb,7510,2018-08-15T01:55:50-0400,-74.8128,0.0172
038441c925bb,7511,2018-08-15T01:55:55-0400,-74.8098,0.017
038441c925bb,7512,2018-08-15T01:56:00-0400,-74.7035,0.0173
038441c925bb,7513,2018-08-15T01:56:05-0400,-74.6269,0.0179
038441c925bb,7514,2018-08-15T01:56:10-0400,-74.5708,0.0175
038441c925bb,7515,2018-08-15T01:56:15-0400,-74.5122,0.0175
038441c925bb,7516,2018-08-15T01:56:20-0400,-54.9849,0.0356
038441c925bb,7517,2018-08-15T01:56:25-0400,-9.891,0.0252
038441c925bb,7518,2018-08-15T01:56:30-0400,-67.9335,0.0143
038441c925bb,7519,2018-08-15T01:56:35-0400,-67.375,0.0166
038441c925bb,7520,2018-08-15T01:56:40-0400,-68.3,0.0165
038441c925bb,7521,2018-08-15T01:56:45-0400,-12.3248,0.0273
038441c925bb,7522,2018-08-15T01:56:50-0400,-3.7673,0.0239
038441c925bb,7523,2018-08-15T01:56:55-0400,-46.979,0.1239
038441c925bb,7524,2018-08-15T01:57:00-0400,-73.2895,0.06
038441c925bb,7525,2018-08-15T01:57:05-0400,-72.9605,0.0191
038441c925bb,7526,2018-08-15T01:57:10-0400,-72.9853,0.0197
038441c925bb,7527,2018-08-15T01:57:15-0400,-72.9907,0.02
038441c925bb,7528,2018-08-15T01:57:20-0400,-72.9907,0.0201
038441c925bb,7529,2018-08-15T01:57:25-0400,-72.9907,0.0195
038441c925bb,7530,2018-08-15T01:57:30-0400,-72.9577,0.0196
038441c925bb,7531,2018-08-15T01:57:35-0400,-72.9828,0.02
038441c925bb,7532,2018-08-15T01:57:40-0400,-72.9063,0.0195
038441c925bb,7533,2018-08-15T01:57:45-0400,-72.8653,0.0197
038441c925bb,7534,2018-08-15T01:57:50-0400,-72.9169,0.0194
038441c925bb,7535,2018-08-15T01:57:55-0400,-72.8785,0.0192
038441c925bb,7536,2018-08-15T01:58:00-0400,-72.9208,0.0195
038441c925bb,7537,2018-08-15T01:58:05-0400,-72.868,0.0193
038441c925bb,7538,2018-08-15T01:58:10-0400,-72.9102,0.0193
038441c925bb,7539,2018-08-15T01:58:15-0400,-72.8944,0.0196
038441c925bb,7540,2018-08-15T01:58:20-0400,-72.8614,0.019
038441c925bb,7541,2018-08-15T01:58:25-0400,-72.864,0.0192
038441c925bb,7542,2018-08-15T01:58:30-0400,-72.8587,0.0187
038441c925bb,7543,2018-08-15T01:58:35-0400,-72.4121,0.0191
038441c925bb,7544,2018-08-15T01:58:40-0400,-65.8909,0.02
038441c925bb,7545,2018-08-15T01:58:45-0400,-65.9853,0.0177
038441c925bb,7546,2018-08-15T01:58:50-0400,-63.4475,0.023
038441c925bb,7547,2018-08-15T01:58:55-0400,-52.1143,0.0152
038441c925bb,7548,2018-08-15T01:59:00-0400,-52.5479,0.0037
038441c925bb,7549,2018-08-15T01:59:05-0400,-52.5831,0.0034
038441c925bb,7550,2018-08-15T01:59:10-0400,-52.629,0.0033
038441c925bb,7551,2018-08-15T01:59:15-0400,-52.7781,0.0032
038441c925bb,7552,2018-08-15T01:59:20-0400,-52.6624,0.003
038441c925bb,7553,2018-08-15T01:59:25-0400,-52.6942,0.0034
038441c925bb,7554,2018-08-15T01:59:30-0400,-52.7693,0.0033
038441c925bb,7555,2018-08-15T01:59:35-0400,-52.7627,0.0035
038441c925bb,7556,2018-08-15T01:59:40-0400,-52.7618,0.0035
038441c925bb,7557,2018-08-15T01:59:45-0400,-52.8447,0.0032
038441c925bb,7558,2018-08-15T01:59:50-0400,-52.8088,0.0034
038441c925bb,7559,2018-08-15T01:59:55-0400,-52.7971,0.0034
038441c925bb,7560,2018-08-15T02:00:00-0400,-52.7684,0.0034
038441c925bb,7561,2018-08-15T02:00:05-0400,-52.8476,0.0034
038441c925bb,7562,2018-08-15T02:00:10-0400,-52.8912,0.0035
038441c925bb,7563,2018-08-15T02:00:15-0400,-52.963,0.0034
038441c925bb,7564,2018-08-15T02:00:20-0400,-52.9741,0.0035
038441c925bb,7565,2018-08-15T02:00:25-0400,-52.8814,0.0035
038441c925bb,7566,2018-08-15T02:00:30-0400,-52.9823,0.0035
038441c925bb,7567,2018-08-15T02:00:35-0400,-52.8641,0.0034
038441c925bb,7568,2018-08-15T02:00:40-0400,-52.8977,0.0036
038441c925bb,7569,2018-08-15T02:00:45-0400,-52.9635,0.0029
038441c925bb,7570,2018-08-15T02:00:50-0400,-52.9893,0.0029
038441c925bb,7571,2018-08-15T02:00:55-0400,-52.9893,0.0036
038441c925bb,7572,2018-08-15T02:01:00-0400,-52.9893,0.0033
038441c925bb,7573,2018-08-15T02:01:05-0400,-52.9893,0.0032
038441c925bb,7574,2018-08-15T02:01:10-0400,-53.0658,0.0033
038441c925bb,7575,2018-08-15T02:01:15-0400,-53.1169,0.0035
038441c925bb,7576,2018-08-15T02:01:20-0400,-53.0513,0.0033
038441c925bb,7577,2018-08-15T02:01:25-0400,-52.9893,0.0032
038441c925bb,7578,2018-08-15T02:01:30-0400,-53.0987,0.0032
038441c925bb,7579,2018-08-15T02:01:35-0400,-53.1583,0.0033
038441c925bb,7580,2018-08-15T02:01:40-0400,-53.1659,0.0031
038441c925bb,7581,2018-08-15T02:01:45-0400,-53.1787,0.0031
038441c925bb,7582,2018-08-15T02:01:50-0400,-53.1598,0.0032
038441c925bb,7583,2018-08-15T02:01:55-0400,-53.1679,0.0033
038441c925bb,7584,2018-08-15T02:02:00-0400,-53.0841,0.0031
038441c925bb,7585,2018-08-15T02:02:05-0400,-53.1763,0.0032
038441c925bb,7586,2018-08-15T02:02:10-0400,-53.1723,0.0033
038441c925bb,7587,2018-08-15T02:02:15-0400,-53.1626,0.0033
038441c925bb,7588,2018-08-15T02:02:20-0400,-53.1701,0.0031
038441c925bb,7589,2018-08-15T02:02:25-0400,-53.157,0.0033
038441c925bb,7590,2018-08-15T02:02:30-0400,-53.1641,0.0032
038441c925bb,7591,2018-08-15T02:02:35-0400,-53.1169,0.0033
038441c925bb,7592,2018-08-15T02:02:40-0400,-53.1566,0.0031
038441c925bb,7593,2018-08-15T02:02:45-0400,-53.1653,0.003
038441c925bb,7594,2018-08-15T02:02:50-0400,-53.1692,0.0032
038441c925bb,7595,2018-08-15T02:02:55-0400,-53.1611,0.0037
038441c925bb,7596,2018-08-15T02:03:00-0400,-53.1605,0.0035
038441c925bb,7597,2018-08-15T02:03:05-0400,-53.1572,0.0035
038441c925bb,7598,2018-08-15T02:03:10-0400,-53.1785,0.0036
038441c925bb,7599,2018-08-15T02:03:15-0400,-53.1754,0.0032
038441c925bb,7600,2018-08-15T02:03:20-0400,-53.2064,0.0035
038441c925bb,7601,2018-08-15T02:03:25-0400,-53.1575,0.0033
038441c925bb,7602,2018-08-15T02:03:30-0400,-53.1566,0.0035
038441c925bb,7603,2018-08-15T02:03:35-0400,-53.2004,0.0033
038441c925bb,7604,2018-08-15T02:03:40-0400,-53.2086,0.0033
038441c925bb,7605,2018-08-15T02:03:45-0400,-53.1566,0.0031
038441c925bb,7606,2018-08-15T02:03:50-0400,-53.1758,0.0037
038441c925bb,7607,2018-08-15T02:03:55-0400,-53.2333,0.0033
038441c925bb,7608,2018-08-15T02:04:00-0400,-53.1676,0.0035
038441c925bb,7609,2018-08-15T02:04:05-0400,-53.3989,0.0039
038441c925bb,7610,2018-08-15T02:04:10-0400,-53.5665,0.0044
038441c925bb,7611,2018-08-15T02:04:15-0400,-53.582,0.0047
038441c925bb,7612,2018-08-15T02:04:20-0400,-53.5929,0.0047
038441c925bb,7613,2018-08-15T02:04:25-0400,-53.5658,0.0046
038441c925bb,7614,2018-08-15T02:04:30-0400,-53.4728,0.0046
038441c925bb,7615,2018-08-15T02:04:35-0400,-53.3531,0.0043
038441c925bb,7616,2018-08-15T02:04:40-0400,-53.4747,0.0042
038441c925bb,7617,2018-08-15T02:04:45-0400,-53.3293,0.0042
038441c925bb,7618,2018-08-15T02:04:50-0400,-53.3978,0.0041
038441c925bb,7619,2018-08-15T02:04:55-0400,-53.3566,0.0042
038441c925bb,7620,2018-08-15T02:05:00-0400,-53.4291,0.0039
038441c925bb,7621,2018-08-15T02:05:05-0400,-53.3923,0.0043
038441c925bb,7622,2018-08-15T02:05:10-0400,-53.3669,0.0044
038441c925bb,7623,2018-08-15T02:05:15-0400,-53.382,0.0042
038441c925bb,7624,2018-08-15T02:05:20-0400,-53.2989,0.0046
038441c925bb,7625,2018-08-15T02:05:25-0400,-53.4435,0.0045
038441c925bb,7626,2018-08-15T02:05:30-0400,-53.4968,0.0046
038441c925bb,7627,2018-08-15T02:05:35-0400,-53.4517,0.0044
038441c925bb,7628,2018-08-15T02:05:40-0400,-53.551,0.0044
038441c925bb,7629,2018-08-15T02:05:45-0400,-53.5522,0.0042
038441c925bb,7630,2018-08-15T02:05:50-0400,-53.568,0.0047
038441c925bb,7631,2018-08-15T02:05:55-0400,-53.4491,0.0044
038441c925bb,7632,2018-08-15T02:06:00-0400,-53.4462,0.0043
038441c925bb,7633,2018-08-15T02:06:05-0400,-53.5154,0.0046
038441c925bb,7634,2018-08-15T02:06:10-0400,-53.3759,0.0047
038441c925bb,7635,2018-08-15T02:06:15-0400,-53.4161,0.0043
038441c925bb,7636,2018-08-15T02:06:20-0400,-53.4568,0.0046
038441c925bb,7637,2018-08-15T02:06:25-0400,-53.4427,0.0045
038441c925bb,7638,2018-08-15T02:06:30-0400,-53.4599,0.0042
038441c925bb,7639,2018-08-15T02:06:35-0400,-53.4106,0.0043
038441c925bb,7640,2018-08-15T02:06:40-0400,-53.4185,0.0045
038441c925bb,7641,2018-08-15T02:06:45-0400,-53.4279,0.0044
038441c925bb,7642,2018-08-15T02:06:50-0400,-53.4599,0.0042
038441c925bb,7643,2018-08-15T02:06:55-0400,-53.4933,0.0041
038441c925bb,7644,2018-08-15T02:07:00-0400,-53.4599,0.0048
038441c925bb,7645,2018-08-15T02:07:05-0400,-53.5684,0.0046
038441c925bb,7646,2018-08-15T02:07:10-0400,-53.5243,0.0046
038441c925bb,7647,2018-08-15T02:07:15-0400,-53.4051,0.0045
038441c925bb,7648,2018-08-15T02:07:20-0400,-53.4599,0.0044
038441c925bb,7649,2018-08-15T02:07:25-0400,-53.4599,0.0045
038441c925bb,7650,2018-08-15T02:07:30-0400,-53.4599,0.0045
038441c925bb,7651,2018-08-15T02:07:35-0400,-53.4653,0.0047
038441c925bb,7652,2018-08-15T02:07:40-0400,-53.4599,0.0045
038441c925bb,7653,2018-08-15T02:07:45-0400,-53.4681,0.0044
038441c925bb,7654,2018-08-15T02:07:50-0400,-53.4599,0.0047
038441c925bb,7655,2018-08-15T02:07:55-0400,-53.469,0.0048
038441c925bb,7656,2018-08-15T02:08:00-0400,-53.4417,0.0043
038441c925bb,7657,2018-08-15T02:08:05-0400,-53.4036,0.0046
038441c925bb,7658,2018-08-15T02:08:10-0400,-53.4518,0.0043
038441c925bb,7659,2018-08-15T02:08:15-0400,-53.4671,0.0044
038441c925bb,7660,2018-08-15T02:08:20-0400,-53.4459,0.0044
038441c925bb,7661,2018-08-15T02:08:25-0400,-53.4702,0.0045
038441c925bb,7662,2018-08-15T02:08:30-0400,-53.4578,0.0045
038441c925bb,7663,2018-08-15T02:08:35-0400,-53.4476,0.0041
038441c925bb,7664,2018-08-15T02:08:40-0400,-53.5033,0.0044
038441c925bb,7665,2018-08-15T02:08:45-0400,-53.5359,0.0042
038441c925bb,7666,2018-08-15T02:08:50-0400,-53.4762,0.0043
038441c925bb,7667,2018-08-15T02:08:55-0400,-53.5231,0.0043
038441c925bb,7668,2018-08-15T02:09:00-0400,-53.5939,0.0042
038441c925bb,7669,2018-08-15T02:09:05-0400,-53.4762,0.0044
038441c925bb,7670,2018-08-15T02:09:10-0400,-53.5329,0.0047
038441c925bb,7671,2018-08-15T02:09:15-0400,-53.5125,0.0046
038441c925bb,7672,2018-08-15T02:09:20-0400,-53.5717,0.0047
038441c925bb,7673,2018-08-15T02:09:25-0400,-53.4952,0.0046
038441c925bb,7674,2018-08-15T02:09:30-0400,-53.512,0.0046
038441c925bb,7675,2018-08-15T02:09:35-0400,-53.571,0.0043
038441c925bb,7676,2018-08-15T02:09:40-0400,-53.5576,0.0048
038441c925bb,7677,2018-08-15T02:09:45-0400,-53.5794,0.0046
038441c925bb,7678,2018-08-15T02:09:50-0400,-53.5697,0.0045
038441c925bb,7679,2018-08-15T02:09:55-0400,-53.5795,0.0052
038441c925bb,7680,2018-08-15T02:10:00-0400,-53.5879,0.0045
038441c925bb,7681,2018-08-15T02:10:05-0400,-53.5957,0.0048
038441c925bb,7682,2018-08-15T02:10:10-0400,-53.5033,0.0043
038441c925bb,7683,2018-08-15T02:10:15-0400,-53.5904,0.0048
038441c925bb,7684,2018-08-15T02:10:20-0400,-53.5495,0.005
038441c925bb,7685,2018-08-15T02:10:25-0400,-53.5379,0.0046
038441c925bb,7686,2018-08-15T02:10:30-0400,-53.5677,0.0047
038441c925bb,7687,2018-08-15T02:10:35-0400,-53.5901,0.0047
038441c925bb,7688,2018-08-15T02:10:40-0400,-53.5646,0.0045
038441c925bb,7689,2018-08-15T02:10:45-0400,-53.57,0.0046
038441c925bb,7690,2018-08-15T02:10:50-0400,-53.5781,0.0049
038441c925bb,7691,2018-08-15T02:10:55-0400,-53.5721,0.005
038441c925bb,7692,2018-08-15T02:11:00-0400,-53.5766,0.0041
038441c925bb,7693,2018-08-15T02:11:05-0400,-53.4586,0.0046
038441c925bb,7694,2018-08-15T02:11:10-0400,-53.5293,0.0046
038441c925bb,7695,2018-08-15T02:11:15-0400,-53.5673,0.0044
038441c925bb,7696,2018-08-15T02:11:20-0400,-53.4424,0.0044
038441c925bb,7697,2018-08-15T02:11:25-0400,-53.5152,0.0046
038441c925bb,7698,2018-08-15T02:11:30-0400,-53.4071,0.011
038441c925bb,7699,2018-08-15T02:11:35-0400,-54.7874,0.0265
038441c925bb,7700,2018-08-15T02:11:40-0400,-64.3432,0.0987
038441c925bb,7701,2018-08-15T02:11:45-0400,-37.4959,0.0364
038441c925bb,7702,2018-08-15T02:11:50-0400,-25.685,0.1387
038441c925bb,7703,2018-08-15T02:11:55-0400,-75.846,0.0561
038441c925bb,7704,2018-08-15T02:12:00-0400,-59.2741,0.0207
038441c925bb,7705,2018-08-15T02:12:05-0400,-61.635,0.0194
038441c925bb,7706,2018-08-15T02:12:10-0400,-64.3852,0.0176
038441c925bb,7707,2018-08-15T02:12:15-0400,-64.9824,0.0179
038441c925bb,7708,2018-08-15T02:12:20-0400,-66.5684,0.0181
038441c925bb,7709,2018-08-15T02:12:25-0400,-68.0953,0.0181
038441c925bb,7710,2018-08-15T02:12:30-0400,-70.0729,0.0173
038441c925bb,7711,2018-08-15T02:12:35-0400,-82.8953,0.0166
038441c925bb,7712,2018-08-15T02:12:40-0400,-81.4433,0.0159
038441c925bb,7713,2018-08-15T02:12:45-0400,-83.5506,0.0163
038441c925bb,7714,2018-08-15T02:12:50-0400,-82.8692,0.0165
038441c925bb,7715,2018-08-15T02:12:55-0400,-83.6093,0.0166
038441c925bb,7716,2018-08-15T02:13:00-0400,-84.4646,0.0162
038441c925bb,7717,2018-08-15T02:13:05-0400,-83.6051,0.0157
038441c925bb,7718,2018-08-15T02:13:10-0400,-78.8526,0.0184
038441c925bb,7719,2018-08-15T02:13:15-0400,-73.2975,0.0172
038441c925bb,7720,2018-08-15T02:13:20-0400,-72.2705,0.0166
038441c925bb,7721,2018-08-15T02:13:25-0400,-71.3395,0.0155
038441c925bb,7722,2018-08-15T02:13:30-0400,-70.7514,0.0149
038441c925bb,7723,2018-08-15T02:13:35-0400,-72.4399,0.0153
038441c925bb,7724,2018-08-15T02:13:40-0400,-76.0237,0.016
038441c925bb,7725,2018-08-15T02:13:45-0400,-78.2279,0.0109
038441c925bb,7726,2018-08-15T02:13:50-0400,-75.9833,0.0124
038441c925bb,7727,2018-08-15T02:13:55-0400,-76.434,0.0112
038441c925bb,7728,2018-08-15T02:14:00-0400,-75.3447,0.0127
038441c925bb,7729,2018-08-15T02:14:05-0400,-73.5245,0.0156
038441c925bb,7730,2018-08-15T02:14:10-0400,-12.4899,0.0066
038441c925bb,7731,2018-08-15T02:14:15-0400,-7.143,0.0
038441c925bb,7732,2018-08-15T02:14:20-0400,-10.2086,1e-04
038441c925bb,7733,2018-08-15T02:14:25-0400,-8.027,0.0
038441c925bb,7734,2018-08-15T02:14:30-0400,-7.0961,0.0
038441c925bb,7735,2018-08-15T02:14:35-0400,-6.4647,0.0
038441c925bb,7736,2018-08-15T02:14:40-0400,-5.9108,0.0
038441c925bb,7737,2018-08-15T02:14:45-0400,-5.805,0.0
038441c925bb,7738,2018-08-15T02:14:50-0400,-5.6807,0.0
038441c925bb,7739,2018-08-15T02:14:55-0400,-5.6807,0.0
038441c925bb,7740,2018-08-15T02:15:00-0400,-5.6807,0.0
038441c925bb,7741,2018-08-15T02:15:05-0400,-5.6807,0.0
038441c925bb,7742,2018-08-15T02:15:10-0400,-5.6023,0.0
038441c925bb,7743,2018-08-15T02:15:15-0400,-5.5056,0.0
038441c925bb,7744,2018-08-15T02:15:20-0400,-6.5756,0.0089
038441c925bb,7745,2018-08-15T02:15:25-0400,-0.2547,0.0014
038441c925bb,7746,2018-08-15T02:15:30-0400,18.8025,0.0
038441c925bb,7747,2018-08-15T02:15:35-0400,19.5821,0.0
038441c925bb,7748,2018-08-15T02:15:40-0400,19.7649,0.0
038441c925bb,7749,2018-08-15T02:15:45-0400,19.812,0.0
038441c925bb,7750,2018-08-15T02:15:50-0400,20.0275,0.0
038441c925bb,7751,2018-08-15T02:15:55-0400,20.0319,0.0
038441c925bb,7752,2018-08-15T02:16:00-0400,20.0362,0.0
038441c925bb,7753,2018-08-15T02:16:05-0400,20.0319,0.0
038441c925bb,7754,2018-08-15T02:16:10-0400,20.0596,0.0
038441c925bb,7755,2018-08-15T02:16:15-0400,20.2993,0.0
038441c925bb,7756,2018-08-15T02:16:20-0400,20.3291,0.0
038441c925bb,7757,2018-08-15T02:16:25-0400,20.3291,0.0
038441c925bb,7758,2018-08-15T02:16:30-0400,20.3884,0.0
038441c925bb,7759,2018-08-15T02:16:35-0400,20.5701,0.0
038441c925bb,7760,2018-08-15T02:16:40-0400,20.5556,0.0
038441c925bb,7761,2018-08-15T02:16:45-0400,20.555,0.0
038441c925bb,7762,2018-08-15T02:16:50-0400,20.5546,0.0
038441c925bb,7763,2018-08-15T02:16:55-0400,20.5697,0.0
038441c925bb,7764,2018-08-15T02:17:00-0400,20.6012,0.0
038441c925bb,7765,2018-08-15T02:17:05-0400,20.6756,0.0
038441c925bb,7766,2018-08-15T02:17:10-0400,20.5793,0.0
038441c925bb,7767,2018-08-15T02:17:15-0400,20.7194,0.0
038441c925bb,7768,2018-08-15T02:17:20-0400,20.7894,0.0
038441c925bb,7769,2018-08-15T02:17:25-0400,20.7872,0.0
038441c925bb,7770,2018-08-15T02:17:30-0400,20.7894,0.0
038441c925bb,7771,2018-08-15T02:17:35-0400,20.7938,0.0
038441c925bb,7772,2018-08-15T02:17:40-0400,20.8549,0.0
038441c925bb,7773,2018-08-15T02:17:45-0400,20.7894,0.0
038441c925bb,7774,2018-08-15T02:17:50-0400,20.8505,0.0
038441c925bb,7775,2018-08-15T02:17:55-0400,20.9072,0.0
038441c925bb,7776,2018-08-15T02:18:00-0400,20.9029,0.0
038441c925bb,7777,2018-08-15T02:18:05-0400,21.0076,0.0
038441c925bb,7778,2018-08-15T02:18:10-0400,21.0788,0.0
038441c925bb,7779,2018-08-15T02:18:15-0400,21.0076,0.0
038441c925bb,7780,2018-08-15T02:18:20-0400,21.027,0.0
038441c925bb,7781,2018-08-15T02:18:25-0400,21.0076,0.0
038441c925bb,7782,2018-08-15T02:18:30-0400,21.0076,0.0
038441c925bb,7783,2018-08-15T02:18:35-0400,21.0076,0.0
038441c925bb,7784,2018-08-15T02:18:40-0400,21.0157,0.0
038441c925bb,7785,2018-08-15T02:18:45-0400,21.0885,0.0
038441c925bb,7786,2018-08-15T02:18:50-0400,21.0772,0.0
038441c925bb,7787,2018-08-15T02:18:55-0400,21.1114,0.0
038441c925bb,7788,2018-08-15T02:19:00-0400,21.154,0.0
038441c925bb,7789,2018-08-15T02:19:05-0400,21.1446,0.0
038441c925bb,7790,2018-08-15T02:19:10-0400,21.1245,0.0
038441c925bb,7791,2018-08-15T02:19:15-0400,21.1835,0.0
038441c925bb,7792,2018-08-15T02:19:20-0400,21.1049,0.0
038441c925bb,7793,2018-08-15T02:19:25-0400,21.2523,0.0
038441c925bb,7794,2018-08-15T02:19:30-0400,21.2392,0.0
038441c925bb,7795,2018-08-15T02:19:35-0400,21.2523,0.0
038441c925bb,7796,2018-08-15T02:19:40-0400,21.2523,0.0
038441c925bb,7797,2018-08-15T02:19:45-0400,21.2523,0.0
038441c925bb,7798,2018-08-15T02:19:50-0400,21.2523,0.0
038441c925bb,7799,2018-08-15T02:19:55-0400,21.2523,0.0
038441c925bb,7800,2018-08-15T02:20:00-0400,21.2523,0.0
038441c925bb,7801,2018-08-15T02:20:05-0400,21.2523,0.0
038441c925bb,7802,2018-08-15T02:20:10-0400,21.2523,0.0
038441c925bb,7803,2018-08-15T02:20:15-0400,21.2915,0.0
038441c925bb,7804,2018-08-15T02:20:20-0400,21.3699,0.0
038441c925bb,7805,2018-08-15T02:20:25-0400,21.335,0.0
038441c925bb,7806,2018-08-15T02:20:30-0400,21.3394,0.0
038441c925bb,7807,2018-08-15T02:20:35-0400,21.3219,0.0
038441c925bb,7808,2018-08-15T02:20:40-0400,21.3611,0.0
038441c925bb,7809,2018-08-15T02:20:45-0400,21.47,0.0
038441c925bb,7810,2018-08-15T02:20:50-0400,21.3655,0.0
038441c925bb,7811,2018-08-15T02:20:55-0400,21.4439,0.0
038441c925bb,7812,2018-08-15T02:21:00-0400,21.4526,0.0
038441c925bb,7813,2018-08-15T02:21:05-0400,21.47,0.0
038441c925bb,7814,2018-08-15T02:21:10-0400,21.4657,0.0
038441c925bb,7815,2018-08-15T02:21:15-0400,21.47,0.0
038441c925bb,7816,2018-08-15T02:21:20-0400,21.47,0.0
038441c925bb,7817,2018-08-15T02:21:25-0400,21.47,0.0
038441c925bb,7818,2018-08-15T02:21:30-0400,21.4917,0.0
038441c925bb,7819,2018-08-15T02:21:35-0400,21.5569,0.0
038441c925bb,7820,2018-08-15T02:21:40-0400,21.4874,0.0
038441c925bb,7821,2018-08-15T02:21:45-0400,21.47,0.0
038441c925bb,7822,2018-08-15T02:21:50-0400,21.47,0.0
038441c925bb,7823,2018-08-15T02:21:55-0400,21.475,0.0
038441c925bb,7824,2018-08-15T02:22:00-0400,21.4816,0.0
038441c925bb,7825,2018-08-15T02:22:05-0400,21.5091,0.0
038441c925bb,7826,2018-08-15T02:22:10-0400,21.4787,0.0
038441c925bb,7827,2018-08-15T02:22:15-0400,21.47,0.0
038441c925bb,7828,2018-08-15T02:22:20-0400,21.47,0.0
038441c925bb,7829,2018-08-15T02:22:25-0400,21.6092,0.0
038441c925bb,7830,2018-08-15T02:22:30-0400,21.7155,0.0
038441c925bb,7831,2018-08-15T02:22:35-0400,21.7271,0.0
038441c925bb,7832,2018-08-15T02:22:40-0400,21.7355,0.0
038441c925bb,7833,2018-08-15T02:22:45-0400,21.7205,0.0
038441c925bb,7834,2018-08-15T02:22:50-0400,21.6872,0.0
038441c925bb,7835,2018-08-15T02:22:55-0400,21.6872,0.0
038441c925bb,7836,2018-08-15T02:23:00-0400,21.6872,0.0
038441c925bb,7837,2018-08-15T02:23:05-0400,21.6872,0.0
038441c925bb,7838,2018-08-15T02:23:10-0400,21.7155,0.0
038441c925bb,7839,2018-08-15T02:23:15-0400,21.7371,0.0
038441c925bb,7840,2018-08-15T02:23:20-0400,21.7501,0.0
038441c925bb,7841,2018-08-15T02:23:25-0400,21.8313,0.0
038441c925bb,7842,2018-08-15T02:23:30-0400,21.8256,0.0
038441c925bb,7843,2018-08-15T02:23:35-0400,21.8222,0.0
038441c925bb,7844,2018-08-15T02:23:40-0400,21.7185,0.0
038441c925bb,7845,2018-08-15T02:23:45-0400,22.5348,0.0017
038441c925bb,7846,2018-08-15T02:23:50-0400,39.2335,0.041
038441c925bb,7847,2018-08-15T02:23:55-0400,63.5732,0.0213
038441c925bb,7848,2018-08-15T02:24:00-0400,75.888,0.0
038441c925bb,7849,2018-08-15T02:24:05-0400,84.6891,0.0
038441c925bb,7850,2018-08-15T02:24:10-0400,84.9268,0.0
038441c925bb,7851,2018-08-15T02:24:15-0400,84.9795,0.0
038441c925bb,7852,2018-08-15T02:24:20-0400,85.1187,0.0
038441c925bb,7853,2018-08-15T02:24:25-0400,85.2371,0.0
038441c925bb,7854,2018-08-15T02:24:30-0400,85.396,0.0
038441c925bb,7855,2018-08-15T02:24:35-0400,85.396,0.0
038441c925bb,7856,2018-08-15T02:24:40-0400,85.396,0.0
038441c925bb,7857,2018-08-15T02:24:45-0400,85.5111,0.0
038441c925bb,7858,2018-08-15T02:24:50-0400,85.5748,0.0
038441c925bb,7859,2018-08-15T02:24:55-0400,85.6305,0.0
038441c925bb,7860,2018-08-15T02:25:00-0400,85.611,0.0
038441c925bb,7861,2018-08-15T02:25:05-0400,85.5869,0.0
038441c925bb,7862,2018-08-15T02:25:10-0400,85.6886,0.0
038441c925bb,7863,2018-08-15T02:25:15-0400,82.5897,0.0008
038441c925bb,7864,2018-08-15T02:25:20-0400,60.7271,0.0168
038441c925bb,7865,2018-08-15T02:25:25-0400,-52.9225,0.0582
038441c925bb,7866,2018-08-15T02:25:30-0400,-61.235,0.0087
038441c925bb,7867,2018-08-15T02:25:35-0400,-61.2669,0.005
038441c925bb,7868,2018-08-15T02:25:40-0400,-61.1856,0.005
038441c925bb,7869,2018-08-15T02:25:45-0400,-61.4595,0.0052
038441c925bb,7870,2018-08-15T02:25:50-0400,-73.0423,0.025
038441c925bb,7871,2018-08-15T02:25:55-0400,-77.9834,0.0082
038441c925bb,7872,2018-08-15T02:26:00-0400,-79.1519,0.0089
038441c925bb,7873,2018-08-15T02:26:05-0400,-79.187,0.0088
038441c925bb,7874,2018-08-15T02:26:10-0400,-79.192,0.0087
038441c925bb,7875,2018-08-15T02:26:15-0400,-66.0436,0.0974
038441c925bb,7876,2018-08-15T02:26:20-0400,-58.1588,0.0103
038441c925bb,7877,2018-08-15T02:26:25-0400,-57.3124,0.0016
038441c925bb,7878,2018-08-15T02:26:30-0400,-57.4936,0.0017
038441c925bb,7879,2018-08-15T02:26:35-0400,-57.5154,0.0014
038441c925bb,7880,2018-08-15T02:26:40-0400,-57.5989,0.0015
038441c925bb,7881,2018-08-15T02:26:45-0400,-57.6679,0.0014
038441c925bb,7882,2018-08-15T02:26:50-0400,-57.662,0.0016
038441c925bb,7883,2018-08-15T02:26:55-0400,-57.7915,0.0015
038441c925bb,7884,2018-08-15T02:27:00-0400,-57.8628,0.0014
038441c925bb,7885,2018-08-15T02:27:05-0400,-57.8057,0.0011
038441c925bb,7886,2018-08-15T02:27:10-0400,-57.8448,0.0011
038441c925bb,7887,2018-08-15T02:27:15-0400,-57.8889,0.0011
038441c925bb,7888,2018-08-15T02:27:20-0400,-57.916,0.0011
038441c925bb,7889,2018-08-15T02:27:25-0400,-57.9557,0.0012
038441c925bb,7890,2018-08-15T02:27:30-0400,-57.9486,0.0011
038441c925bb,7891,2018-08-15T02:27:35-0400,-57.9616,0.0009
038441c925bb,7892,2018-08-15T02:27:40-0400,-57.9543,0.0008
038441c925bb,7893,2018-08-15T02:27:45-0400,-57.9996,0.001
038441c925bb,7894,2018-08-15T02:27:50-0400,-57.9758,0.0008
038441c925bb,7895,2018-08-15T02:27:55-0400,-58.0862,0.0006
038441c925bb,7896,2018-08-15T02:28:00-0400,-58.1063,0.0008
038441c925bb,7897,2018-08-15T02:28:05-0400,-58.1005,0.0008
038441c925bb,7898,2018-08-15T02:28:10-0400,-58.123,0.0007
038441c925bb,7899,2018-08-15T02:28:15-0400,-58.2005,0.0005
038441c925bb,7900,2018-08-15T02:28:20-0400,-58.1921,0.0007
038441c925bb,7901,2018-08-15T02:28:25-0400,-58.2224,0.0006
038441c925bb,7902,2018-08-15T02:28:30-0400,-58.2224,0.0006
038441c925bb,7903,2018-08-15T02:28:35-0400,-58.1887,0.0005
038441c925bb,7904,2018-08-15T02:28:40-0400,-58.2125,0.0006
038441c925bb,7905,2018-08-15T02:28:45-0400,-58.2342,0.0006
038441c925bb,7906,2018-08-15T02:28:50-0400,-58.2401,0.0006
038441c925bb,7907,2018-08-15T02:28:55-0400,-58.2244,0.0004
038441c925bb,7908,2018-08-15T02:29:00-0400,-58.2224,0.0003
038441c925bb,7909,2018-08-15T02:29:05-0400,-58.1999,0.0004
038441c925bb,7910,2018-08-15T02:29:10-0400,-58.2663,0.0005
038441c925bb,7911,2018-08-15T02:29:15-0400,-58.2864,0.0004
038441c925bb,7912,2018-08-15T02:29:20-0400,-58.2403,0.0008
038441c925bb,7913,2018-08-15T02:29:25-0400,-58.1559,0.0006
038441c925bb,7914,2018-08-15T02:29:30-0400,-58.2532,0.0008
038441c925bb,7915,2018-08-15T02:29:35-0400,-58.2376,0.0007
038441c925bb,7916,2018-08-15T02:29:40-0400,-58.3197,0.0006
038441c925bb,7917,2018-08-15T02:29:45-0400,-58.2973,0.0007
038441c925bb,7918,2018-08-15T02:29:50-0400,-58.2583,0.0005
038441c925bb,7919,2018-08-15T02:29:55-0400,-58.3804,0.0005
038441c925bb,7920,2018-08-15T02:30:00-0400,-58.4246,0.0007
038441c925bb,7921,2018-08-15T02:30:05-0400,-58.2914,0.0007
038441c925bb,7922,2018-08-15T02:30:10-0400,-58.3859,0.0015
038441c925bb,7923,2018-08-15T02:30:15-0400,-58.6965,0.0006
038441c925bb,7924,2018-08-15T02:30:20-0400,-58.8077,0.0004
038441c925bb,7925,2018-08-15T02:30:25-0400,-58.8592,0.0005
038441c925bb,7926,2018-08-15T02:30:30-0400,-58.8592,0.0007
038441c925bb,7927,2018-08-15T02:30:35-0400,-58.9015,0.0007
038441c925bb,7928,2018-08-15T02:30:40-0400,-58.918,0.0005
038441c925bb,7929,2018-08-15T02:30:45-0400,-58.9551,0.0009
038441c925bb,7930,2018-08-15T02:30:50-0400,-59.0316,0.0007
038441c925bb,7931,2018-08-15T02:30:55-0400,-59.0245,0.0008
038441c925bb,7932,2018-08-15T02:31:00-0400,-59.0749,0.0007
038441c925bb,7933,2018-08-15T02:31:05-0400,-59.1257,0.0008
038441c925bb,7934,2018-08-15T02:31:10-0400,-59.1776,0.0007
038441c925bb,7935,2018-08-15T02:31:15-0400,-59.2448,0.0009
038441c925bb,7936,2018-08-15T02:31:20-0400,-59.2166,0.001
038441c925bb,7937,2018-08-15T02:31:25-0400,-59.1628,0.0008
038441c925bb,7938,2018-08-15T02:31:30-0400,-59.2073,0.0005
038441c925bb,7939,2018-08-15T02:31:35-0400,-59.2742,0.0008
038441c925bb,7940,2018-08-15T02:31:40-0400,-59.2104,0.0009
038441c925bb,7941,2018-08-15T02:31:45-0400,-59.2318,0.0009
038441c925bb,7942,2018-08-15T02:31:50-0400,-59.3712,0.0012
038441c925bb,7943,2018-08-15T02:31:55-0400,-59.3381,0.001
038441c925bb,7944,2018-08-15T02:32:00-0400,-59.2192,0.0007
038441c925bb,7945,2018-08-15T02:32:05-0400,-59.3378,0.0008
038441c925bb,7946,2018-08-15T02:32:10-0400,-59.2267,0.001
038441c925bb,7947,2018-08-15T02:32:15-0400,-59.2661,0.0015
038441c925bb,7948,2018-08-15T02:32:20-0400,-59.3324,0.001
038441c925bb,7949,2018-08-15T02:32:25-0400,-59.367,0.001
038441c925bb,7950,2018-08-15T02:32:30-0400,-59.347,0.0012
038441c925bb,7951,2018-08-15T02:32:35-0400,-59.2678,0.0011
038441c925bb,7952,2018-08-15T02:32:40-0400,-59.3396,0.0012
038441c925bb,7953,2018-08-15T02:32:45-0400,-59.357,0.0011
038441c925bb,7954,2018-08-15T02:32:50-0400,-59.3663,0.0008
038441c925bb,7955,2018-08-15T02:32:55-0400,-59.403,0.0016
038441c925bb,7956,2018-08-15T02:33:00-0400,-59.5014,0.0013
038441c925bb,7957,2018-08-15T02:33:05-0400,-59.4735,0.0015
038441c925bb,7958,2018-08-15T02:33:10-0400,-59.526,0.0015
038441c925bb,7959,2018-08-15T02:33:15-0400,-59.4709,0.0013
038441c925bb,7960,2018-08-15T02:33:20-0400,-59.5261,0.0011
038441c925bb,7961,2018-08-15T02:33:25-0400,-59.5257,0.0014
038441c925bb,7962,2018-08-15T02:33:30-0400,-59.456,0.0012
038441c925bb,7963,2018-08-15T02:33:35-0400,-59.4505,0.001
038441c925bb,7964,2018-08-15T02:33:40-0400,-59.5378,0.0013
038441c925bb,7965,2018-08-15T02:33:45-0400,-59.6132,0.0013
038441c925bb,7966,2018-08-15T02:33:50-0400,-59.6216,0.0012
038441c925bb,7967,2018-08-15T02:33:55-0400,-59.5674,0.0013
038441c925bb,7968,2018-08-15T02:34:00-0400,-59.5742,0.0015
038441c925bb,7969,2018-08-15T02:34:05-0400,-59.5666,0.0016
038441c925bb,7970,2018-08-15T02:34:10-0400,-59.643,0.0015
038441c925bb,7971,2018-08-15T02:34:15-0400,-59.6348,0.0014
038441c925bb,7972,2018-08-15T02:34:20-0400,-59.6351,0.0015
038441c925bb,7973,2018-08-15T02:34:25-0400,-59.6695,0.0012
038441c925bb,7974,2018-08-15T02:34:30-0400,-59.6671,0.0013
038441c925bb,7975,2018-08-15T02:34:35-0400,-52.9737,0.0242
038441c925bb,7976,2018-08-15T02:34:40-0400,-43.2351,0.0169
038441c925bb,7977,2018-08-15T02:34:45-0400,-43.9058,0.0158
038441c925bb,7978,2018-08-15T02:34:50-0400,-44.0101,0.0164
038441c925bb,7979,2018-08-15T02:34:55-0400,-44.0984,0.0164
038441c925bb,7980,2018-08-15T02:35:00-0400,-44.0984,0.0167
038441c925bb,7981,2018-08-15T02:35:05-0400,-44.1921,0.0171
038441c925bb,7982,2018-08-15T02:35:10-0400,-44.218,0.0172
038441c925bb,7983,2018-08-15T02:35:15-0400,-44.2302,0.0165
038441c925bb,7984,2018-08-15T02:35:20-0400,-44.2728,0.0178
038441c925bb,7985,2018-08-15T02:35:25-0400,-44.2832,0.0172
038441c925bb,7986,2018-08-15T02:35:30-0400,-44.3978,0.0177
038441c925bb,7987,2018-08-15T02:35:35-0400,-44.4531,0.0181
038441c925bb,7988,2018-08-15T02:35:40-0400,-44.4119,0.0175
038441c925bb,7989,2018-08-15T02:35:45-0400,-44.383,0.0176
038441c925bb,7990,2018-08-15T02:35:50-0400,-44.3597,0.0182
038441c925bb,7991,2018-08-15T02:35:55-0400,-44.5493,0.0176
038441c925bb,7992,2018-08-15T02:36:00-0400,-44.6433,0.0183
038441c925bb,7993,2018-08-15T02:36:05-0400,-44.7136,0.0177
038441c925bb,7994,2018-08-15T02:36:10-0400,-44.6012,0.0178
038441c925bb,7995,2018-08-15T02:36:15-0400,-44.6419,0.018
038441c925bb,7996,2018-08-15T02:36:20-0400,-44.674,0.0179
038441c925bb,7997,2018-08-15T02:36:25-0400,-44.6799,0.0178
038441c925bb,7998,2018-08-15T02:36:30-0400,-44.8758,0.0174
038441c925bb,7999,2018-08-15T02:36:35-0400,-44.8578,0.0176
038441c925bb,8000,2018-08-15T02:36:40-0400,-44.8794,0.0172
038441c925bb,8001,2018-08-15T02:36:45-0400,-44.8812,0.0173
038441c925bb,8002,2018-08-15T02:36:50-0400,-44.8871,0.0173
038441c925bb,8003,2018-08-15T02:36:55-0400,-44.9504,0.0169
038441c925bb,8004,2018-08-15T02:37:00-0400,-44.9736,0.0167
038441c925bb,8005,2018-08-15T02:37:05-0400,-44.8903,0.0172
038441c925bb,8006,2018-08-15T02:37:10-0400,-44.9478,0.0169
038441c925bb,8007,2018-08-15T02:37:15-0400,-44.9112,0.0167
038441c925bb,8008,2018-08-15T02:37:20-0400,-44.9086,0.0171
038441c925bb,8009,2018-08-15T02:37:25-0400,-44.9086,0.0167
038441c925bb,8010,2018-08-15T02:37:30-0400,-44.9641,0.0161
038441c925bb,8011,2018-08-15T02:37:35-0400,-44.9803,0.0159
038441c925bb,8012,2018-08-15T02:37:40-0400,-45.0014,0.0161
038441c925bb,8013,2018-08-15T02:37:45-0400,-45.0113,0.0158
038441c925bb,8014,2018-08-15T02:37:50-0400,-45.0929,0.0155
038441c925bb,8015,2018-08-15T02:37:55-0400,-45.0596,0.0155
038441c925bb,8016,2018-08-15T02:38:00-0400,-45.1707,0.0152
038441c925bb,8017,2018-08-15T02:38:05-0400,-45.2025,0.0149
038441c925bb,8018,2018-08-15T02:38:10-0400,-45.2025,0.0149
038441c925bb,8019,2018-08-15T02:38:15-0400,-45.3715,0.0146
038441c925bb,8020,2018-08-15T02:38:20-0400,-45.4516,0.0145
038441c925bb,8021,2018-08-15T02:38:25-0400,-45.4516,0.0147
038441c925bb,8022,2018-08-15T02:38:30-0400,-45.4516,0.0141
038441c925bb,8023,2018-08-15T02:38:35-0400,-20.1861,0.0962
038441c925bb,8024,2018-08-15T02:38:40-0400,64.3718,0.0261
038441c925bb,8025,2018-08-15T02:38:45-0400,82.8433,1e-04
038441c925bb,8026,2018-08-15T02:38:50-0400,79.851,0.0019
038441c925bb,8027,2018-08-15T02:38:55-0400,87.3944,0.0018
038441c925bb,8028,2018-08-15T02:39:00-0400,70.9882,0.0011
038441c925bb,8029,2018-08-15T02:39:05-0400,70.847,0.0
038441c925bb,8030,2018-08-15T02:39:10-0400,70.8439,0.0
038441c925bb,8031,2018-08-15T02:39:15-0400,70.8241,0.0
038441c925bb,8032,2018-08-15T02:39:20-0400,70.847,0.0
038441c925bb,8033,2018-08-15T02:39:25-0400,70.8149,0.0
038441c925bb,8034,2018-08-15T02:39:30-0400,70.8332,0.0
038441c925bb,8035,2018-08-15T02:39:35-0400,70.8012,0.0
038441c925bb,8036,2018-08-15T02:39:40-0400,70.7706,0.0
038441c925bb,8037,2018-08-15T02:39:45-0400,70.7767,0.0
038441c925bb,8038,2018-08-15T02:39:50-0400,70.8287,0.0
038441c925bb,8039,2018-08-15T02:39:55-0400,70.7935,0.0
038441c925bb,8040,2018-08-15T02:40:00-0400,70.7828,0.0
038441c925bb,8041,2018-08-15T02:40:05-0400,70.7706,0.0
038441c925bb,8042,2018-08-15T02:40:10-0400,70.7737,0.0
038441c925bb,8043,2018-08-15T02:40:15-0400,70.7706,0.0
038441c925bb,8044,2018-08-15T02:40:20-0400,70.8363,0.0
038441c925bb,8045,2018-08-15T02:40:25-0400,70.847,0.0
038441c925bb,8046,2018-08-15T02:40:30-0400,70.847,0.0
038441c925bb,8047,2018-08-15T02:40:35-0400,70.8099,0.0
038441c925bb,8048,2018-08-15T02:40:40-0400,70.7784,0.0
038441c925bb,8049,2018-08-15T02:40:45-0400,70.8076,0.0
038441c925bb,8050,2018-08-15T02:40:50-0400,70.8412,0.0
038441c925bb,8051,2018-08-15T02:40:55-0400,70.7893,0.0
038441c925bb,8052,2018-08-15T02:41:00-0400,70.7801,0.0
038441c925bb,8053,2018-08-15T02:41:05-0400,70.7801,0.0
038441c925bb,8054,2018-08-15T02:41:10-0400,70.7801,0.0
038441c925bb,8055,2018-08-15T02:41:15-0400,70.8106,0.0
038441c925bb,8056,2018-08-15T02:41:20-0400,70.8351,0.0
038441c925bb,8057,2018-08-15T02:41:25-0400,70.8152,0.0
038441c925bb,8058,2018-08-15T02:41:30-0400,70.8305,0.0
038441c925bb,8059,2018-08-15T02:41:35-0400,70.7801,0.0
038441c925bb,8060,2018-08-15T02:41:40-0400,70.8152,0.0
038441c925bb,8061,2018-08-15T02:41:45-0400,70.8427,0.0
038441c925bb,8062,2018-08-15T02:41:50-0400,70.568,0.0002
038441c925bb,8063,2018-08-15T02:41:55-0400,69.2708,0.001
038441c925bb,8064,2018-08-15T02:42:00-0400,69.4688,0.0
038441c925bb,8065,2018-08-15T02:42:05-0400,69.5941,0.0
038441c925bb,8066,2018-08-15T02:42:10-0400,69.6605,0.0
038441c925bb,8067,2018-08-15T02:42:15-0400,69.5915,0.0
038441c925bb,8068,2018-08-15T02:42:20-0400,69.6713,0.0
038441c925bb,8069,2018-08-15T02:42:25-0400,69.6277,0.0
038441c925bb,8070,2018-08-15T02:42:30-0400,69.4512,0.0
038441c925bb,8071,2018-08-15T02:42:35-0400,69.5158,0.0
038441c925bb,8072,2018-08-15T02:42:40-0400,69.5416,0.0
038441c925bb,8073,2018-08-15T02:42:45-0400,69.6622,0.0
038441c925bb,8074,2018-08-15T02:42:50-0400,69.6622,0.0
038441c925bb,8075,2018-08-15T02:42:55-0400,69.6622,0.0
038441c925bb,8076,2018-08-15T02:43:00-0400,69.6234,0.0
038441c925bb,8077,2018-08-15T02:43:05-0400,69.6622,0.0
038441c925bb,8078,2018-08-15T02:43:10-0400,69.6622,0.0
038441c925bb,8079,2018-08-15T02:43:15-0400,69.6622,0.0
038441c925bb,8080,2018-08-15T02:43:20-0400,69.6622,0.0
038441c925bb,8081,2018-08-15T02:43:25-0400,69.6622,0.0
038441c925bb,8082,2018-08-15T02:43:30-0400,69.6622,0.0
038441c925bb,8083,2018-08-15T02:43:35-0400,69.6622,0.0
038441c925bb,8084,2018-08-15T02:43:40-0400,69.4684,0.0
038441c925bb,8085,2018-08-15T02:43:45-0400,69.6105,0.0
038441c925bb,8086,2018-08-15T02:43:50-0400,69.6622,0.0
038441c925bb,8087,2018-08-15T02:43:55-0400,69.6622,0.0
038441c925bb,8088,2018-08-15T02:44:00-0400,69.6622,0.0
038441c925bb,8089,2018-08-15T02:44:05-0400,69.6622,0.0
038441c925bb,8090,2018-08-15T02:44:10-0400,69.6622,0.0
038441c925bb,8091,2018-08-15T02:44:15-0400,69.6579,0.0
038441c925bb,8092,2018-08-15T02:44:20-0400,69.4942,0.0
038441c925bb,8093,2018-08-15T02:44:25-0400,69.6622,0.0
038441c925bb,8094,2018-08-15T02:44:30-0400,69.6622,0.0
038441c925bb,8095,2018-08-15T02:44:35-0400,69.5416,0.0
038441c925bb,8096,2018-08-15T02:44:40-0400,69.6622,0.0
038441c925bb,8097,2018-08-15T02:44:45-0400,69.6622,0.0
038441c925bb,8098,2018-08-15T02:44:50-0400,69.6579,0.0
038441c925bb,8099,2018-08-15T02:44:55-0400,69.6622,0.0
038441c925bb,8100,2018-08-15T02:45:00-0400,69.6622,0.0
038441c925bb,8101,2018-08-15T02:45:05-0400,69.6622,0.0
038441c925bb,8102,2018-08-15T02:45:10-0400,69.6622,0.0
038441c925bb,8103,2018-08-15T02:45:15-0400,69.6622,0.0
038441c925bb,8104,2018-08-15T02:45:20-0400,69.6622,0.0
038441c925bb,8105,2018-08-15T02:45:25-0400,69.6622,0.0
038441c925bb,8106,2018-08-15T02:45:30-0400,69.6622,0.0
038441c925bb,8107,2018-08-15T02:45:35-0400,69.6234,0.0
038441c925bb,8108,2018-08-15T02:45:40-0400,69.6622,0.0
038441c925bb,8109,2018-08-15T02:45:45-0400,69.6622,0.0
038441c925bb,8110,2018-08-15T02:45:50-0400,69.7399,0.0
038441c925bb,8111,2018-08-15T02:45:55-0400,77.5408,0.0007
038441c925bb,8112,2018-08-15T02:46:00-0400,45.0245,0.0294
038441c925bb,8113,2018-08-15T02:46:05-0400,-46.3606,0.0005
038441c925bb,8114,2018-08-15T02:46:10-0400,-46.517,0.0
038441c925bb,8115,2018-08-15T02:46:15-0400,-46.6286,0.0
038441c925bb,8116,2018-08-15T02:46:20-0400,-46.7183,0.0
038441c925bb,8117,2018-08-15T02:46:25-0400,-46.6713,0.0
038441c925bb,8118,2018-08-15T02:46:30-0400,-46.6597,0.0
038441c925bb,8119,2018-08-15T02:46:35-0400,-46.6711,0.0
038441c925bb,8120,2018-08-15T02:46:40-0400,-46.6854,0.0003
038441c925bb,8121,2018-08-15T02:46:45-0400,-46.9266,1e-04
038441c925bb,8122,2018-08-15T02:46:50-0400,-47.0814,0.0
038441c925bb,8123,2018-08-15T02:46:55-0400,-47.1594,0.0
038441c925bb,8124,2018-08-15T02:47:00-0400,-47.1337,0.0
038441c925bb,8125,2018-08-15T02:47:05-0400,-47.1687,0.0
038441c925bb,8126,2018-08-15T02:47:10-0400,-47.1628,0.0
038441c925bb,8127,2018-08-15T02:47:15-0400,-47.175,0.0
038441c925bb,8128,2018-08-15T02:47:20-0400,-47.1595,0.0
038441c925bb,8129,2018-08-15T02:47:25-0400,-47.1502,0.0
038441c925bb,8130,2018-08-15T02:47:30-0400,-47.1795,0.0
038441c925bb,8131,2018-08-15T02:47:35-0400,-47.1597,0.0
038441c925bb,8132,2018-08-15T02:47:40-0400,-47.6451,0.0002
038441c925bb,8133,2018-08-15T02:47:45-0400,-48.7675,0.0011
038441c925bb,8134,2018-08-15T02:47:50-0400,-49.1974,0.0
038441c925bb,8135,2018-08-15T02:47:55-0400,-49.2826,0.0
038441c925bb,8136,2018-08-15T02:48:00-0400,-49.2096,0.0
038441c925bb,8137,2018-08-15T02:48:05-0400,-49.3084,0.0
038441c925bb,8138,2018-08-15T02:48:10-0400,-49.3487,0.0
038441c925bb,8139,2018-08-15T02:48:15-0400,-49.2287,0.0
038441c925bb,8140,2018-08-15T02:48:20-0400,-49.2411,0.0
038441c925bb,8141,2018-08-15T02:48:25-0400,-49.3087,0.0
038441c925bb,8142,2018-08-15T02:48:30-0400,-49.2634,0.0
038441c925bb,8143,2018-08-15T02:48:35-0400,-49.2849,0.0
038441c925bb,8144,2018-08-15T02:48:40-0400,-49.2488,0.0
038441c925bb,8145,2018-08-15T02:48:45-0400,-49.261,0.0
038441c925bb,8146,2018-08-15T02:48:50-0400,-49.2756,0.0
038441c925bb,8147,2018-08-15T02:48:55-0400,-49.2261,0.0
038441c925bb,8148,2018-08-15T02:49:00-0400,-49.2137,0.0
038441c925bb,8149,2018-08-15T02:49:05-0400,-49.1808,0.0
038441c925bb,8150,2018-08-15T02:49:10-0400,-49.2823,0.0
038441c925bb,8151,2018-08-15T02:49:15-0400,-49.3129,0.0
038441c925bb,8152,2018-08-15T02:49:20-0400,-49.3168,0.0
038441c925bb,8153,2018-08-15T02:49:25-0400,-49.2496,0.0
038441c925bb,8154,2018-08-15T02:49:30-0400,-49.3218,0.0
038441c925bb,8155,2018-08-15T02:49:35-0400,-49.3466,0.0
038441c925bb,8156,2018-08-15T02:49:40-0400,-49.2206,0.0
038441c925bb,8157,2018-08-15T02:49:45-0400,-49.3077,0.0
038441c925bb,8158,2018-08-15T02:49:50-0400,-49.2517,0.0
038441c925bb,8159,2018-08-15T02:49:55-0400,-49.3438,0.001
038441c925bb,8160,2018-08-15T02:50:00-0400,0.8496,0.083
038441c925bb,8161,2018-08-15T02:50:05-0400,81.7219,0.0027
038441c925bb,8162,2018-08-15T02:50:10-0400,81.7312,0.0
038441c925bb,8163,2018-08-15T02:50:15-0400,81.7968,0.0
038441c925bb,8164,2018-08-15T02:50:20-0400,81.7938,0.0
038441c925bb,8165,2018-08-15T02:50:25-0400,81.7755,0.0
038441c925bb,8166,2018-08-15T02:50:30-0400,81.7049,0.0
038441c925bb,8167,2018-08-15T02:50:35-0400,81.6372,0.0
038441c925bb,8168,2018-08-15T02:50:40-0400,81.6199,0.0
038441c925bb,8169,2018-08-15T02:50:45-0400,81.6199,0.0
038441c925bb,8170,2018-08-15T02:50:50-0400,81.5386,0.0
038441c925bb,8171,2018-08-15T02:50:55-0400,81.4917,0.0
038441c925bb,8172,2018-08-15T02:51:00-0400,81.4454,0.0
038441c925bb,8173,2018-08-15T02:51:05-0400,81.5142,0.0
038441c925bb,8174,2018-08-15T02:51:10-0400,81.4951,0.0
038441c925bb,8175,2018-08-15T02:51:15-0400,81.4893,0.0
038441c925bb,8176,2018-08-15T02:51:20-0400,81.5295,0.0
038441c925bb,8177,2018-08-15T02:51:25-0400,81.5295,0.0
038441c925bb,8178,2018-08-15T02:51:30-0400,81.5295,0.0
038441c925bb,8179,2018-08-15T02:51:35-0400,81.5219,0.0
038441c925bb,8180,2018-08-15T02:51:40-0400,81.5295,0.0
038441c925bb,8181,2018-08-15T02:51:45-0400,81.453,0.0
038441c925bb,8182,2018-08-15T02:51:50-0400,81.4396,0.0
038441c925bb,8183,2018-08-15T02:51:55-0400,81.4644,1e-04
038441c925bb,8184,2018-08-15T02:52:00-0400,74.7438,0.0006
038441c925bb,8185,2018-08-15T02:52:05-0400,86.5487,1e-04
038441c925bb,8186,2018-08-15T02:52:10-0400,59.9129,0.0292
038441c925bb,8187,2018-08-15T02:52:15-0400,-12.1032,0.1244
038441c925bb,8188,2018-08-15T02:52:20-0400,-68.1793,0.0829
038441c925bb,8189,2018-08-15T02:52:25-0400,-69.2216,0.0185
038441c925bb,8190,2018-08-15T02:52:30-0400,-69.3731,0.0176
038441c925bb,8191,2018-08-15T02:52:35-0400,-69.4614,0.0174
038441c925bb,8192,2018-08-15T02:52:40-0400,-69.4503,0.0171
038441c925bb,8193,2018-08-15T02:52:45-0400,-67.7008,0.0343
038441c925bb,8194,2018-08-15T02:52:50-0400,-54.6765,0.0261
038441c925bb,8195,2018-08-15T02:52:55-0400,-34.0298,0.0317
038441c925bb,8196,2018-08-15T02:53:00-0400,-28.9485,0.0053
038441c925bb,8197,2018-08-15T02:53:05-0400,-28.4272,0.0044
038441c925bb,8198,2018-08-15T02:53:10-0400,-27.5343,0.0063
038441c925bb,8199,2018-08-15T02:53:15-0400,-31.2673,0.0931
038441c925bb,8200,2018-08-15T02:53:20-0400,-10.8963,0.015
038441c925bb,8201,2018-08-15T02:53:25-0400,-8.4884,0.0125
038441c925bb,8202,2018-08-15T02:53:30-0400,-7.6209,0.0113
038441c925bb,8203,2018-08-15T02:53:35-0400,-7.2602,0.0114
038441c925bb,8204,2018-08-15T02:53:40-0400,-7.0988,0.0114
038441c925bb,8205,2018-08-15T02:53:45-0400,-6.9273,0.0114
038441c925bb,8206,2018-08-15T02:53:50-0400,-6.7967,0.011
038441c925bb,8207,2018-08-15T02:53:55-0400,-6.6472,0.0116
038441c925bb,8208,2018-08-15T02:54:00-0400,-6.3768,0.0113
038441c925bb,8209,2018-08-15T02:54:05-0400,-6.0317,0.0111
038441c925bb,8210,2018-08-15T02:54:10-0400,-5.7992,0.0109
038441c925bb,8211,2018-08-15T02:54:15-0400,-5.6522,0.0105
038441c925bb,8212,2018-08-15T02:54:20-0400,-5.504,0.0105
038441c925bb,8213,2018-08-15T02:54:25-0400,-5.4963,0.0105
038441c925bb,8214,2018-08-15T02:54:30-0400,-5.3443,0.0108
038441c925bb,8215,2018-08-15T02:54:35-0400,-5.5082,0.0111
038441c925bb,8216,2018-08-15T02:54:40-0400,-5.757,0.0114
038441c925bb,8217,2018-08-15T02:54:45-0400,-5.6486,0.0108
038441c925bb,8218,2018-08-15T02:54:50-0400,-5.5674,0.011
038441c925bb,8219,2018-08-15T02:54:55-0400,-8.0173,0.015
038441c925bb,8220,2018-08-15T02:55:00-0400,-10.3197,0.0161
038441c925bb,8221,2018-08-15T02:55:05-0400,-9.9484,0.0159
038441c925bb,8222,2018-08-15T02:55:10-0400,-9.8485,0.0154
038441c925bb,8223,2018-08-15T02:55:15-0400,-9.7199,0.0152
038441c925bb,8224,2018-08-15T02:55:20-0400,-9.5946,0.015
038441c925bb,8225,2018-08-15T02:55:25-0400,-9.3408,0.0149
038441c925bb,8226,2018-08-15T02:55:30-0400,-9.3007,0.0146
038441c925bb,8227,2018-08-15T02:55:35-0400,-8.9795,0.0141
038441c925bb,8228,2018-08-15T02:55:40-0400,-8.8544,0.0142
038441c925bb,8229,2018-08-15T02:55:45-0400,-8.8454,0.0142
038441c925bb,8230,2018-08-15T02:55:50-0400,-8.8543,0.0143
038441c925bb,8231,2018-08-15T02:55:55-0400,-9.5146,0.0157
038441c925bb,8232,2018-08-15T02:56:00-0400,-9.3757,0.0149
038441c925bb,8233,2018-08-15T02:56:05-0400,-9.2644,0.0152
038441c925bb,8234,2018-08-15T02:56:10-0400,-9.1975,0.0152
038441c925bb,8235,2018-08-15T02:56:15-0400,-9.0772,0.0151
038441c925bb,8236,2018-08-15T02:56:20-0400,-9.0727,0.0151
038441c925bb,8237,2018-08-15T02:56:25-0400,-9.0713,0.0149
038441c925bb,8238,2018-08-15T02:56:30-0400,-9.0689,0.0152
038441c925bb,8239,2018-08-15T02:56:35-0400,-9.0727,0.0152
038441c925bb,8240,2018-08-15T02:56:40-0400,-9.0642,0.015
038441c925bb,8241,2018-08-15T02:56:45-0400,-9.0721,0.0149
038441c925bb,8242,2018-08-15T02:56:50-0400,-9.0033,0.015
038441c925bb,8243,2018-08-15T02:56:55-0400,-8.9388,0.015
038441c925bb,8244,2018-08-15T02:57:00-0400,-8.9209,0.0154
038441c925bb,8245,2018-08-15T02:57:05-0400,-8.8494,0.0149
038441c925bb,8246,2018-08-15T02:57:10-0400,-8.8461,0.0151
038441c925bb,8247,2018-08-15T02:57:15-0400,-8.846,0.0152
038441c925bb,8248,2018-08-15T02:57:20-0400,-8.847,0.015
038441c925bb,8249,2018-08-15T02:57:25-0400,-8.8458,0.0152
038441c925bb,8250,2018-08-15T02:57:30-0400,-8.8446,0.0152
038441c925bb,8251,2018-08-15T02:57:35-0400,-8.8446,0.0149
038441c925bb,8252,2018-08-15T02:57:40-0400,-8.8446,0.0152
038441c925bb,8253,2018-08-15T02:57:45-0400,-8.8446,0.0149
038441c925bb,8254,2018-08-15T02:57:50-0400,-8.9193,0.0149
038441c925bb,8255,2018-08-15T02:57:55-0400,-9.0637,0.0152
038441c925bb,8256,2018-08-15T02:58:00-0400,-9.0637,0.0152
038441c925bb,8257,2018-08-15T02:58:05-0400,-9.0637,0.0153
038441c925bb,8258,2018-08-15T02:58:10-0400,-9.0191,0.0153
038441c925bb,8259,2018-08-15T02:58:15-0400,-8.8408,0.0153
038441c925bb,8260,2018-08-15T02:58:20-0400,-8.8408,0.0153
038441c925bb,8261,2018-08-15T02:58:25-0400,-8.8853,0.0153
038441c925bb,8262,2018-08-15T02:58:30-0400,-8.8853,0.0151
038441c925bb,8263,2018-08-15T02:58:35-0400,-8.8408,0.0153
038441c925bb,8264,2018-08-15T02:58:40-0400,-8.8408,0.0153
038441c925bb,8265,2018-08-15T02:58:45-0400,-8.836,0.0155
038441c925bb,8266,2018-08-15T02:58:50-0400,-8.837,0.0157
038441c925bb,8267,2018-08-15T02:58:55-0400,-8.8359,0.0155
038441c925bb,8268,2018-08-15T02:59:00-0400,-8.836,0.0156
038441c925bb,8269,2018-08-15T02:59:05-0400,-8.8356,0.0154
038441c925bb,8270,2018-08-15T02:59:10-0400,-8.8357,0.0154
038441c925bb,8271,2018-08-15T02:59:15-0400,-8.8356,0.0153
038441c925bb,8272,2018-08-15T02:59:20-0400,-8.839,0.0154
038441c925bb,8273,2018-08-15T02:59:25-0400,-8.8368,0.0155
038441c925bb,8274,2018-08-15T02:59:30-0400,-8.8356,0.0155
038441c925bb,8275,2018-08-15T02:59:35-0400,-8.8357,0.0154
038441c925bb,8276,2018-08-15T02:59:40-0400,-8.8356,0.0155
038441c925bb,8277,2018-08-15T02:59:45-0400,-8.8356,0.0155
038441c925bb,8278,2018-08-15T02:59:50-0400,-8.8363,0.0155
038441c925bb,8279,2018-08-15T02:59:55-0400,-8.8356,0.0156
038441c925bb,8280,2018-08-15T03:00:00-0400,-8.8357,0.0155
038441c925bb,8281,2018-08-15T03:00:05-0400,-8.8368,0.0156
038441c925bb,8282,2018-08-15T03:00:10-0400,-8.8357,0.0157
038441c925bb,8283,2018-08-15T03:00:15-0400,-8.8357,0.0154
038441c925bb,8284,2018-08-15T03:00:20-0400,-8.8356,0.0154
038441c925bb,8285,2018-08-15T03:00:25-0400,-8.8356,0.0153
038441c925bb,8286,2018-08-15T03:00:30-0400,-8.8088,0.0156
038441c925bb,8287,2018-08-15T03:00:35-0400,-8.7195,0.0154
038441c925bb,8288,2018-08-15T03:00:40-0400,-8.7731,0.0153
038441c925bb,8289,2018-08-15T03:00:45-0400,-8.6794,0.0155
038441c925bb,8290,2018-08-15T03:00:50-0400,-8.7642,0.0153
038441c925bb,8291,2018-08-15T03:00:55-0400,-8.7017,0.0152
038441c925bb,8292,2018-08-15T03:01:00-0400,-8.6526,0.0152
038441c925bb,8293,2018-08-15T03:01:05-0400,-8.6125,0.0148
038441c925bb,8294,2018-08-15T03:01:10-0400,-8.6125,0.0152
038441c925bb,8295,2018-08-15T03:01:15-0400,-8.6125,0.0151
038441c925bb,8296,2018-08-15T03:01:20-0400,-8.6125,0.0152
038441c925bb,8297,2018-08-15T03:01:25-0400,-8.6125,0.0152
038441c925bb,8298,2018-08-15T03:01:30-0400,-8.4561,0.0151
038441c925bb,8299,2018-08-15T03:01:35-0400,-8.3522,0.0151
038441c925bb,8300,2018-08-15T03:01:40-0400,-8.3891,0.0152
038441c925bb,8301,2018-08-15T03:01:45-0400,-8.4606,0.015
038441c925bb,8302,2018-08-15T03:01:50-0400,-8.3891,0.015
038441c925bb,8303,2018-08-15T03:01:55-0400,-8.3824,0.0148
038441c925bb,8304,2018-08-15T03:02:00-0400,-8.3857,0.0149
038441c925bb,8305,2018-08-15T03:02:05-0400,-8.3354,0.0146
038441c925bb,8306,2018-08-15T03:02:10-0400,-8.3891,0.0148
038441c925bb,8307,2018-08-15T03:02:15-0400,-8.3455,0.015
038441c925bb,8308,2018-08-15T03:02:20-0400,-8.532,0.0151
038441c925bb,8309,2018-08-15T03:02:25-0400,-8.5008,0.0151
038441c925bb,8310,2018-08-15T03:02:30-0400,-8.4114,0.015
038441c925bb,8311,2018-08-15T03:02:35-0400,-8.3891,0.0151
038441c925bb,8312,2018-08-15T03:02:40-0400,-8.3891,0.0149
038441c925bb,8313,2018-08-15T03:02:45-0400,-8.3891,0.0151
038441c925bb,8314,2018-08-15T03:02:50-0400,-8.4695,0.0151
038441c925bb,8315,2018-08-15T03:02:55-0400,-8.3891,0.0154
038441c925bb,8316,2018-08-15T03:03:00-0400,-8.3891,0.0154
038441c925bb,8317,2018-08-15T03:03:05-0400,-8.3891,0.0144
038441c925bb,8318,2018-08-15T03:03:10-0400,-8.3857,0.0149
038441c925bb,8319,2018-08-15T03:03:15-0400,-8.3555,0.015
038441c925bb,8320,2018-08-15T03:03:20-0400,-8.3891,0.0146
038441c925bb,8321,2018-08-15T03:03:25-0400,-8.3891,0.0149
038441c925bb,8322,2018-08-15T03:03:30-0400,-8.3891,0.0148
038441c925bb,8323,2018-08-15T03:03:35-0400,-8.3891,0.0149
038441c925bb,8324,2018-08-15T03:03:40-0400,-8.3354,0.0149
038441c925bb,8325,2018-08-15T03:03:45-0400,-8.3522,0.0153
038441c925bb,8326,2018-08-15T03:03:50-0400,-8.3455,0.0148
038441c925bb,8327,2018-08-15T03:03:55-0400,-8.3589,0.0149
038441c925bb,8328,2018-08-15T03:04:00-0400,-8.3287,0.0149
038441c925bb,8329,2018-08-15T03:04:05-0400,-8.3254,0.0145
038441c925bb,8330,2018-08-15T03:04:10-0400,-8.2616,0.0149
038441c925bb,8331,2018-08-15T03:04:15-0400,-8.2281,0.0147
038441c925bb,8332,2018-08-15T03:04:20-0400,-8.2281,0.0149
038441c925bb,8333,2018-08-15T03:04:25-0400,-8.2214,0.015
038441c925bb,8334,2018-08-15T03:04:30-0400,-8.2351,0.0149
038441c925bb,8335,2018-08-15T03:04:35-0400,-8.2314,0.0148
038441c925bb,8336,2018-08-15T03:04:40-0400,-8.2247,0.0149
038441c925bb,8337,2018-08-15T03:04:45-0400,-8.265,0.0148
038441c925bb,8338,2018-08-15T03:04:50-0400,-8.2214,0.0149
038441c925bb,8339,2018-08-15T03:04:55-0400,-8.2214,0.0147
038441c925bb,8340,2018-08-15T03:05:00-0400,-8.2314,0.0149
038441c925bb,8341,2018-08-15T03:05:05-0400,-8.2247,0.0149
038441c925bb,8342,2018-08-15T03:05:10-0400,-8.2214,0.0151
038441c925bb,8343,2018-08-15T03:05:15-0400,-8.2214,0.0149
038441c925bb,8344,2018-08-15T03:05:20-0400,-8.2035,0.015
038441c925bb,8345,2018-08-15T03:05:25-0400,-8.1408,0.0146
038441c925bb,8346,2018-08-15T03:05:30-0400,-8.1363,0.0146
038441c925bb,8347,2018-08-15T03:05:35-0400,-8.1721,0.0148
038441c925bb,8348,2018-08-15T03:05:40-0400,-8.2026,0.0148
038441c925bb,8349,2018-08-15T03:05:45-0400,-7.9881,0.0154
038441c925bb,8350,2018-08-15T03:05:50-0400,-8.2633,0.0158
038441c925bb,8351,2018-08-15T03:05:55-0400,-8.399,0.0161
038441c925bb,8352,2018-08-15T03:06:00-0400,-8.4859,0.016
038441c925bb,8353,2018-08-15T03:06:05-0400,-8.4369,0.0159
038441c925bb,8354,2018-08-15T03:06:10-0400,-8.379,0.016
038441c925bb,8355,2018-08-15T03:06:15-0400,-8.4037,0.0157
038441c925bb,8356,2018-08-15T03:06:20-0400,-8.5314,0.0159
038441c925bb,8357,2018-08-15T03:06:25-0400,-8.6073,0.016
038441c925bb,8358,2018-08-15T03:06:30-0400,-8.5939,0.0156
038441c925bb,8359,2018-08-15T03:06:35-0400,-8.4867,0.0156
038441c925bb,8360,2018-08-15T03:06:40-0400,-8.5849,0.0159
038441c925bb,8361,2018-08-15T03:06:45-0400,-8.6073,0.0159
038441c925bb,8362,2018-08-15T03:06:50-0400,-8.6073,0.0159
038441c925bb,8363,2018-08-15T03:06:55-0400,-8.5001,0.0155
038441c925bb,8364,2018-08-15T03:07:00-0400,-8.5537,0.0158
038441c925bb,8365,2018-08-15T03:07:05-0400,-8.576,0.0157
038441c925bb,8366,2018-08-15T03:07:10-0400,-8.5939,0.0157
038441c925bb,8367,2018-08-15T03:07:15-0400,-8.5497,0.0158
038441c925bb,8368,2018-08-15T03:07:20-0400,-8.8222,0.0156
038441c925bb,8369,2018-08-15T03:07:25-0400,-8.8356,0.0158
038441c925bb,8370,2018-08-15T03:07:30-0400,-8.8356,0.0158
038441c925bb,8371,2018-08-15T03:07:35-0400,-8.8344,0.0159
038441c925bb,8372,2018-08-15T03:07:40-0400,-8.8356,0.0158
038441c925bb,8373,2018-08-15T03:07:45-0400,-8.8355,0.0158
038441c925bb,8374,2018-08-15T03:07:50-0400,-8.8356,0.0156
038441c925bb,8375,2018-08-15T03:07:55-0400,-8.8356,0.0156
038441c925bb,8376,2018-08-15T03:08:00-0400,-8.7017,0.0155
038441c925bb,8377,2018-08-15T03:08:05-0400,-8.8356,0.0152
038441c925bb,8378,2018-08-15T03:08:10-0400,-8.8356,0.0157
038441c925bb,8379,2018-08-15T03:08:15-0400,-8.8356,0.0155
038441c925bb,8380,2018-08-15T03:08:20-0400,-8.8326,0.0159
038441c925bb,8381,2018-08-15T03:08:25-0400,-8.8356,0.0156
038441c925bb,8382,2018-08-15T03:08:30-0400,-8.8356,0.0158
038441c925bb,8383,2018-08-15T03:08:35-0400,-8.8356,0.0154
038441c925bb,8384,2018-08-15T03:08:40-0400,-8.8356,0.0155
038441c925bb,8385,2018-08-15T03:08:45-0400,-8.8347,0.0155
038441c925bb,8386,2018-08-15T03:08:50-0400,-8.8215,0.0157
038441c925bb,8387,2018-08-15T03:08:55-0400,-8.6839,0.0154
038441c925bb,8388,2018-08-15T03:09:00-0400,-8.8133,0.0156
038441c925bb,8389,2018-08-15T03:09:05-0400,-8.773,0.0159
038441c925bb,8390,2018-08-15T03:09:10-0400,-8.8083,0.0156
038441c925bb,8391,2018-08-15T03:09:15-0400,-8.8088,0.0157
038441c925bb,8392,2018-08-15T03:09:20-0400,-8.6348,0.0157
038441c925bb,8393,2018-08-15T03:09:25-0400,-8.6303,0.0155
038441c925bb,8394,2018-08-15T03:09:30-0400,-8.7285,0.0155
038441c925bb,8395,2018-08-15T03:09:35-0400,-8.8356,0.0157
038441c925bb,8396,2018-08-15T03:09:40-0400,-8.8088,0.0158
038441c925bb,8397,2018-08-15T03:09:45-0400,-8.6214,0.0156
038441c925bb,8398,2018-08-15T03:09:50-0400,-8.7062,0.0155
038441c925bb,8399,2018-08-15T03:09:55-0400,-8.6437,0.0155
038441c925bb,8400,2018-08-15T03:10:00-0400,-8.724,0.0156
038441c925bb,8401,2018-08-15T03:10:05-0400,-8.7865,0.0155
038441c925bb,8402,2018-08-15T03:10:10-0400,-8.6125,0.0155
038441c925bb,8403,2018-08-15T03:10:15-0400,-8.611,0.0156
038441c925bb,8404,2018-08-15T03:10:20-0400,-8.6125,0.0154
038441c925bb,8405,2018-08-15T03:10:25-0400,-8.6392,0.0153
038441c925bb,8406,2018-08-15T03:10:30-0400,-8.6125,0.0156
038441c925bb,8407,2018-08-15T03:10:35-0400,-8.6119,0.0155
038441c925bb,8408,2018-08-15T03:10:40-0400,-8.6125,0.0156
038441c925bb,8409,2018-08-15T03:10:45-0400,-8.6125,0.0156
038441c925bb,8410,2018-08-15T03:10:50-0400,-8.6125,0.0157
038441c925bb,8411,2018-08-15T03:10:55-0400,-8.6125,0.0158
038441c925bb,8412,2018-08-15T03:11:00-0400,-8.6125,0.0154
038441c925bb,8413,2018-08-15T03:11:05-0400,-4.0757,0.0128
038441c925bb,8414,2018-08-15T03:11:10-0400,3.8092,0.0056
038441c925bb,8415,2018-08-15T03:11:15-0400,2.6269,0.0068
038441c925bb,8416,2018-08-15T03:11:20-0400,2.3236,0.007
038441c925bb,8417,2018-08-15T03:11:25-0400,2.3442,0.0069
038441c925bb,8418,2018-08-15T03:11:30-0400,2.2533,0.0069
038441c925bb,8419,2018-08-15T03:11:35-0400,2.2189,0.0069
038441c925bb,8420,2018-08-15T03:11:40-0400,2.1484,0.0066
038441c925bb,8421,2018-08-15T03:11:45-0400,1.6972,0.0075
038441c925bb,8422,2018-08-15T03:11:50-0400,1.5968,0.0074
038441c925bb,8423,2018-08-15T03:11:55-0400,1.3508,0.0076
038441c925bb,8424,2018-08-15T03:12:00-0400,1.2381,0.0081
038441c925bb,8425,2018-08-15T03:12:05-0400,1.2889,0.0078
038441c925bb,8426,2018-08-15T03:12:10-0400,1.1753,0.0077
038441c925bb,8427,2018-08-15T03:12:15-0400,1.2881,0.0086
038441c925bb,8428,2018-08-15T03:12:20-0400,1.6604,0.0074
038441c925bb,8429,2018-08-15T03:12:25-0400,1.5216,0.0079
038441c925bb,8430,2018-08-15T03:12:30-0400,1.3584,0.0081
038441c925bb,8431,2018-08-15T03:12:35-0400,0.9948,0.0086
038441c925bb,8432,2018-08-15T03:12:40-0400,0.951,0.0085
038441c925bb,8433,2018-08-15T03:12:45-0400,0.9109,0.0081
038441c925bb,8434,2018-08-15T03:12:50-0400,0.9437,0.0084
038441c925bb,8435,2018-08-15T03:12:55-0400,0.9081,0.0085
038441c925bb,8436,2018-08-15T03:13:00-0400,0.9069,0.0087
038441c925bb,8437,2018-08-15T03:13:05-0400,0.8674,0.0082
038441c925bb,8438,2018-08-15T03:13:10-0400,0.8373,0.0083
038441c925bb,8439,2018-08-15T03:13:15-0400,0.898,0.0087
038441c925bb,8440,2018-08-15T03:13:20-0400,0.7858,0.0084
038441c925bb,8441,2018-08-15T03:13:25-0400,0.9174,0.0085
038441c925bb,8442,2018-08-15T03:13:30-0400,1.8431,0.0151
038441c925bb,8443,2018-08-15T03:13:35-0400,-24.5254,0.0504
038441c925bb,8444,2018-08-15T03:13:40-0400,-65.3269,0.0207
038441c925bb,8445,2018-08-15T03:13:45-0400,-66.2451,0.0167
038441c925bb,8446,2018-08-15T03:13:50-0400,-66.3565,0.017
038441c925bb,8447,2018-08-15T03:13:55-0400,-66.3743,0.0172
038441c925bb,8448,2018-08-15T03:14:00-0400,-66.3328,0.0169
038441c925bb,8449,2018-08-15T03:14:05-0400,-66.405,0.0171
038441c925bb,8450,2018-08-15T03:14:10-0400,-66.3604,0.0173
038441c925bb,8451,2018-08-15T03:14:15-0400,-59.9206,0.0409
038441c925bb,8452,2018-08-15T03:14:20-0400,-0.0525,0.0349
038441c925bb,8453,2018-08-15T03:14:25-0400,62.914,0.0002
038441c925bb,8454,2018-08-15T03:14:30-0400,62.905,1e-04
038441c925bb,8455,2018-08-15T03:14:35-0400,62.905,1e-04
038441c925bb,8456,2018-08-15T03:14:40-0400,62.8992,1e-04
038441c925bb,8457,2018-08-15T03:14:45-0400,62.8919,1e-04
038441c925bb,8458,2018-08-15T03:14:50-0400,62.8878,0.0002
038441c925bb,8459,2018-08-15T03:14:55-0400,62.8919,1e-04
038441c925bb,8460,2018-08-15T03:15:00-0400,62.8919,0.0002
038441c925bb,8461,2018-08-15T03:15:05-0400,62.8837,0.0002
038441c925bb,8462,2018-08-15T03:15:10-0400,62.8919,1e-04
038441c925bb,8463,2018-08-15T03:15:15-0400,62.8429,0.0002
038441c925bb,8464,2018-08-15T03:15:20-0400,62.8348,1e-04
038441c925bb,8465,2018-08-15T03:15:25-0400,62.8919,0.0002
038441c925bb,8466,2018-08-15T03:15:30-0400,62.8919,0.0002
038441c925bb,8467,2018-08-15T03:15:35-0400,62.8919,0.0002
038441c925bb,8468,2018-08-15T03:15:40-0400,62.8913,0.0002
038441c925bb,8469,2018-08-15T03:15:45-0400,62.7993,0.0002
038441c925bb,8470,2018-08-15T03:15:50-0400,60.164,0.0021
038441c925bb,8471,2018-08-15T03:15:55-0400,59.1632,0.0006
038441c925bb,8472,2018-08-15T03:16:00-0400,59.2869,0.0008
038441c925bb,8473,2018-08-15T03:16:05-0400,69.8463,0.0113
038441c925bb,8474,2018-08-15T03:16:10-0400,75.5448,0.0003
038441c925bb,8475,2018-08-15T03:16:15-0400,76.1955,0.0018
038441c925bb,8476,2018-08-15T03:16:20-0400,77.293,1e-04
038441c925bb,8477,2018-08-15T03:16:25-0400,77.7184,0.0002
038441c925bb,8478,2018-08-15T03:16:30-0400,76.9436,0.0005
038441c925bb,8479,2018-08-15T03:16:35-0400,62.8236,0.0094
038441c925bb,8480,2018-08-15T03:16:40-0400,54.5784,0.0034
038441c925bb,8481,2018-08-15T03:16:45-0400,54.8242,0.0039
038441c925bb,8482,2018-08-15T03:16:50-0400,54.9205,0.0037
038441c925bb,8483,2018-08-15T03:16:55-0400,64.1726,0.002
038441c925bb,8484,2018-08-15T03:17:00-0400,63.6708,0.0206
038441c925bb,8485,2018-08-15T03:17:05-0400,-41.246,0.0416
038441c925bb,8486,2018-08-15T03:17:10-0400,-8.7171,0.0561
038441c925bb,8487,2018-08-15T03:17:15-0400,10.746,0.0011
038441c925bb,8488,2018-08-15T03:17:20-0400,9.3819,0.0
038441c925bb,8489,2018-08-15T03:17:25-0400,9.3487,0.0
038441c925bb,8490,2018-08-15T03:17:30-0400,9.2985,0.0
038441c925bb,8491,2018-08-15T03:17:35-0400,9.2236,0.0
038441c925bb,8492,2018-08-15T03:17:40-0400,9.3672,0.0
038441c925bb,8493,2018-08-15T03:17:45-0400,9.4829,0.0
038441c925bb,8494,2018-08-15T03:17:50-0400,9.659,0.0
038441c925bb,8495,2018-08-15T03:17:55-0400,9.6667,0.0
038441c925bb,8496,2018-08-15T03:18:00-0400,9.7323,0.0
038441c925bb,8497,2018-08-15T03:18:05-0400,9.8428,0.0
038441c925bb,8498,2018-08-15T03:18:10-0400,9.9016,0.0
038441c925bb,8499,2018-08-15T03:18:15-0400,9.9028,0.0
038441c925bb,8500,2018-08-15T03:18:20-0400,9.9046,0.0
038441c925bb,8501,2018-08-15T03:18:25-0400,9.9049,0.0
038441c925bb,8502,2018-08-15T03:18:30-0400,9.9049,0.0
038441c925bb,8503,2018-08-15T03:18:35-0400,9.9049,0.0
038441c925bb,8504,2018-08-15T03:18:40-0400,9.9049,0.0
038441c925bb,8505,2018-08-15T03:18:45-0400,10.205,0.0014
038441c925bb,8506,2018-08-15T03:18:50-0400,12.6501,0.0074
038441c925bb,8507,2018-08-15T03:18:55-0400,13.6933,0.0084
038441c925bb,8508,2018-08-15T03:19:00-0400,17.5814,0.0
038441c925bb,8509,2018-08-15T03:19:05-0400,17.395,0.0
038441c925bb,8510,2018-08-15T03:19:10-0400,17.1698,0.0
038441c925bb,8511,2018-08-15T03:19:15-0400,17.0144,0.0
038441c925bb,8512,2018-08-15T03:19:20-0400,17.0998,0.0
038441c925bb,8513,2018-08-15T03:19:25-0400,16.9191,0.0
038441c925bb,8514,2018-08-15T03:19:30-0400,16.9223,0.0
038441c925bb,8515,2018-08-15T03:19:35-0400,16.8527,0.0
038441c925bb,8516,2018-08-15T03:19:40-0400,16.6678,0.0
038441c925bb,8517,2018-08-15T03:19:45-0400,16.6455,0.0
038441c925bb,8518,2018-08-15T03:19:50-0400,16.6455,0.0
038441c925bb,8519,2018-08-15T03:19:55-0400,16.6231,0.0
038441c925bb,8520,2018-08-15T03:20:00-0400,16.5693,0.0
038441c925bb,8521,2018-08-15T03:20:05-0400,16.6365,0.0
038441c925bb,8522,2018-08-15T03:20:10-0400,16.5379,0.0
038441c925bb,8523,2018-08-15T03:20:15-0400,16.3855,0.0
038441c925bb,8524,2018-08-15T03:20:20-0400,16.3611,0.0
038441c925bb,8525,2018-08-15T03:20:25-0400,16.4156,0.0
038441c925bb,8526,2018-08-15T03:20:30-0400,16.3343,0.0
038441c925bb,8527,2018-08-15T03:20:35-0400,16.3204,0.0
038441c925bb,8528,2018-08-15T03:20:40-0400,16.2376,0.0
038441c925bb,8529,2018-08-15T03:20:45-0400,16.3528,0.0
038441c925bb,8530,2018-08-15T03:20:50-0400,16.367,0.0
038441c925bb,8531,2018-08-15T03:20:55-0400,16.3678,0.0
038441c925bb,8532,2018-08-15T03:21:00-0400,16.1484,0.0
038441c925bb,8533,2018-08-15T03:21:05-0400,16.1236,0.0
038441c925bb,8534,2018-08-15T03:21:10-0400,16.1169,0.0
038441c925bb,8535,2018-08-15T03:21:15-0400,16.0854,0.0
038441c925bb,8536,2018-08-15T03:21:20-0400,16.0787,0.0
038441c925bb,8537,2018-08-15T03:21:25-0400,16.1484,0.0
038441c925bb,8538,2018-08-15T03:21:30-0400,16.1434,0.0
038441c925bb,8539,2018-08-15T03:21:35-0400,16.1081,0.0
038441c925bb,8540,2018-08-15T03:21:40-0400,16.0518,0.0
038441c925bb,8541,2018-08-15T03:21:45-0400,16.0607,0.0
038441c925bb,8542,2018-08-15T03:21:50-0400,16.0686,0.0
038441c925bb,8543,2018-08-15T03:21:55-0400,16.0124,0.0
038441c925bb,8544,2018-08-15T03:22:00-0400,15.9545,0.0
038441c925bb,8545,2018-08-15T03:22:05-0400,15.9722,0.0
038441c925bb,8546,2018-08-15T03:22:10-0400,16.0149,0.0
038441c925bb,8547,2018-08-15T03:22:15-0400,15.9244,0.0
038441c925bb,8548,2018-08-15T03:22:20-0400,15.9176,0.0
038441c925bb,8549,2018-08-15T03:22:25-0400,15.9188,0.0
038441c925bb,8550,2018-08-15T03:22:30-0400,15.9132,0.0
038441c925bb,8551,2018-08-15T03:22:35-0400,15.9349,0.002
038441c925bb,8552,2018-08-15T03:22:40-0400,23.0042,0.0072
038441c925bb,8553,2018-08-15T03:22:45-0400,23.7299,0.0
038441c925bb,8554,2018-08-15T03:22:50-0400,23.7223,0.0
038441c925bb,8555,2018-08-15T03:22:55-0400,23.6591,0.0
038441c925bb,8556,2018-08-15T03:23:00-0400,23.6977,0.0
038441c925bb,8557,2018-08-15T03:23:05-0400,23.5263,0.0
038441c925bb,8558,2018-08-15T03:23:10-0400,23.5321,0.0
038441c925bb,8559,2018-08-15T03:23:15-0400,23.492,0.0
038441c925bb,8560,2018-08-15T03:23:20-0400,23.5263,0.0
038441c925bb,8561,2018-08-15T03:23:25-0400,23.5263,0.0
038441c925bb,8562,2018-08-15T03:23:30-0400,23.5209,0.0
038441c925bb,8563,2018-08-15T03:23:35-0400,23.4361,0.0
038441c925bb,8564,2018-08-15T03:23:40-0400,23.4361,0.0
038441c925bb,8565,2018-08-15T03:23:45-0400,23.4649,0.0
038441c925bb,8566,2018-08-15T03:23:50-0400,7.0817,0.0227
038441c925bb,8567,2018-08-15T03:23:55-0400,2.723,0.0015
038441c925bb,8568,2018-08-15T03:24:00-0400,3.6614,0.0
038441c925bb,8569,2018-08-15T03:24:05-0400,3.4696,0.0
038441c925bb,8570,2018-08-15T03:24:10-0400,8.2771,0.0013
038441c925bb,8571,2018-08-15T03:24:15-0400,10.0163,0.0
038441c925bb,8572,2018-08-15T03:24:20-0400,9.5723,0.0
038441c925bb,8573,2018-08-15T03:24:25-0400,9.241,0.0
038441c925bb,8574,2018-08-15T03:24:30-0400,9.4099,0.0
038441c925bb,8575,2018-08-15T03:24:35-0400,9.4925,0.0
038441c925bb,8576,2018-08-15T03:24:40-0400,10.0254,0.0
038441c925bb,8577,2018-08-15T03:24:45-0400,9.9303,0.0
038441c925bb,8578,2018-08-15T03:24:50-0400,9.857,0.0
038441c925bb,8579,2018-08-15T03:24:55-0400,10.4678,0.0
038441c925bb,8580,2018-08-15T03:25:00-0400,10.6407,0.0
038441c925bb,8581,2018-08-15T03:25:05-0400,10.3281,0.0
038441c925bb,8582,2018-08-15T03:25:10-0400,10.3273,0.0
038441c925bb,8583,2018-08-15T03:25:15-0400,8.6963,0.0433
038441c925bb,8584,2018-08-15T03:25:20-0400,-2.9842,0.0136
038441c925bb,8585,2018-08-15T03:25:25-0400,6.6832,1e-04
038441c925bb,8586,2018-08-15T03:25:30-0400,14.1777,0.0
038441c925bb,8587,2018-08-15T03:25:35-0400,14.2702,0.0
038441c925bb,8588,2018-08-15T03:25:40-0400,14.415,0.0
038441c925bb,8589,2018-08-15T03:25:45-0400,14.3918,0.0
038441c925bb,8590,2018-08-15T03:25:50-0400,14.9412,0.0005
038441c925bb,8591,2018-08-15T03:25:55-0400,15.6456,0.0
038441c925bb,8592,2018-08-15T03:26:00-0400,14.6953,0.0
038441c925bb,8593,2018-08-15T03:26:05-0400,14.5141,0.0
038441c925bb,8594,2018-08-15T03:26:10-0400,14.5124,0.0
038441c925bb,8595,2018-08-15T03:26:15-0400,14.1455,0.0002
038441c925bb,8596,2018-08-15T03:26:20-0400,14.4345,0.0
038441c925bb,8597,2018-08-15T03:26:25-0400,14.5144,0.0
038441c925bb,8598,2018-08-15T03:26:30-0400,14.5791,0.0
038441c925bb,8599,2018-08-15T03:26:35-0400,15.1221,0.0
038441c925bb,8600,2018-08-15T03:26:40-0400,10.4654,0.0148
038441c925bb,8601,2018-08-15T03:26:45-0400,-19.9497,0.0087
038441c925bb,8602,2018-08-15T03:26:50-0400,-37.128,0.0102
038441c925bb,8603,2018-08-15T03:26:55-0400,-52.689,0.0175
038441c925bb,8604,2018-08-15T03:27:00-0400,-37.6567,0.0
038441c925bb,8605,2018-08-15T03:27:05-0400,-37.36,0.0
038441c925bb,8606,2018-08-15T03:27:10-0400,-37.7483,0.0
038441c925bb,8607,2018-08-15T03:27:15-0400,-37.2663,0.0
038441c925bb,8608,2018-08-15T03:27:20-0400,-36.9522,0.0
038441c925bb,8609,2018-08-15T03:27:25-0400,-37.0455,0.0
038441c925bb,8610,2018-08-15T03:27:30-0400,-36.9713,0.0
038441c925bb,8611,2018-08-15T03:27:35-0400,-33.7356,0.006
038441c925bb,8612,2018-08-15T03:27:40-0400,-23.2275,0.0
038441c925bb,8613,2018-08-15T03:27:45-0400,-18.1099,0.0015
038441c925bb,8614,2018-08-15T03:27:50-0400,-12.2355,0.019
038441c925bb,8615,2018-08-15T03:27:55-0400,-10.6313,0.0007
038441c925bb,8616,2018-08-15T03:28:00-0400,-8.8008,0.0
038441c925bb,8617,2018-08-15T03:28:05-0400,-7.4948,0.0
038441c925bb,8618,2018-08-15T03:28:10-0400,-7.0611,0.0
038441c925bb,8619,2018-08-15T03:28:15-0400,-6.7715,0.0
038441c925bb,8620,2018-08-15T03:28:20-0400,-6.7052,0.0
038441c925bb,8621,2018-08-15T03:28:25-0400,-6.5829,0.0
038441c925bb,8622,2018-08-15T03:28:30-0400,-6.4839,0.0
038441c925bb,8623,2018-08-15T03:28:35-0400,-6.2475,0.0
038441c925bb,8624,2018-08-15T03:28:40-0400,-6.233,0.0
038441c925bb,8625,2018-08-15T03:28:45-0400,-6.233,0.0
038441c925bb,8626,2018-08-15T03:28:50-0400,-6.0471,0.0
038441c925bb,8627,2018-08-15T03:28:55-0400,-6.9048,0.0
038441c925bb,8628,2018-08-15T03:29:00-0400,-7.9819,0.0105
038441c925bb,8629,2018-08-15T03:29:05-0400,-3.441,0.0
038441c925bb,8630,2018-08-15T03:29:10-0400,-1.2708,1e-04
038441c925bb,8631,2018-08-15T03:29:15-0400,4.1625,0.0
038441c925bb,8632,2018-08-15T03:29:20-0400,3.5444,0.0006
038441c925bb,8633,2018-08-15T03:29:25-0400,3.081,0.0002
038441c925bb,8634,2018-08-15T03:29:30-0400,4.4195,0.0009
038441c925bb,8635,2018-08-15T03:29:35-0400,6.1078,1e-04
038441c925bb,8636,2018-08-15T03:29:40-0400,6.7116,0.0
038441c925bb,8637,2018-08-15T03:29:45-0400,6.8273,0.0002
038441c925bb,8638,2018-08-15T03:29:50-0400,8.1463,0.0002
038441c925bb,8639,2018-08-15T03:29:55-0400,11.8291,0.0018
038441c925bb,8640,2018-08-15T03:30:00-0400,13.6666,0.0002
038441c925bb,8641,2018-08-15T03:30:05-0400,14.8894,0.0013
038441c925bb,8642,2018-08-15T03:30:10-0400,14.2307,0.0013
038441c925bb,8643,2018-08-15T03:30:15-0400,14.2125,0.0002
038441c925bb,8644,2018-08-15T03:30:20-0400,19.5267,0.0
038441c925bb,8645,2018-08-15T03:30:25-0400,22.2074,0.0
038441c925bb,8646,2018-08-15T03:30:30-0400,22.7711,0.0
038441c925bb,8647,2018-08-15T03:30:35-0400,23.3721,0.0
038441c925bb,8648,2018-08-15T03:30:40-0400,23.8038,0.0
038441c925bb,8649,2018-08-15T03:30:45-0400,23.8652,0.0
038441c925bb,8650,2018-08-15T03:30:50-0400,24.017,0.0
038441c925bb,8651,2018-08-15T03:30:55-0400,24.1123,0.0
038441c925bb,8652,2018-08-15T03:31:00-0400,24.1804,0.0
038441c925bb,8653,2018-08-15T03:31:05-0400,24.3325,0.0
038441c925bb,8654,2018-08-15T03:31:10-0400,24.3625,0.0
038441c925bb,8655,2018-08-15T03:31:15-0400,24.3625,0.0
038441c925bb,8656,2018-08-15T03:31:20-0400,24.4748,0.0
038441c925bb,8657,2018-08-15T03:31:25-0400,24.5785,0.0
038441c925bb,8658,2018-08-15T03:31:30-0400,24.591,0.0
038441c925bb,8659,2018-08-15T03:31:35-0400,24.5526,0.0
038441c925bb,8660,2018-08-15T03:31:40-0400,24.2494,0.0
038441c925bb,8661,2018-08-15T03:31:45-0400,24.2193,0.0
038441c925bb,8662,2018-08-15T03:31:50-0400,24.1181,0.0
038441c925bb,8663,2018-08-15T03:31:55-0400,24.1156,0.0
038441c925bb,8664,2018-08-15T03:32:00-0400,24.2599,0.0
038441c925bb,8665,2018-08-15T03:32:05-0400,24.3325,0.0
038441c925bb,8666,2018-08-15T03:32:10-0400,24.3167,0.0
038441c925bb,8667,2018-08-15T03:32:15-0400,24.359,0.0
038441c925bb,8668,2018-08-15T03:32:20-0400,24.3625,0.0
038441c925bb,8669,2018-08-15T03:32:25-0400,24.3625,0.0
038441c925bb,8670,2018-08-15T03:32:30-0400,24.36,0.0
038441c925bb,8671,2018-08-15T03:32:35-0400,23.9629,0.0003
038441c925bb,8672,2018-08-15T03:32:40-0400,12.3661,0.0012
038441c925bb,8673,2018-08-15T03:32:45-0400,12.6209,0.0
038441c925bb,8674,2018-08-15T03:32:50-0400,12.2651,0.0
038441c925bb,8675,2018-08-15T03:32:55-0400,12.4717,0.0
038441c925bb,8676,2018-08-15T03:33:00-0400,12.4738,0.0
038441c925bb,8677,2018-08-15T03:33:05-0400,12.4905,0.0
038441c925bb,8678,2018-08-15T03:33:10-0400,12.494,0.0
038441c925bb,8679,2018-08-15T03:33:15-0400,12.5022,0.0
038441c925bb,8680,2018-08-15T03:33:20-0400,12.4496,0.0
038441c925bb,8681,2018-08-15T03:33:25-0400,12.3508,0.0
038441c925bb,8682,2018-08-15T03:33:30-0400,12.4684,0.0
038441c925bb,8683,2018-08-15T03:33:35-0400,12.4975,0.0
038441c925bb,8684,2018-08-15T03:33:40-0400,12.4304,0.0
038441c925bb,8685,2018-08-15T03:33:45-0400,12.2621,0.0
038441c925bb,8686,2018-08-15T03:33:50-0400,12.3084,0.0
038441c925bb,8687,2018-08-15T03:33:55-0400,12.2713,0.0
038441c925bb,8688,2018-08-15T03:34:00-0400,12.254,0.0
038441c925bb,8689,2018-08-15T03:34:05-0400,12.2763,0.0
038441c925bb,8690,2018-08-15T03:34:10-0400,12.2728,0.0
038441c925bb,8691,2018-08-15T03:34:15-0400,12.2778,0.0
038441c925bb,8692,2018-08-15T03:34:20-0400,12.2651,0.0
038441c925bb,8693,2018-08-15T03:34:25-0400,12.2266,0.0
038441c925bb,8694,2018-08-15T03:34:30-0400,10.1881,0.0
038441c925bb,8695,2018-08-15T03:34:35-0400,10.1515,0.0
038441c925bb,8696,2018-08-15T03:34:40-0400,10.1515,0.0
038441c925bb,8697,2018-08-15T03:34:45-0400,10.1515,0.0
038441c925bb,8698,2018-08-15T03:34:50-0400,10.1515,0.0
038441c925bb,8699,2018-08-15T03:34:55-0400,10.1515,0.0
038441c925bb,8700,2018-08-15T03:35:00-0400,10.1515,0.0
038441c925bb,8701,2018-08-15T03:35:05-0400,10.1515,0.0
038441c925bb,8702,2018-08-15T03:35:10-0400,10.1607,0.0
038441c925bb,8703,2018-08-15T03:35:15-0400,10.3234,0.0
038441c925bb,8704,2018-08-15T03:35:20-0400,10.3825,0.0
038441c925bb,8705,2018-08-15T03:35:25-0400,9.9397,0.0047
038441c925bb,8706,2018-08-15T03:35:30-0400,10.0161,0.0
038441c925bb,8707,2018-08-15T03:35:35-0400,14.7397,0.0416
038441c925bb,8708,2018-08-15T03:35:40-0400,28.6787,0.0039
038441c925bb,8709,2018-08-15T03:35:45-0400,29.1377,0.0
038441c925bb,8710,2018-08-15T03:35:50-0400,29.3908,0.0
038441c925bb,8711,2018-08-15T03:35:55-0400,29.1214,0.0
038441c925bb,8712,2018-08-15T03:36:00-0400,8.1292,0.0201
038441c925bb,8713,2018-08-15T03:36:05-0400,-19.5547,0.0162
038441c925bb,8714,2018-08-15T03:36:10-0400,2.0482,0.0006
038441c925bb,8715,2018-08-15T03:36:15-0400,-2.5085,0.0004
038441c925bb,8716,2018-08-15T03:36:20-0400,-2.7919,1e-04
038441c925bb,8717,2018-08-15T03:36:25-0400,2.1438,0.0
038441c925bb,8718,2018-08-15T03:36:30-0400,5.0443,0.0014
038441c925bb,8719,2018-08-15T03:36:35-0400,-1.5528,0.0019
038441c925bb,8720,2018-08-15T03:36:40-0400,-1.1146,0.0004
038441c925bb,8721,2018-08-15T03:36:45-0400,5.8294,0.0
038441c925bb,8722,2018-08-15T03:36:50-0400,13.0419,0.0002
038441c925bb,8723,2018-08-15T03:36:55-0400,1.0571,0.0076
038441c925bb,8724,2018-08-15T03:37:00-0400,2.9618,0.0
038441c925bb,8725,2018-08-15T03:37:05-0400,-26.4387,0.0105
038441c925bb,8726,2018-08-15T03:37:10-0400,-33.5008,0.0009
038441c925bb,8727,2018-08-15T03:37:15-0400,-33.4503,1e-04
038441c925bb,8728,2018-08-15T03:37:20-0400,-28.5579,0.0
038441c925bb,8729,2018-08-15T03:37:25-0400,-31.2754,0.0028
038441c925bb,8730,2018-08-15T03:37:30-0400,0.0481,0.0247
038441c925bb,8731,2018-08-15T03:37:35-0400,9.5991,0.0
038441c925bb,8732,2018-08-15T03:37:40-0400,15.8201,0.0
038441c925bb,8733,2018-08-15T03:37:45-0400,14.6385,0.0026
038441c925bb,8734,2018-08-15T03:37:50-0400,11.3943,0.0002
038441c925bb,8735,2018-08-15T03:37:55-0400,13.6998,0.0
038441c925bb,8736,2018-08-15T03:38:00-0400,14.8465,0.0
038441c925bb,8737,2018-08-15T03:38:05-0400,15.1499,0.0
038441c925bb,8738,2018-08-15T03:38:10-0400,15.1171,1e-04
038441c925bb,8739,2018-08-15T03:38:15-0400,15.4898,0.0
038441c925bb,8740,2018-08-15T03:38:20-0400,15.5263,0.0
038441c925bb,8741,2018-08-15T03:38:25-0400,15.5263,0.0
038441c925bb,8742,2018-08-15T03:38:30-0400,15.5406,0.0
038441c925bb,8743,2018-08-15T03:38:35-0400,15.6493,0.0
038441c925bb,8744,2018-08-15T03:38:40-0400,15.7165,0.0
038441c925bb,8745,2018-08-15T03:38:45-0400,15.7814,0.0
038441c925bb,8746,2018-08-15T03:38:50-0400,15.7929,0.0
038441c925bb,8747,2018-08-15T03:38:55-0400,15.7855,0.0
038441c925bb,8748,2018-08-15T03:39:00-0400,15.7884,0.0
038441c925bb,8749,2018-08-15T03:39:05-0400,15.675,0.0
038441c925bb,8750,2018-08-15T03:39:10-0400,15.6031,0.0
038441c925bb,8751,2018-08-15T03:39:15-0400,15.7888,0.0
038441c925bb,8752,2018-08-15T03:39:20-0400,15.7459,0.0
038441c925bb,8753,2018-08-15T03:39:25-0400,15.7917,0.0
038441c925bb,8754,2018-08-15T03:39:30-0400,15.7748,0.0
038441c925bb,8755,2018-08-15T03:39:35-0400,15.8377,0.0
038441c925bb,8756,2018-08-15T03:39:40-0400,15.9708,0.0
038441c925bb,8757,2018-08-15T03:39:45-0400,15.856,0.0
038441c925bb,8758,2018-08-15T03:39:50-0400,15.9687,0.0
038441c925bb,8759,2018-08-15T03:39:55-0400,16.0183,0.0
038441c925bb,8760,2018-08-15T03:40:00-0400,16.0183,0.0
038441c925bb,8761,2018-08-15T03:40:05-0400,15.9732,0.0
038441c925bb,8762,2018-08-15T03:40:10-0400,16.0245,0.0
038441c925bb,8763,2018-08-15T03:40:15-0400,16.0224,0.0
038441c925bb,8764,2018-08-15T03:40:20-0400,16.0183,0.0
038441c925bb,8765,2018-08-15T03:40:25-0400,16.0232,0.0
038441c925bb,8766,2018-08-15T03:40:30-0400,16.0389,0.0
038441c925bb,8767,2018-08-15T03:40:35-0400,16.0389,0.0
038441c925bb,8768,2018-08-15T03:40:40-0400,16.0389,0.0
038441c925bb,8769,2018-08-15T03:40:45-0400,16.2078,0.0
038441c925bb,8770,2018-08-15T03:40:50-0400,16.2078,0.0
038441c925bb,8771,2018-08-15T03:40:55-0400,16.2078,0.0
038441c925bb,8772,2018-08-15T03:41:00-0400,16.1436,0.0
038441c925bb,8773,2018-08-15T03:41:05-0400,16.2078,0.0
038441c925bb,8774,2018-08-15T03:41:10-0400,16.142,0.0
038441c925bb,8775,2018-08-15T03:41:15-0400,16.2078,0.0
038441c925bb,8776,2018-08-15T03:41:20-0400,16.2078,0.0
038441c925bb,8777,2018-08-15T03:41:25-0400,16.2078,0.0
038441c925bb,8778,2018-08-15T03:41:30-0400,16.2078,0.0
038441c925bb,8779,2018-08-15T03:41:35-0400,16.2028,0.0
038441c925bb,8780,2018-08-15T03:41:40-0400,16.187,0.0
038441c925bb,8781,2018-08-15T03:41:45-0400,16.3102,0.0
038441c925bb,8782,2018-08-15T03:41:50-0400,16.2078,0.0
038441c925bb,8783,2018-08-15T03:41:55-0400,16.2123,0.0
038441c925bb,8784,2018-08-15T03:42:00-0400,16.2032,0.0
038441c925bb,8785,2018-08-15T03:42:05-0400,16.1874,0.0
038441c925bb,8786,2018-08-15T03:42:10-0400,6.5884,0.0067
038441c925bb,8787,2018-08-15T03:42:15-0400,7.0959,0.0153
038441c925bb,8788,2018-08-15T03:42:20-0400,6.2251,0.0071
038441c925bb,8789,2018-08-15T03:42:25-0400,14.993,0.0
038441c925bb,8790,2018-08-15T03:42:30-0400,17.9141,0.0
038441c925bb,8791,2018-08-15T03:42:35-0400,18.1553,0.0
038441c925bb,8792,2018-08-15T03:42:40-0400,18.171,0.0
038441c925bb,8793,2018-08-15T03:42:45-0400,16.435,0.0005
038441c925bb,8794,2018-08-15T03:42:50-0400,14.9789,0.0
038441c925bb,8795,2018-08-15T03:42:55-0400,14.1903,0.0
038441c925bb,8796,2018-08-15T03:43:00-0400,14.1017,0.0
038441c925bb,8797,2018-08-15T03:43:05-0400,14.113,0.0
038441c925bb,8798,2018-08-15T03:43:10-0400,14.1183,0.0
038441c925bb,8799,2018-08-15T03:43:15-0400,14.1183,0.0
038441c925bb,8800,2018-08-15T03:43:20-0400,14.1183,0.0
038441c925bb,8801,2018-08-15T03:43:25-0400,14.1274,0.0
038441c925bb,8802,2018-08-15T03:43:30-0400,13.116,0.0048
038441c925bb,8803,2018-08-15T03:43:35-0400,-3.4501,0.0018
038441c925bb,8804,2018-08-15T03:43:40-0400,-2.2089,0.0
038441c925bb,8805,2018-08-15T03:43:45-0400,-0.3238,0.0
038441c925bb,8806,2018-08-15T03:43:50-0400,0.0752,0.0
038441c925bb,8807,2018-08-15T03:43:55-0400,0.3239,0.0
038441c925bb,8808,2018-08-15T03:44:00-0400,0.4693,0.0
038441c925bb,8809,2018-08-15T03:44:05-0400,0.4975,0.0
038441c925bb,8810,2018-08-15T03:44:10-0400,0.662,0.0
038441c925bb,8811,2018-08-15T03:44:15-0400,0.7046,0.0
038441c925bb,8812,2018-08-15T03:44:20-0400,0.7041,0.0
038441c925bb,8813,2018-08-15T03:44:25-0400,0.6813,0.0
038441c925bb,8814,2018-08-15T03:44:30-0400,0.723,0.0
038441c925bb,8815,2018-08-15T03:44:35-0400,0.9107,0.0
038441c925bb,8816,2018-08-15T03:44:40-0400,0.8506,0.0
038441c925bb,8817,2018-08-15T03:44:45-0400,0.9305,0.0
038441c925bb,8818,2018-08-15T03:44:50-0400,0.94,0.0
038441c925bb,8819,2018-08-15T03:44:55-0400,0.9401,0.0
038441c925bb,8820,2018-08-15T03:45:00-0400,0.9401,0.0
038441c925bb,8821,2018-08-15T03:45:05-0400,0.9401,0.0
038441c925bb,8822,2018-08-15T03:45:10-0400,0.9401,0.0
038441c925bb,8823,2018-08-15T03:45:15-0400,0.9401,0.0
038441c925bb,8824,2018-08-15T03:45:20-0400,0.9495,0.0
038441c925bb,8825,2018-08-15T03:45:25-0400,0.9401,0.0
038441c925bb,8826,2018-08-15T03:45:30-0400,0.9589,0.0
038441c925bb,8827,2018-08-15T03:45:35-0400,1.1233,0.0
038441c925bb,8828,2018-08-15T03:45:40-0400,1.0814,0.0
038441c925bb,8829,2018-08-15T03:45:45-0400,1.1755,0.0
038441c925bb,8830,2018-08-15T03:45:50-0400,1.175,0.0
038441c925bb,8831,2018-08-15T03:45:55-0400,1.175,0.0
038441c925bb,8832,2018-08-15T03:46:00-0400,1.1755,0.0
038441c925bb,8833,2018-08-15T03:46:05-0400,1.175,0.0
038441c925bb,8834,2018-08-15T03:46:10-0400,1.175,0.0
038441c925bb,8835,2018-08-15T03:46:15-0400,1.1755,0.0
038441c925bb,8836,2018-08-15T03:46:20-0400,1.1751,0.0
038441c925bb,8837,2018-08-15T03:46:25-0400,1.175,0.0
038441c925bb,8838,2018-08-15T03:46:30-0400,1.1559,0.0
038441c925bb,8839,2018-08-15T03:46:35-0400,4.5521,0.0015
038441c925bb,8840,2018-08-15T03:46:40-0400,15.8665,0.0022
038441c925bb,8841,2018-08-15T03:46:45-0400,17.7425,0.0
038441c925bb,8842,2018-08-15T03:46:50-0400,17.889,0.0
038441c925bb,8843,2018-08-15T03:46:55-0400,18.0167,0.0
038441c925bb,8844,2018-08-15T03:47:00-0400,18.1938,0.0
038441c925bb,8845,2018-08-15T03:47:05-0400,18.452,0.0
038441c925bb,8846,2018-08-15T03:47:10-0400,18.5073,0.0
038441c925bb,8847,2018-08-15T03:47:15-0400,18.4754,0.0
038441c925bb,8848,2018-08-15T03:47:20-0400,18.4433,0.0
038441c925bb,8849,2018-08-15T03:47:25-0400,18.6178,0.0
038441c925bb,8850,2018-08-15T03:47:30-0400,18.6823,0.0
038441c925bb,8851,2018-08-15T03:47:35-0400,18.6703,0.0
038441c925bb,8852,2018-08-15T03:47:40-0400,18.7554,0.0
038441c925bb,8853,2018-08-15T03:47:45-0400,18.82,0.0
038441c925bb,8854,2018-08-15T03:47:50-0400,18.8139,0.0
038441c925bb,8855,2018-08-15T03:47:55-0400,18.8686,0.0
038441c925bb,8856,2018-08-15T03:48:00-0400,18.7754,0.0
038441c925bb,8857,2018-08-15T03:48:05-0400,18.78,0.0
038441c925bb,8858,2018-08-15T03:48:10-0400,18.075,0.0002
038441c925bb,8859,2018-08-15T03:48:15-0400,21.6703,1e-04
038441c925bb,8860,2018-08-15T03:48:20-0400,21.9795,0.0
038441c925bb,8861,2018-08-15T03:48:25-0400,21.9163,0.0
038441c925bb,8862,2018-08-15T03:48:30-0400,21.922,0.0
038441c925bb,8863,2018-08-15T03:48:35-0400,22.0167,0.0
038441c925bb,8864,2018-08-15T03:48:40-0400,21.9645,0.0
038441c925bb,8865,2018-08-15T03:48:45-0400,22.0161,0.0
038441c925bb,8866,2018-08-15T03:48:50-0400,21.9819,0.0
038441c925bb,8867,2018-08-15T03:48:55-0400,22.0167,0.0
038441c925bb,8868,2018-08-15T03:49:00-0400,20.9004,0.0008
038441c925bb,8869,2018-08-15T03:49:05-0400,-2.4348,0.0078
038441c925bb,8870,2018-08-15T03:49:10-0400,-45.1437,0.0041
038441c925bb,8871,2018-08-15T03:49:15-0400,-53.652,0.0067
038441c925bb,8872,2018-08-15T03:49:20-0400,-55.6351,0.0015
038441c925bb,8873,2018-08-15T03:49:25-0400,-54.7261,0.001
038441c925bb,8874,2018-08-15T03:49:30-0400,-53.8445,0.0025
038441c925bb,8875,2018-08-15T03:49:35-0400,-52.5391,0.0004
038441c925bb,8876,2018-08-15T03:49:40-0400,-50.5498,0.0
038441c925bb,8877,2018-08-15T03:49:45-0400,-51.3679,0.0007
038441c925bb,8878,2018-08-15T03:49:50-0400,-53.2254,0.0098
038441c925bb,8879,2018-08-15T03:49:55-0400,-33.8064,0.0014
038441c925bb,8880,2018-08-15T03:50:00-0400,-33.5303,0.0
038441c925bb,8881,2018-08-15T03:50:05-0400,-33.4998,0.0
038441c925bb,8882,2018-08-15T03:50:10-0400,-33.4988,0.0
038441c925bb,8883,2018-08-15T03:50:15-0400,-33.4988,0.0
038441c925bb,8884,2018-08-15T03:50:20-0400,-33.2705,0.0
038441c925bb,8885,2018-08-15T03:50:25-0400,-33.3054,0.0
038441c925bb,8886,2018-08-15T03:50:30-0400,-33.3055,0.0
038441c925bb,8887,2018-08-15T03:50:35-0400,-33.3055,0.0
038441c925bb,8888,2018-08-15T03:50:40-0400,-33.3064,0.0
038441c925bb,8889,2018-08-15T03:50:45-0400,-33.3558,0.0
038441c925bb,8890,2018-08-15T03:50:50-0400,-33.3577,0.0
038441c925bb,8891,2018-08-15T03:50:55-0400,-33.4109,0.0
038441c925bb,8892,2018-08-15T03:51:00-0400,-33.3596,0.0
038441c925bb,8893,2018-08-15T03:51:05-0400,-33.3867,0.0
038441c925bb,8894,2018-08-15T03:51:10-0400,-33.3006,0.0
038441c925bb,8895,2018-08-15T03:51:15-0400,-33.3829,0.0
038441c925bb,8896,2018-08-15T03:51:20-0400,-33.4156,0.0
038441c925bb,8897,2018-08-15T03:51:25-0400,-33.3706,0.0
038441c925bb,8898,2018-08-15T03:51:30-0400,-33.2847,0.0
038441c925bb,8899,2018-08-15T03:51:35-0400,-33.259,0.0
038441c925bb,8900,2018-08-15T03:51:40-0400,-33.2857,0.0
038441c925bb,8901,2018-08-15T03:51:45-0400,-33.3824,0.0
038441c925bb,8902,2018-08-15T03:51:50-0400,-33.5076,0.0
038441c925bb,8903,2018-08-15T03:51:55-0400,-33.3531,0.0
038441c925bb,8904,2018-08-15T03:52:00-0400,-33.4742,0.0
038441c925bb,8905,2018-08-15T03:52:05-0400,-33.4321,0.0
038441c925bb,8906,2018-08-15T03:52:10-0400,-33.4815,0.0
038441c925bb,8907,2018-08-15T03:52:15-0400,-33.3217,0.0
038441c925bb,8908,2018-08-15T03:52:20-0400,-33.2561,0.0
038441c925bb,8909,2018-08-15T03:52:25-0400,-33.2561,0.0
038441c925bb,8910,2018-08-15T03:52:30-0400,-33.2561,0.0
038441c925bb,8911,2018-08-15T03:52:35-0400,-33.2561,0.0
038441c925bb,8912,2018-08-15T03:52:40-0400,-33.2561,0.0
038441c925bb,8913,2018-08-15T03:52:45-0400,-33.2561,0.0
038441c925bb,8914,2018-08-15T03:52:50-0400,-33.2561,0.0
038441c925bb,8915,2018-08-15T03:52:55-0400,-33.3526,0.0
038441c925bb,8916,2018-08-15T03:53:00-0400,-33.2754,0.0
038441c925bb,8917,2018-08-15T03:53:05-0400,-33.2561,0.0
038441c925bb,8918,2018-08-15T03:53:10-0400,-33.2561,0.0
038441c925bb,8919,2018-08-15T03:53:15-0400,-33.2561,0.0
038441c925bb,8920,2018-08-15T03:53:20-0400,-33.2946,0.0
038441c925bb,8921,2018-08-15T03:53:25-0400,-33.262,0.0
038441c925bb,8922,2018-08-15T03:53:30-0400,-33.2561,0.0
038441c925bb,8923,2018-08-15T03:53:35-0400,-33.2561,0.0
038441c925bb,8924,2018-08-15T03:53:40-0400,-33.2831,0.0
038441c925bb,8925,2018-08-15T03:53:45-0400,-33.2561,0.0
038441c925bb,8926,2018-08-15T03:53:50-0400,-33.287,0.0
038441c925bb,8927,2018-08-15T03:53:55-0400,-33.2792,0.0
038441c925bb,8928,2018-08-15T03:54:00-0400,-33.2676,0.0
038441c925bb,8929,2018-08-15T03:54:05-0400,-33.2561,0.0
038441c925bb,8930,2018-08-15T03:54:10-0400,-33.2561,0.0
038441c925bb,8931,2018-08-15T03:54:15-0400,-33.2561,0.0
038441c925bb,8932,2018-08-15T03:54:20-0400,-33.2561,0.0
038441c925bb,8933,2018-08-15T03:54:25-0400,-33.2561,0.0
038441c925bb,8934,2018-08-15T03:54:30-0400,-33.2561,0.0
038441c925bb,8935,2018-08-15T03:54:35-0400,-33.2561,0.0
038441c925bb,8936,2018-08-15T03:54:40-0400,-33.2561,0.0
038441c925bb,8937,2018-08-15T03:54:45-0400,-33.2561,0.0
038441c925bb,8938,2018-08-15T03:54:50-0400,-33.2561,0.0
038441c925bb,8939,2018-08-15T03:54:55-0400,-33.2561,0.0
038441c925bb,8940,2018-08-15T03:55:00-0400,-33.2561,0.0
038441c925bb,8941,2018-08-15T03:55:05-0400,-33.2689,0.0
038441c925bb,8942,2018-08-15T03:55:10-0400,-33.2561,0.0
038441c925bb,8943,2018-08-15T03:55:15-0400,-33.2561,0.0
038441c925bb,8944,2018-08-15T03:55:20-0400,-33.2561,0.0
038441c925bb,8945,2018-08-15T03:55:25-0400,-33.2561,0.0
038441c925bb,8946,2018-08-15T03:55:30-0400,-33.2561,0.0
038441c925bb,8947,2018-08-15T03:55:35-0400,-33.3906,0.0
038441c925bb,8948,2018-08-15T03:55:40-0400,-28.9299,0.0006
038441c925bb,8949,2018-08-15T03:55:45-0400,-25.5193,0.0
038441c925bb,8950,2018-08-15T03:55:50-0400,-25.2667,0.0
038441c925bb,8951,2018-08-15T03:55:55-0400,-25.1511,0.0
038441c925bb,8952,2018-08-15T03:56:00-0400,-25.1469,0.0
038441c925bb,8953,2018-08-15T03:56:05-0400,-25.1218,0.0
038441c925bb,8954,2018-08-15T03:56:10-0400,-25.1511,0.0
038441c925bb,8955,2018-08-15T03:56:15-0400,-25.1511,0.0
038441c925bb,8956,2018-08-15T03:56:20-0400,-25.1511,0.0
038441c925bb,8957,2018-08-15T03:56:25-0400,-25.1511,0.0
038441c925bb,8958,2018-08-15T03:56:30-0400,-25.1511,0.0
038441c925bb,8959,2018-08-15T03:56:35-0400,-25.1511,0.0
038441c925bb,8960,2018-08-15T03:56:40-0400,-25.1524,0.0
038441c925bb,8961,2018-08-15T03:56:45-0400,-25.0907,0.0
038441c925bb,8962,2018-08-15T03:56:50-0400,-24.8984,0.0
038441c925bb,8963,2018-08-15T03:56:55-0400,-24.8525,0.0
038441c925bb,8964,2018-08-15T03:57:00-0400,-24.8705,0.0
038441c925bb,8965,2018-08-15T03:57:05-0400,-24.8897,0.0
038441c925bb,8966,2018-08-15T03:57:10-0400,-24.867,0.0
038441c925bb,8967,2018-08-15T03:57:15-0400,-24.8505,0.0
038441c925bb,8968,2018-08-15T03:57:20-0400,-24.8896,0.0
038441c925bb,8969,2018-08-15T03:57:25-0400,-24.8969,0.0
038441c925bb,8970,2018-08-15T03:57:30-0400,-24.8679,0.0
038441c925bb,8971,2018-08-15T03:57:35-0400,-24.8995,0.0
038441c925bb,8972,2018-08-15T03:57:40-0400,-24.9165,0.0
038441c925bb,8973,2018-08-15T03:57:45-0400,-24.8769,0.0
038441c925bb,8974,2018-08-15T03:57:50-0400,-24.9131,0.0
038441c925bb,8975,2018-08-15T03:57:55-0400,-24.8835,0.0
038441c925bb,8976,2018-08-15T03:58:00-0400,-24.8763,0.0
038441c925bb,8977,2018-08-15T03:58:05-0400,-24.8835,0.0
038441c925bb,8978,2018-08-15T03:58:10-0400,-24.8835,0.0
038441c925bb,8979,2018-08-15T03:58:15-0400,-24.889,0.0
038441c925bb,8980,2018-08-15T03:58:20-0400,-24.8835,0.0
038441c925bb,8981,2018-08-15T03:58:25-0400,-24.8835,0.0
038441c925bb,8982,2018-08-15T03:58:30-0400,-24.8835,0.0
038441c925bb,8983,2018-08-15T03:58:35-0400,-24.8794,0.0
038441c925bb,8984,2018-08-15T03:58:40-0400,-24.8774,0.0
038441c925bb,8985,2018-08-15T03:58:45-0400,-24.8664,0.0
038441c925bb,8986,2018-08-15T03:58:50-0400,-24.8872,0.0
038441c925bb,8987,2018-08-15T03:58:55-0400,-24.8835,0.0
038441c925bb,8988,2018-08-15T03:59:00-0400,-24.8717,0.0
038441c925bb,8989,2018-08-15T03:59:05-0400,-24.917,0.0
038441c925bb,8990,2018-08-15T03:59:10-0400,-24.9079,0.0
038441c925bb,8991,2018-08-15T03:59:15-0400,-24.8829,0.0
038441c925bb,8992,2018-08-15T03:59:20-0400,-24.8538,0.0
038441c925bb,8993,2018-08-15T03:59:25-0400,-24.8597,0.0
038441c925bb,8994,2018-08-15T03:59:30-0400,-24.8558,0.0
038441c925bb,8995,2018-08-15T03:59:35-0400,-24.8505,0.0
038441c925bb,8996,2018-08-15T03:59:40-0400,-24.875,0.0
038441c925bb,8997,2018-08-15T03:59:45-0400,-24.8512,0.0
038441c925bb,8998,2018-08-15T03:59:50-0400,-24.8505,0.0
038441c925bb,8999,2018-08-15T03:59:55-0400,-24.8763,0.0
038441c925bb,9000,2018-08-15T04:00:00-0400,-24.8703,0.0
038441c925bb,9001,2018-08-15T04:00:05-0400,-24.8644,0.0
038441c925bb,9002,2018-08-15T04:00:10-0400,-24.8835,0.0
038441c925bb,9003,2018-08-15T04:00:15-0400,-24.8816,0.0
038441c925bb,9004,2018-08-15T04:00:20-0400,-24.8703,0.0
038441c925bb,9005,2018-08-15T04:00:25-0400,-24.8802,0.0
038441c925bb,9006,2018-08-15T04:00:30-0400,-24.8657,0.0
038441c925bb,9007,2018-08-15T04:00:35-0400,-24.8783,0.0
038441c925bb,9008,2018-08-15T04:00:40-0400,-24.8717,0.0
038441c925bb,9009,2018-08-15T04:00:45-0400,-24.8865,0.0
038441c925bb,9010,2018-08-15T04:00:50-0400,-24.8657,0.0
038441c925bb,9011,2018-08-15T04:00:55-0400,-24.867,0.0
038441c925bb,9012,2018-08-15T04:01:00-0400,-24.8835,0.0
038441c925bb,9013,2018-08-15T04:01:05-0400,-24.8816,0.0
038441c925bb,9014,2018-08-15T04:01:10-0400,-24.8651,0.0
038441c925bb,9015,2018-08-15T04:01:15-0400,-24.8505,0.0
038441c925bb,9016,2018-08-15T04:01:20-0400,-24.8723,0.0
038441c925bb,9017,2018-08-15T04:01:25-0400,-24.8604,0.0
038441c925bb,9018,2018-08-15T04:01:30-0400,-24.8835,0.0
038441c925bb,9019,2018-08-15T04:01:35-0400,-24.8769,0.0
038441c925bb,9020,2018-08-15T04:01:40-0400,-24.867,0.0
038441c925bb,9021,2018-08-15T04:01:45-0400,-24.8822,0.0
038441c925bb,9022,2018-08-15T04:01:50-0400,-24.8505,1e-04
038441c925bb,9023,2018-08-15T04:01:55-0400,-24.8776,0.0
038441c925bb,9024,2018-08-15T04:02:00-0400,-24.8723,0.0
038441c925bb,9025,2018-08-15T04:02:05-0400,-24.8829,0.0
038441c925bb,9026,2018-08-15T04:02:10-0400,-24.8618,0.0
038441c925bb,9027,2018-08-15T04:02:15-0400,-24.8697,0.0
038441c925bb,9028,2018-08-15T04:02:20-0400,-24.8822,0.0
038441c925bb,9029,2018-08-15T04:02:25-0400,-24.8611,0.0
038441c925bb,9030,2018-08-15T04:02:30-0400,-24.8545,0.0
038441c925bb,9031,2018-08-15T04:02:35-0400,-24.8518,0.0
038441c925bb,9032,2018-08-15T04:02:40-0400,-24.8664,0.0
038441c925bb,9033,2018-08-15T04:02:45-0400,-24.8835,0.0
038441c925bb,9034,2018-08-15T04:02:50-0400,-24.8684,0.0
038441c925bb,9035,2018-08-15T04:02:55-0400,-24.8525,0.0
038441c925bb,9036,2018-08-15T04:03:00-0400,-24.954,0.0
038441c925bb,9037,2018-08-15T04:03:05-0400,-24.856,0.0
038441c925bb,9038,2018-08-15T04:03:10-0400,-24.8532,0.0
038441c925bb,9039,2018-08-15T04:03:15-0400,-24.867,0.0
038441c925bb,9040,2018-08-15T04:03:20-0400,-24.8743,0.0
038441c925bb,9041,2018-08-15T04:03:25-0400,-24.8518,0.0
038441c925bb,9042,2018-08-15T04:03:30-0400,-24.8505,0.0
038441c925bb,9043,2018-08-15T04:03:35-0400,-24.8542,0.0
038441c925bb,9044,2018-08-15T04:03:40-0400,-24.8687,0.0
038441c925bb,9045,2018-08-15T04:03:45-0400,-24.8763,0.0
038441c925bb,9046,2018-08-15T04:03:50-0400,-24.8683,0.0
038441c925bb,9047,2018-08-15T04:03:55-0400,-24.8416,0.0
038441c925bb,9048,2018-08-15T04:04:00-0400,-24.8835,0.0
038441c925bb,9049,2018-08-15T04:04:05-0400,-24.8271,0.0
038441c925bb,9050,2018-08-15T04:04:10-0400,-24.838,1e-04
038441c925bb,9051,2018-08-15T04:04:15-0400,-24.8835,0.0
038441c925bb,9052,2018-08-15T04:04:20-0400,-24.8307,0.0
038441c925bb,9053,2018-08-15T04:04:25-0400,-24.7892,0.0
038441c925bb,9054,2018-08-15T04:04:30-0400,-24.7925,0.0
038441c925bb,9055,2018-08-15T04:04:35-0400,-24.8125,0.0
038441c925bb,9056,2018-08-15T04:04:40-0400,-24.7899,1e-04
038441c925bb,9057,2018-08-15T04:04:45-0400,-24.7925,0.0
038441c925bb,9058,2018-08-15T04:04:50-0400,-24.7843,1e-04
038441c925bb,9059,2018-08-15T04:04:55-0400,-24.8034,1e-04
038441c925bb,9060,2018-08-15T04:05:00-0400,-24.8107,1e-04
038441c925bb,9061,2018-08-15T04:05:05-0400,-24.818,1e-04
038441c925bb,9062,2018-08-15T04:05:10-0400,-24.849,0.0
038441c925bb,9063,2018-08-15T04:05:15-0400,-24.8756,1e-04
038441c925bb,9064,2018-08-15T04:05:20-0400,-24.858,0.0
038441c925bb,9065,2018-08-15T04:05:25-0400,-24.8398,1e-04
038441c925bb,9066,2018-08-15T04:05:30-0400,-24.7925,0.0
038441c925bb,9067,2018-08-15T04:05:35-0400,-24.7983,0.0
038441c925bb,9068,2018-08-15T04:05:40-0400,-24.7915,0.0
038441c925bb,9069,2018-08-15T04:05:45-0400,-24.6756,0.0
038441c925bb,9070,2018-08-15T04:05:50-0400,-24.6482,0.0
038441c925bb,9071,2018-08-15T04:05:55-0400,-24.6247,0.0
038441c925bb,9072,2018-08-15T04:06:00-0400,-24.6461,0.0
038441c925bb,9073,2018-08-15T04:06:05-0400,-24.5993,0.0
038441c925bb,9074,2018-08-15T04:06:10-0400,-24.587,0.0
038441c925bb,9075,2018-08-15T04:06:15-0400,-24.6228,0.0
038441c925bb,9076,2018-08-15T04:06:20-0400,-24.7214,0.0
038441c925bb,9077,2018-08-15T04:06:25-0400,-24.5776,0.0
038441c925bb,9078,2018-08-15T04:06:30-0400,-24.6217,0.0
038441c925bb,9079,2018-08-15T04:06:35-0400,-24.7333,0.0
038441c925bb,9080,2018-08-15T04:06:40-0400,-24.628,1e-04
038441c925bb,9081,2018-08-15T04:06:45-0400,-24.7178,0.0
038441c925bb,9082,2018-08-15T04:06:50-0400,-24.5984,0.0
038441c925bb,9083,2018-08-15T04:06:55-0400,-24.6361,0.0
038441c925bb,9084,2018-08-15T04:07:00-0400,-24.6865,0.0
038441c925bb,9085,2018-08-15T04:07:05-0400,-24.5967,1e-04
038441c925bb,9086,2018-08-15T04:07:10-0400,-24.7668,0.0
038441c925bb,9087,2018-08-15T04:07:15-0400,-24.7569,0.0
038441c925bb,9088,2018-08-15T04:07:20-0400,-24.7729,0.0
038441c925bb,9089,2018-08-15T04:07:25-0400,-24.8494,0.0
038441c925bb,9090,2018-08-15T04:07:30-0400,-24.8276,1e-04
038441c925bb,9091,2018-08-15T04:07:35-0400,-24.8199,1e-04
038441c925bb,9092,2018-08-15T04:07:40-0400,-24.8164,0.0
038441c925bb,9093,2018-08-15T04:07:45-0400,-24.7372,0.0
038441c925bb,9094,2018-08-15T04:07:50-0400,-24.5875,0.0
038441c925bb,9095,2018-08-15T04:07:55-0400,-24.6255,0.0
038441c925bb,9096,2018-08-15T04:08:00-0400,-24.838,1e-04
038441c925bb,9097,2018-08-15T04:08:05-0400,-24.8505,0.0
038441c925bb,9098,2018-08-15T04:08:10-0400,-24.8371,0.0
038441c925bb,9099,2018-08-15T04:08:15-0400,-24.769,0.0
038441c925bb,9100,2018-08-15T04:08:20-0400,-24.8124,0.0
038441c925bb,9101,2018-08-15T04:08:25-0400,-24.6514,0.0
038441c925bb,9102,2018-08-15T04:08:30-0400,-24.747,0.0
038441c925bb,9103,2018-08-15T04:08:35-0400,-24.8342,1e-04
038441c925bb,9104,2018-08-15T04:08:40-0400,-24.8631,0.0
038441c925bb,9105,2018-08-15T04:08:45-0400,-24.8743,0.0
038441c925bb,9106,2018-08-15T04:08:50-0400,-24.8695,0.0
038441c925bb,9107,2018-08-15T04:08:55-0400,-24.7082,0.0
038441c925bb,9108,2018-08-15T04:09:00-0400,-24.7517,0.0
038441c925bb,9109,2018-08-15T04:09:05-0400,-24.7089,0.0
038441c925bb,9110,2018-08-15T04:09:10-0400,-24.6744,0.0
038441c925bb,9111,2018-08-15T04:09:15-0400,-24.8534,0.0
038441c925bb,9112,2018-08-15T04:09:20-0400,-24.7867,0.0
038441c925bb,9113,2018-08-15T04:09:25-0400,-24.8246,0.0
038441c925bb,9114,2018-08-15T04:09:30-0400,-24.8611,0.0
038441c925bb,9115,2018-08-15T04:09:35-0400,-24.8598,0.0
038441c925bb,9116,2018-08-15T04:09:40-0400,-24.8545,0.0
038441c925bb,9117,2018-08-15T04:09:45-0400,-24.8593,0.0
038441c925bb,9118,2018-08-15T04:09:50-0400,-24.8505,0.0
038441c925bb,9119,2018-08-15T04:09:55-0400,-24.8512,0.0
038441c925bb,9120,2018-08-15T04:10:00-0400,-24.8124,0.0
038441c925bb,9121,2018-08-15T04:10:05-0400,-24.8487,0.0
038441c925bb,9122,2018-08-15T04:10:10-0400,-24.8505,0.0
038441c925bb,9123,2018-08-15T04:10:15-0400,-24.7668,0.0
038441c925bb,9124,2018-08-15T04:10:20-0400,-24.8505,0.0
038441c925bb,9125,2018-08-15T04:10:25-0400,-24.8703,0.0
038441c925bb,9126,2018-08-15T04:10:30-0400,-24.8829,0.0
038441c925bb,9127,2018-08-15T04:10:35-0400,-24.8475,0.0
038441c925bb,9128,2018-08-15T04:10:40-0400,-24.8538,0.0
038441c925bb,9129,2018-08-15T04:10:45-0400,-24.8052,0.0
038441c925bb,9130,2018-08-15T04:10:50-0400,-24.8288,0.0
038441c925bb,9131,2018-08-15T04:10:55-0400,-24.8505,0.0
038441c925bb,9132,2018-08-15T04:11:00-0400,-24.8505,0.0
038441c925bb,9133,2018-08-15T04:11:05-0400,-24.8558,0.0
038441c925bb,9134,2018-08-15T04:11:10-0400,-24.8505,0.0
038441c925bb,9135,2018-08-15T04:11:15-0400,-24.8512,0.0
038441c925bb,9136,2018-08-15T04:11:20-0400,-24.8505,1e-04
038441c925bb,9137,2018-08-15T04:11:25-0400,-24.8251,0.0
038441c925bb,9138,2018-08-15T04:11:30-0400,-24.6521,1e-04
038441c925bb,9139,2018-08-15T04:11:35-0400,-24.7729,0.0
038441c925bb,9140,2018-08-15T04:11:40-0400,-24.6796,1e-04
038441c925bb,9141,2018-08-15T04:11:45-0400,-24.7235,1e-04
038441c925bb,9142,2018-08-15T04:11:50-0400,-24.7971,0.0
038441c925bb,9143,2018-08-15T04:11:55-0400,-24.8493,0.0
038441c925bb,9144,2018-08-15T04:12:00-0400,-24.8018,0.0
038441c925bb,9145,2018-08-15T04:12:05-0400,-24.7436,0.0
038441c925bb,9146,2018-08-15T04:12:10-0400,-24.7399,1e-04
038441c925bb,9147,2018-08-15T04:12:15-0400,-24.8284,1e-04
038441c925bb,9148,2018-08-15T04:12:20-0400,-24.8518,1e-04
038441c925bb,9149,2018-08-15T04:12:25-0400,-24.7788,1e-04
038441c925bb,9150,2018-08-15T04:12:30-0400,-24.6764,0.0
038441c925bb,9151,2018-08-15T04:12:35-0400,-24.8313,0.0
038441c925bb,9152,2018-08-15T04:12:40-0400,-24.7816,1e-04
038441c925bb,9153,2018-08-15T04:12:45-0400,-24.7797,0.0
038441c925bb,9154,2018-08-15T04:12:50-0400,-24.7728,1e-04
038441c925bb,9155,2018-08-15T04:12:55-0400,-24.7185,0.0
038441c925bb,9156,2018-08-15T04:13:00-0400,-24.7644,0.0
038441c925bb,9157,2018-08-15T04:13:05-0400,-24.7073,1e-04
038441c925bb,9158,2018-08-15T04:13:10-0400,-24.7775,0.0
038441c925bb,9159,2018-08-15T04:13:15-0400,-24.807,1e-04
038441c925bb,9160,2018-08-15T04:13:20-0400,-24.7101,0.0
038441c925bb,9161,2018-08-15T04:13:25-0400,-24.7421,0.0
038441c925bb,9162,2018-08-15T04:13:30-0400,-24.8086,0.0
038441c925bb,9163,2018-08-15T04:13:35-0400,-24.7859,0.0
038441c925bb,9164,2018-08-15T04:13:40-0400,-24.6043,0.0
038441c925bb,9165,2018-08-15T04:13:45-0400,-24.7706,0.0
038441c925bb,9166,2018-08-15T04:13:50-0400,-24.7553,1e-04
038441c925bb,9167,2018-08-15T04:13:55-0400,-24.7449,0.0
038441c925bb,9168,2018-08-15T04:14:00-0400,-24.8179,0.0
038441c925bb,9169,2018-08-15T04:14:05-0400,-24.6383,0.0
038441c925bb,9170,2018-08-15T04:14:10-0400,-24.6293,0.0
038441c925bb,9171,2018-08-15T04:14:15-0400,-24.7705,0.0
038441c925bb,9172,2018-08-15T04:14:20-0400,-24.7812,1e-04
038441c925bb,9173,2018-08-15T04:14:25-0400,-24.8469,0.0
038441c925bb,9174,2018-08-15T04:14:30-0400,-24.7173,0.0
038441c925bb,9175,2018-08-15T04:14:35-0400,-24.6107,0.0
038441c925bb,9176,2018-08-15T04:14:40-0400,-24.8505,0.0
038441c925bb,9177,2018-08-15T04:14:45-0400,-24.8317,0.0
038441c925bb,9178,2018-08-15T04:14:50-0400,-24.8835,0.0
038441c925bb,9179,2018-08-15T04:14:55-0400,-24.6878,0.0
038441c925bb,9180,2018-08-15T04:15:00-0400,-24.8086,0.0
038441c925bb,9181,2018-08-15T04:15:05-0400,-24.8294,0.0
038441c925bb,9182,2018-08-15T04:15:10-0400,-24.7643,0.0
038441c925bb,9183,2018-08-15T04:15:15-0400,-24.8045,0.0
038441c925bb,9184,2018-08-15T04:15:20-0400,-24.8505,0.0
038441c925bb,9185,2018-08-15T04:15:25-0400,-24.8505,0.0
038441c925bb,9186,2018-08-15T04:15:30-0400,-24.8433,0.0
038441c925bb,9187,2018-08-15T04:15:35-0400,-24.778,0.0
038441c925bb,9188,2018-08-15T04:15:40-0400,-24.8505,0.0
038441c925bb,9189,2018-08-15T04:15:45-0400,-24.8512,0.0
038441c925bb,9190,2018-08-15T04:15:50-0400,-24.7254,0.0
038441c925bb,9191,2018-08-15T04:15:55-0400,-24.741,0.0
038441c925bb,9192,2018-08-15T04:16:00-0400,-24.8211,0.0
038441c925bb,9193,2018-08-15T04:16:05-0400,-24.8086,0.0
038441c925bb,9194,2018-08-15T04:16:10-0400,-24.7668,0.0
038441c925bb,9195,2018-08-15T04:16:15-0400,-24.7834,0.0
038441c925bb,9196,2018-08-15T04:16:20-0400,-24.8144,1e-04
038441c925bb,9197,2018-08-15T04:16:25-0400,-24.8512,0.0
038441c925bb,9198,2018-08-15T04:16:30-0400,-24.8324,0.0
038441c925bb,9199,2018-08-15T04:16:35-0400,-24.7664,0.0
038441c925bb,9200,2018-08-15T04:16:40-0400,-24.8324,0.0
038441c925bb,9201,2018-08-15T04:16:45-0400,-24.8288,0.0
038441c925bb,9202,2018-08-15T04:16:50-0400,-24.8444,0.0
038441c925bb,9203,2018-08-15T04:16:55-0400,-24.7736,0.0
038441c925bb,9204,2018-08-15T04:17:00-0400,-24.7279,0.0
038441c925bb,9205,2018-08-15T04:17:05-0400,-24.7374,0.0
038441c925bb,9206,2018-08-15T04:17:10-0400,-24.7925,1e-04
038441c925bb,9207,2018-08-15T04:17:15-0400,-24.8451,0.0
038441c925bb,9208,2018-08-15T04:17:20-0400,-24.8512,0.0
038441c925bb,9209,2018-08-15T04:17:25-0400,-24.8505,0.0
038441c925bb,9210,2018-08-15T04:17:30-0400,-24.7475,1e-04
038441c925bb,9211,2018-08-15T04:17:35-0400,-24.7348,0.0
038441c925bb,9212,2018-08-15T04:17:40-0400,-24.7992,1e-04
038441c925bb,9213,2018-08-15T04:17:45-0400,-24.8338,0.0
038441c925bb,9214,2018-08-15T04:17:50-0400,-24.8051,0.0
038441c925bb,9215,2018-08-15T04:17:55-0400,-24.8296,1e-04
038441c925bb,9216,2018-08-15T04:18:00-0400,-24.8076,0.0
038441c925bb,9217,2018-08-15T04:18:05-0400,-24.8197,0.0
038441c925bb,9218,2018-08-15T04:18:10-0400,-24.7114,0.0
038441c925bb,9219,2018-08-15T04:18:15-0400,-24.7725,0.0
038441c925bb,9220,2018-08-15T04:18:20-0400,-24.8204,0.0
038441c925bb,9221,2018-08-15T04:18:25-0400,-24.6715,1e-04
038441c925bb,9222,2018-08-15T04:18:30-0400,-24.8469,0.0
038441c925bb,9223,2018-08-15T04:18:35-0400,-24.7768,1e-04
038441c925bb,9224,2018-08-15T04:18:40-0400,-24.7907,0.0
038441c925bb,9225,2018-08-15T04:18:45-0400,-24.679,1e-04
038441c925bb,9226,2018-08-15T04:18:50-0400,-24.5987,0.0
038441c925bb,9227,2018-08-15T04:18:55-0400,-24.8197,1e-04
038441c925bb,9228,2018-08-15T04:19:00-0400,-24.8177,1e-04
038441c925bb,9229,2018-08-15T04:19:05-0400,-24.8451,0.0
038441c925bb,9230,2018-08-15T04:19:10-0400,-24.7745,0.0
038441c925bb,9231,2018-08-15T04:19:15-0400,-24.7617,0.0
038441c925bb,9232,2018-08-15T04:19:20-0400,-24.7751,1e-04
038441c925bb,9233,2018-08-15T04:19:25-0400,-24.69,0.0
038441c925bb,9234,2018-08-15T04:19:30-0400,-24.5834,1e-04
038441c925bb,9235,2018-08-15T04:19:35-0400,-24.8422,1e-04
038441c925bb,9236,2018-08-15T04:19:40-0400,-24.8396,0.0
038441c925bb,9237,2018-08-15T04:19:45-0400,-24.7975,0.0
038441c925bb,9238,2018-08-15T04:19:50-0400,-24.8477,0.0
038441c925bb,9239,2018-08-15T04:19:55-0400,-24.8106,0.0
038441c925bb,9240,2018-08-15T04:20:00-0400,-24.8179,0.0
038441c925bb,9241,2018-08-15T04:20:05-0400,-24.7665,0.0
038441c925bb,9242,2018-08-15T04:20:10-0400,-24.5551,1e-04
038441c925bb,9243,2018-08-15T04:20:15-0400,-24.7348,0.0
038441c925bb,9244,2018-08-15T04:20:20-0400,-24.6951,1e-04
038441c925bb,9245,2018-08-15T04:20:25-0400,-24.717,0.0
038441c925bb,9246,2018-08-15T04:20:30-0400,-24.6231,0.0
038441c925bb,9247,2018-08-15T04:20:35-0400,-24.7446,0.0
038441c925bb,9248,2018-08-15T04:20:40-0400,-24.7752,0.0
038441c925bb,9249,2018-08-15T04:20:45-0400,-24.8422,0.0
038441c925bb,9250,2018-08-15T04:20:50-0400,-24.8197,0.0
038441c925bb,9251,2018-08-15T04:20:55-0400,-24.7122,1e-04
038441c925bb,9252,2018-08-15T04:21:00-0400,-24.76,1e-04
038441c925bb,9253,2018-08-15T04:21:05-0400,-24.7486,1e-04
038441c925bb,9254,2018-08-15T04:21:10-0400,-24.7725,0.0
038441c925bb,9255,2018-08-15T04:21:15-0400,-24.8463,0.0
038441c925bb,9256,2018-08-15T04:21:20-0400,-24.7767,0.0
038441c925bb,9257,2018-08-15T04:21:25-0400,-24.5844,0.0
038441c925bb,9258,2018-08-15T04:21:30-0400,-24.6068,0.0
038441c925bb,9259,2018-08-15T04:21:35-0400,-24.5886,0.0
038441c925bb,9260,2018-08-15T04:21:40-0400,-24.7413,0.0
038441c925bb,9261,2018-08-15T04:21:45-0400,-24.8505,0.0
038441c925bb,9262,2018-08-15T04:21:50-0400,-24.8324,0.0
038441c925bb,9263,2018-08-15T04:21:55-0400,-24.7666,0.0
038441c925bb,9264,2018-08-15T04:22:00-0400,-24.6875,0.0
038441c925bb,9265,2018-08-15T04:22:05-0400,-24.7798,0.0
038441c925bb,9266,2018-08-15T04:22:10-0400,-24.8288,0.0
038441c925bb,9267,2018-08-15T04:22:15-0400,-24.7751,0.0
038441c925bb,9268,2018-08-15T04:22:20-0400,-24.7416,0.0
038441c925bb,9269,2018-08-15T04:22:25-0400,-24.6955,0.0
038441c925bb,9270,2018-08-15T04:22:30-0400,-24.8109,1e-04
038441c925bb,9271,2018-08-15T04:22:35-0400,-24.683,0.0
038441c925bb,9272,2018-08-15T04:22:40-0400,-24.8342,0.0
038441c925bb,9273,2018-08-15T04:22:45-0400,-24.6983,1e-04
038441c925bb,9274,2018-08-15T04:22:50-0400,-24.6171,0.0
038441c925bb,9275,2018-08-15T04:22:55-0400,-24.6108,1e-04
038441c925bb,9276,2018-08-15T04:23:00-0400,-24.8045,0.0
038441c925bb,9277,2018-08-15T04:23:05-0400,-24.8505,0.0
038441c925bb,9278,2018-08-15T04:23:10-0400,-24.8088,1e-04
038441c925bb,9279,2018-08-15T04:23:15-0400,-24.7696,1e-04
038441c925bb,9280,2018-08-15T04:23:20-0400,-24.7668,0.0
038441c925bb,9281,2018-08-15T04:23:25-0400,-24.8505,0.0
038441c925bb,9282,2018-08-15T04:23:30-0400,-24.7725,1e-04
038441c925bb,9283,2018-08-15T04:23:35-0400,-24.6763,1e-04
038441c925bb,9284,2018-08-15T04:23:40-0400,-24.7745,0.0
038441c925bb,9285,2018-08-15T04:23:45-0400,-24.783,0.0
038441c925bb,9286,2018-08-15T04:23:50-0400,-24.6929,0.0
038441c925bb,9287,2018-08-15T04:23:55-0400,-24.6431,0.0
038441c925bb,9288,2018-08-15T04:24:00-0400,-24.5851,0.0
038441c925bb,9289,2018-08-15T04:24:05-0400,-24.7088,0.0
038441c925bb,9290,2018-08-15T04:24:10-0400,-24.6516,0.0
038441c925bb,9291,2018-08-15T04:24:15-0400,-24.7324,0.0
038441c925bb,9292,2018-08-15T04:24:20-0400,-24.6628,0.0
038441c925bb,9293,2018-08-15T04:24:25-0400,-24.8378,0.0
038441c925bb,9294,2018-08-15T04:24:30-0400,-24.7446,0.0
038441c925bb,9295,2018-08-15T04:24:35-0400,-24.7598,1e-04
038441c925bb,9296,2018-08-15T04:24:40-0400,-24.8324,0.0
038441c925bb,9297,2018-08-15T04:24:45-0400,-24.7985,0.0
038441c925bb,9298,2018-08-15T04:24:50-0400,-24.5677,0.0
038441c925bb,9299,2018-08-15T04:24:55-0400,-24.7557,0.0
038441c925bb,9300,2018-08-15T04:25:00-0400,-24.7598,1e-04
038441c925bb,9301,2018-08-15T04:25:05-0400,-24.7854,0.0
038441c925bb,9302,2018-08-15T04:25:10-0400,-24.6966,0.0
038441c925bb,9303,2018-08-15T04:25:15-0400,-24.8058,1e-04
038441c925bb,9304,2018-08-15T04:25:20-0400,-24.8014,1e-04
038441c925bb,9305,2018-08-15T04:25:25-0400,-24.7598,0.0
038441c925bb,9306,2018-08-15T04:25:30-0400,-24.7605,1e-04
038441c925bb,9307,2018-08-15T04:25:35-0400,-24.7754,1e-04
038441c925bb,9308,2018-08-15T04:25:40-0400,-24.8451,1e-04
038441c925bb,9309,2018-08-15T04:25:45-0400,-24.775,1e-04
038441c925bb,9310,2018-08-15T04:25:50-0400,-24.7677,1e-04
038441c925bb,9311,2018-08-15T04:25:55-0400,-24.7781,1e-04
038441c925bb,9312,2018-08-15T04:26:00-0400,-24.767,1e-04
038441c925bb,9313,2018-08-15T04:26:05-0400,-24.7997,1e-04
038441c925bb,9314,2018-08-15T04:26:10-0400,-24.7792,1e-04
038441c925bb,9315,2018-08-15T04:26:15-0400,-24.8396,1e-04
038441c925bb,9316,2018-08-15T04:26:20-0400,-24.7598,1e-04
038441c925bb,9317,2018-08-15T04:26:25-0400,-24.7638,0.0
038441c925bb,9318,2018-08-15T04:26:30-0400,-24.7943,1e-04
038441c925bb,9319,2018-08-15T04:26:35-0400,-24.7707,1e-04
038441c925bb,9320,2018-08-15T04:26:40-0400,-24.7725,1e-04
038441c925bb,9321,2018-08-15T04:26:45-0400,-24.7618,1e-04
038441c925bb,9322,2018-08-15T04:26:50-0400,-24.7725,1e-04
038441c925bb,9323,2018-08-15T04:26:55-0400,-24.7654,1e-04
038441c925bb,9324,2018-08-15T04:27:00-0400,-24.7522,1e-04
038441c925bb,9325,2018-08-15T04:27:05-0400,-24.8342,1e-04
038441c925bb,9326,2018-08-15T04:27:10-0400,-24.8505,0.0
038441c925bb,9327,2018-08-15T04:27:15-0400,-24.8034,1e-04
038441c925bb,9328,2018-08-15T04:27:20-0400,-24.8161,0.0
038441c925bb,9329,2018-08-15T04:27:25-0400,-24.8197,0.0
038441c925bb,9330,2018-08-15T04:27:30-0400,-24.8251,1e-04
038441c925bb,9331,2018-08-15T04:27:35-0400,-24.8215,1e-04
038441c925bb,9332,2018-08-15T04:27:40-0400,-24.836,1e-04
038441c925bb,9333,2018-08-15T04:27:45-0400,-24.8378,1e-04
038441c925bb,9334,2018-08-15T04:27:50-0400,-24.8396,1e-04
038441c925bb,9335,2018-08-15T04:27:55-0400,-24.7653,1e-04
038441c925bb,9336,2018-08-15T04:28:00-0400,-24.8487,1e-04
038441c925bb,9337,2018-08-15T04:28:05-0400,-24.8451,1e-04
038441c925bb,9338,2018-08-15T04:28:10-0400,-24.807,1e-04
038441c925bb,9339,2018-08-15T04:28:15-0400,-24.8197,1e-04
038441c925bb,9340,2018-08-15T04:28:20-0400,-24.787,1e-04
038441c925bb,9341,2018-08-15T04:28:25-0400,-24.8505,1e-04
038441c925bb,9342,2018-08-15T04:28:30-0400,-24.8505,1e-04
038441c925bb,9343,2018-08-15T04:28:35-0400,-24.8215,1e-04
038441c925bb,9344,2018-08-15T04:28:40-0400,-24.7598,1e-04
038441c925bb,9345,2018-08-15T04:28:45-0400,-24.7925,1e-04
038441c925bb,9346,2018-08-15T04:28:50-0400,-24.7743,1e-04
038441c925bb,9347,2018-08-15T04:28:55-0400,-24.8505,1e-04
038441c925bb,9348,2018-08-15T04:29:00-0400,-24.8288,0.0
038441c925bb,9349,2018-08-15T04:29:05-0400,-24.8396,1e-04
038441c925bb,9350,2018-08-15T04:29:10-0400,-24.7907,1e-04
038441c925bb,9351,2018-08-15T04:29:15-0400,-24.8016,1e-04
038441c925bb,9352,2018-08-15T04:29:20-0400,-24.717,1e-04
038441c925bb,9353,2018-08-15T04:29:25-0400,-24.7222,1e-04
038441c925bb,9354,2018-08-15T04:29:30-0400,-24.8505,0.0
038441c925bb,9355,2018-08-15T04:29:35-0400,-23.5578,0.0011
038441c925bb,9356,2018-08-15T04:29:40-0400,-20.5064,0.0008
038441c925bb,9357,2018-08-15T04:29:45-0400,-8.0116,0.007
038441c925bb,9358,2018-08-15T04:29:50-0400,-1.7413,0.0442
038441c925bb,9359,2018-08-15T04:29:55-0400,-19.7304,0.0286
038441c925bb,9360,2018-08-15T04:30:00-0400,4.3734,0.0172
038441c925bb,9361,2018-08-15T04:30:05-0400,15.2954,0.0062
038441c925bb,9362,2018-08-15T04:30:10-0400,17.9419,0.0
038441c925bb,9363,2018-08-15T04:30:15-0400,17.8222,0.0
038441c925bb,9364,2018-08-15T04:30:20-0400,17.8083,0.0
038441c925bb,9365,2018-08-15T04:30:25-0400,17.8208,0.0
038441c925bb,9366,2018-08-15T04:30:30-0400,17.8222,0.0
038441c925bb,9367,2018-08-15T04:30:35-0400,17.7985,0.0
038441c925bb,9368,2018-08-15T04:30:40-0400,18.1616,0.0
038441c925bb,9369,2018-08-15T04:30:45-0400,18.2732,0.0
038441c925bb,9370,2018-08-15T04:30:50-0400,18.0889,0.0
038441c925bb,9371,2018-08-15T04:30:55-0400,18.0892,0.0
038441c925bb,9372,2018-08-15T04:31:00-0400,18.0892,0.0
038441c925bb,9373,2018-08-15T04:31:05-0400,18.0448,0.0
038441c925bb,9374,2018-08-15T04:31:10-0400,17.9915,0.0
038441c925bb,9375,2018-08-15T04:31:15-0400,17.9915,0.0
038441c925bb,9376,2018-08-15T04:31:20-0400,18.3903,1e-04
038441c925bb,9377,2018-08-15T04:31:25-0400,41.1247,0.0019
038441c925bb,9378,2018-08-15T04:31:30-0400,70.3102,0.0
038441c925bb,9379,2018-08-15T04:31:35-0400,73.0619,1e-04
038441c925bb,9380,2018-08-15T04:31:40-0400,-16.1365,0.0629
038441c925bb,9381,2018-08-15T04:31:45-0400,-61.5388,0.0069
038441c925bb,9382,2018-08-15T04:31:50-0400,-61.5641,0.006
038441c925bb,9383,2018-08-15T04:31:55-0400,-61.5605,0.0061
038441c925bb,9384,2018-08-15T04:32:00-0400,-61.5824,0.0058
038441c925bb,9385,2018-08-15T04:32:05-0400,-61.6452,0.0058
038441c925bb,9386,2018-08-15T04:32:10-0400,-61.5819,0.0056
038441c925bb,9387,2018-08-15T04:32:15-0400,-61.7261,0.0054
038441c925bb,9388,2018-08-15T04:32:20-0400,-61.8043,0.0054
038441c925bb,9389,2018-08-15T04:32:25-0400,-61.6079,0.0058
038441c925bb,9390,2018-08-15T04:32:30-0400,-61.6019,0.0055
038441c925bb,9391,2018-08-15T04:32:35-0400,-61.6946,0.0054
038441c925bb,9392,2018-08-15T04:32:40-0400,-61.6469,0.0058
038441c925bb,9393,2018-08-15T04:32:45-0400,-61.8574,0.0052
038441c925bb,9394,2018-08-15T04:32:50-0400,-61.8896,0.006
038441c925bb,9395,2018-08-15T04:32:55-0400,-61.9665,0.006
038441c925bb,9396,2018-08-15T04:33:00-0400,-61.8915,0.0061
038441c925bb,9397,2018-08-15T04:33:05-0400,-61.9736,0.0062
038441c925bb,9398,2018-08-15T04:33:10-0400,-61.9704,0.0062
038441c925bb,9399,2018-08-15T04:33:15-0400,-61.9704,0.0058
038441c925bb,9400,2018-08-15T04:33:20-0400,-61.9704,0.0063
038441c925bb,9401,2018-08-15T04:33:25-0400,-61.9704,0.0057
038441c925bb,9402,2018-08-15T04:33:30-0400,-61.9704,0.0061
038441c925bb,9403,2018-08-15T04:33:35-0400,-61.9704,0.0054
038441c925bb,9404,2018-08-15T04:33:40-0400,-61.9704,0.0059
038441c925bb,9405,2018-08-15T04:33:45-0400,-61.9704,0.0056
038441c925bb,9406,2018-08-15T04:33:50-0400,-61.9704,0.0056
038441c925bb,9407,2018-08-15T04:33:55-0400,-61.9704,0.0053
038441c925bb,9408,2018-08-15T04:34:00-0400,-61.9704,0.006
038441c925bb,9409,2018-08-15T04:34:05-0400,-61.9704,0.006
038441c925bb,9410,2018-08-15T04:34:10-0400,-61.9722,0.006
038441c925bb,9411,2018-08-15T04:34:15-0400,-61.9713,0.0057
038441c925bb,9412,2018-08-15T04:34:20-0400,-61.9704,0.0057
038441c925bb,9413,2018-08-15T04:34:25-0400,-61.9704,0.006
038441c925bb,9414,2018-08-15T04:34:30-0400,-55.411,0.019
038441c925bb,9415,2018-08-15T04:34:35-0400,-4.3122,0.0496
038441c925bb,9416,2018-08-15T04:34:40-0400,-0.7978,0.0409
038441c925bb,9417,2018-08-15T04:34:45-0400,40.5966,0.0226
038441c925bb,9418,2018-08-15T04:34:50-0400,-27.6412,0.0597
038441c925bb,9419,2018-08-15T04:34:55-0400,-75.3729,0.0167
038441c925bb,9420,2018-08-15T04:35:00-0400,-75.0641,0.0158
038441c925bb,9421,2018-08-15T04:35:05-0400,-74.9611,0.0159
038441c925bb,9422,2018-08-15T04:35:10-0400,-74.9229,0.0161
038441c925bb,9423,2018-08-15T04:35:15-0400,-74.6599,0.0162
038441c925bb,9424,2018-08-15T04:35:20-0400,-74.7584,0.0164
038441c925bb,9425,2018-08-15T04:35:25-0400,-74.7029,0.0163
038441c925bb,9426,2018-08-15T04:35:30-0400,-74.6645,0.0162
038441c925bb,9427,2018-08-15T04:35:35-0400,-74.6574,0.0161
038441c925bb,9428,2018-08-15T04:35:40-0400,-74.6751,0.0161
038441c925bb,9429,2018-08-15T04:35:45-0400,-74.9458,0.0153
038441c925bb,9430,2018-08-15T04:35:50-0400,-74.7561,0.0158
038441c925bb,9431,2018-08-15T04:35:55-0400,-74.6574,0.0158
038441c925bb,9432,2018-08-15T04:36:00-0400,-74.6599,0.0161
038441c925bb,9433,2018-08-15T04:36:05-0400,-74.6574,0.016
038441c925bb,9434,2018-08-15T04:36:10-0400,-74.6574,0.0159
038441c925bb,9435,2018-08-15T04:36:15-0400,-74.6574,0.016
038441c925bb,9436,2018-08-15T04:36:20-0400,-74.6574,0.0158
038441c925bb,9437,2018-08-15T04:36:25-0400,-74.6574,0.0159
038441c925bb,9438,2018-08-15T04:36:30-0400,-74.6345,0.0159
038441c925bb,9439,2018-08-15T04:36:35-0400,-74.6447,0.016
038441c925bb,9440,2018-08-15T04:36:40-0400,-74.6574,0.0162
038441c925bb,9441,2018-08-15T04:36:45-0400,-74.6533,0.0158
038441c925bb,9442,2018-08-15T04:36:50-0400,-73.9264,0.0182
038441c925bb,9443,2018-08-15T04:36:55-0400,-73.4563,0.0179
038441c925bb,9444,2018-08-15T04:37:00-0400,-73.2645,0.0183
038441c925bb,9445,2018-08-15T04:37:05-0400,-73.0885,0.0187
038441c925bb,9446,2018-08-15T04:37:10-0400,-72.9824,0.0184
038441c925bb,9447,2018-08-15T04:37:15-0400,-72.8564,0.0185
038441c925bb,9448,2018-08-15T04:37:20-0400,-72.9063,0.0187
038441c925bb,9449,2018-08-15T04:37:25-0400,-73.1502,0.0184
038441c925bb,9450,2018-08-15T04:37:30-0400,-72.1949,0.0188
038441c925bb,9451,2018-08-15T04:37:35-0400,-72.0126,0.0187
038441c925bb,9452,2018-08-15T04:37:40-0400,-72.0488,0.0186
038441c925bb,9453,2018-08-15T04:37:45-0400,-71.904,0.0186
038441c925bb,9454,2018-08-15T04:37:50-0400,-71.8642,0.0187
038441c925bb,9455,2018-08-15T04:37:55-0400,-71.6938,0.0188
038441c925bb,9456,2018-08-15T04:38:00-0400,-72.2574,0.0176
038441c925bb,9457,2018-08-15T04:38:05-0400,-72.2839,0.0174
038441c925bb,9458,2018-08-15T04:38:10-0400,-72.1997,0.0176
038441c925bb,9459,2018-08-15T04:38:15-0400,-72.2091,0.0175
038441c925bb,9460,2018-08-15T04:38:20-0400,-72.1991,0.0174
038441c925bb,9461,2018-08-15T04:38:25-0400,-72.1892,0.0173
038441c925bb,9462,2018-08-15T04:38:30-0400,-72.1892,0.017
038441c925bb,9463,2018-08-15T04:38:35-0400,-72.1892,0.017
038441c925bb,9464,2018-08-15T04:38:40-0400,-72.1892,0.0169
038441c925bb,9465,2018-08-15T04:38:45-0400,-72.1892,0.0167
038441c925bb,9466,2018-08-15T04:38:50-0400,-72.0112,0.0172
038441c925bb,9467,2018-08-15T04:38:55-0400,-71.9583,0.0169
038441c925bb,9468,2018-08-15T04:39:00-0400,-71.9652,0.0168
038441c925bb,9469,2018-08-15T04:39:05-0400,-71.9669,0.0167
038441c925bb,9470,2018-08-15T04:39:10-0400,-72.0014,0.0172
038441c925bb,9471,2018-08-15T04:39:15-0400,-72.014,0.017
038441c925bb,9472,2018-08-15T04:39:20-0400,-71.9933,0.0168
038441c925bb,9473,2018-08-15T04:39:25-0400,-71.9568,0.0167
038441c925bb,9474,2018-08-15T04:39:30-0400,-71.9304,0.0171
038441c925bb,9475,2018-08-15T04:39:35-0400,-71.906,0.0173
038441c925bb,9476,2018-08-15T04:39:40-0400,-72.0035,0.0177
038441c925bb,9477,2018-08-15T04:39:45-0400,-71.6222,0.0176
038441c925bb,9478,2018-08-15T04:39:50-0400,-71.5777,0.0189
038441c925bb,9479,2018-08-15T04:39:55-0400,-71.5856,0.0186
038441c925bb,9480,2018-08-15T04:40:00-0400,-71.6166,0.0182
038441c925bb,9481,2018-08-15T04:40:05-0400,-71.5751,0.0181
038441c925bb,9482,2018-08-15T04:40:10-0400,-74.2701,0.0155
038441c925bb,9483,2018-08-15T04:40:15-0400,-74.0662,0.0174
038441c925bb,9484,2018-08-15T04:40:20-0400,-74.0837,0.0173
038441c925bb,9485,2018-08-15T04:40:25-0400,-74.0574,0.017
038441c925bb,9486,2018-08-15T04:40:30-0400,-73.9952,0.0173
038441c925bb,9487,2018-08-15T04:40:35-0400,-73.8602,0.0173
038441c925bb,9488,2018-08-15T04:40:40-0400,-73.9534,0.017
038441c925bb,9489,2018-08-15T04:40:45-0400,-74.0245,0.0169
038441c925bb,9490,2018-08-15T04:40:50-0400,-74.1078,0.0172
038441c925bb,9491,2018-08-15T04:40:55-0400,-74.0484,0.0171
038441c925bb,9492,2018-08-15T04:41:00-0400,-74.076,0.0171
038441c925bb,9493,2018-08-15T04:41:05-0400,-42.9744,0.0285
038441c925bb,9494,2018-08-15T04:41:10-0400,8.2579,0.0038
038441c925bb,9495,2018-08-15T04:41:15-0400,8.0756,0.0023
038441c925bb,9496,2018-08-15T04:41:20-0400,7.6807,0.0017
038441c925bb,9497,2018-08-15T04:41:25-0400,7.5848,0.0018
038441c925bb,9498,2018-08-15T04:41:30-0400,7.6347,0.0018
038441c925bb,9499,2018-08-15T04:41:35-0400,7.6347,0.0021
038441c925bb,9500,2018-08-15T04:41:40-0400,7.7209,0.002
038441c925bb,9501,2018-08-15T04:41:45-0400,7.462,0.0021
038441c925bb,9502,2018-08-15T04:41:50-0400,7.1481,0.0016
038441c925bb,9503,2018-08-15T04:41:55-0400,7.2601,0.0016
038441c925bb,9504,2018-08-15T04:42:00-0400,5.9811,0.0036
038441c925bb,9505,2018-08-15T04:42:05-0400,2.983,0.0045
038441c925bb,9506,2018-08-15T04:42:10-0400,3.2567,0.0039
038441c925bb,9507,2018-08-15T04:42:15-0400,3.398,0.0041
038441c925bb,9508,2018-08-15T04:42:20-0400,3.5394,0.004
038441c925bb,9509,2018-08-15T04:42:25-0400,3.5713,0.004
038441c925bb,9510,2018-08-15T04:42:30-0400,3.5884,0.0036
038441c925bb,9511,2018-08-15T04:42:35-0400,-27.059,0.033
038441c925bb,9512,2018-08-15T04:42:40-0400,-37.5222,0.0765
038441c925bb,9513,2018-08-15T04:42:45-0400,-48.5574,0.0009
038441c925bb,9514,2018-08-15T04:42:50-0400,-49.5995,0.0016
038441c925bb,9515,2018-08-15T04:42:55-0400,-51.4944,0.0026
038441c925bb,9516,2018-08-15T04:43:00-0400,-60.8193,0.0464
038441c925bb,9517,2018-08-15T04:43:05-0400,-70.1486,0.0067
038441c925bb,9518,2018-08-15T04:43:10-0400,-70.6616,0.0062
038441c925bb,9519,2018-08-15T04:43:15-0400,-70.8069,0.0058
038441c925bb,9520,2018-08-15T04:43:20-0400,-70.822,0.0058
038441c925bb,9521,2018-08-15T04:43:25-0400,-70.8364,0.0059
038441c925bb,9522,2018-08-15T04:43:30-0400,-70.8746,0.0061
038441c925bb,9523,2018-08-15T04:43:35-0400,-71.1529,0.0068
038441c925bb,9524,2018-08-15T04:43:40-0400,-71.1858,0.0065
038441c925bb,9525,2018-08-15T04:43:45-0400,-62.652,0.007
038441c925bb,9526,2018-08-15T04:43:50-0400,-54.5616,0.0007
038441c925bb,9527,2018-08-15T04:43:55-0400,-54.722,0.0002
038441c925bb,9528,2018-08-15T04:44:00-0400,-54.7232,0.0002
038441c925bb,9529,2018-08-15T04:44:05-0400,-54.7607,0.0002
038441c925bb,9530,2018-08-15T04:44:10-0400,-54.7896,0.0002
038441c925bb,9531,2018-08-15T04:44:15-0400,-54.9357,0.0003
038441c925bb,9532,2018-08-15T04:44:20-0400,-55.0728,1e-04
038441c925bb,9533,2018-08-15T04:44:25-0400,-55.0758,1e-04
038441c925bb,9534,2018-08-15T04:44:30-0400,-55.0928,0.0002
038441c925bb,9535,2018-08-15T04:44:35-0400,-55.1167,0.0004
038441c925bb,9536,2018-08-15T04:44:40-0400,-55.1425,0.0004
038441c925bb,9537,2018-08-15T04:44:45-0400,-55.0894,0.0005
038441c925bb,9538,2018-08-15T04:44:50-0400,-55.0758,0.0004
038441c925bb,9539,2018-08-15T04:44:55-0400,-55.121,0.0003
038441c925bb,9540,2018-08-15T04:45:00-0400,-55.2194,0.0003
038441c925bb,9541,2018-08-15T04:45:05-0400,-55.246,0.0003
038441c925bb,9542,2018-08-15T04:45:10-0400,-55.2921,0.0004
038441c925bb,9543,2018-08-15T04:45:15-0400,-46.132,0.0055
038441c925bb,9544,2018-08-15T04:45:20-0400,-49.0737,0.0613
038441c925bb,9545,2018-08-15T04:45:25-0400,43.9967,0.0101
038441c925bb,9546,2018-08-15T04:45:30-0400,43.9663,0.0
038441c925bb,9547,2018-08-15T04:45:35-0400,43.9683,0.0
038441c925bb,9548,2018-08-15T04:45:40-0400,43.9743,0.0
038441c925bb,9549,2018-08-15T04:45:45-0400,43.9784,0.0
038441c925bb,9550,2018-08-15T04:45:50-0400,43.9784,0.0
038441c925bb,9551,2018-08-15T04:45:55-0400,43.9784,0.0
038441c925bb,9552,2018-08-15T04:46:00-0400,43.9817,0.0
038441c925bb,9553,2018-08-15T04:46:05-0400,44.5296,0.0
038441c925bb,9554,2018-08-15T04:46:10-0400,44.7564,0.0
038441c925bb,9555,2018-08-15T04:46:15-0400,44.766,0.0
038441c925bb,9556,2018-08-15T04:46:20-0400,44.7333,0.0
038441c925bb,9557,2018-08-15T04:46:25-0400,44.6273,0.0
038441c925bb,9558,2018-08-15T04:46:30-0400,44.5413,0.0003
038441c925bb,9559,2018-08-15T04:46:35-0400,44.6421,0.0
038441c925bb,9560,2018-08-15T04:46:40-0400,44.6421,0.0
038441c925bb,9561,2018-08-15T04:46:45-0400,44.6421,0.0
038441c925bb,9562,2018-08-15T04:46:50-0400,44.6345,0.0
038441c925bb,9563,2018-08-15T04:46:55-0400,44.7459,0.0
038441c925bb,9564,2018-08-15T04:47:00-0400,44.9817,0.0
038441c925bb,9565,2018-08-15T04:47:05-0400,45.0279,0.0
038441c925bb,9566,2018-08-15T04:47:10-0400,44.9784,0.0
038441c925bb,9567,2018-08-15T04:47:15-0400,44.9321,0.0
038441c925bb,9568,2018-08-15T04:47:20-0400,44.9784,0.0
038441c925bb,9569,2018-08-15T04:47:25-0400,44.8292,0.0
038441c925bb,9570,2018-08-15T04:47:30-0400,44.9784,0.0
038441c925bb,9571,2018-08-15T04:47:35-0400,44.8726,0.0
038441c925bb,9572,2018-08-15T04:47:40-0400,44.8263,0.0
038441c925bb,9573,2018-08-15T04:47:45-0400,44.8461,0.0
038441c925bb,9574,2018-08-15T04:47:50-0400,44.813,0.0
038441c925bb,9575,2018-08-15T04:47:55-0400,44.9156,0.0
038441c925bb,9576,2018-08-15T04:48:00-0400,45.1006,0.0
038441c925bb,9577,2018-08-15T04:48:05-0400,44.9453,0.0
038441c925bb,9578,2018-08-15T04:48:10-0400,44.0421,0.001
038441c925bb,9579,2018-08-15T04:48:15-0400,38.9432,0.0
038441c925bb,9580,2018-08-15T04:48:20-0400,38.8773,0.0
038441c925bb,9581,2018-08-15T04:48:25-0400,38.9219,0.0
038441c925bb,9582,2018-08-15T04:48:30-0400,38.9798,0.0
038441c925bb,9583,2018-08-15T04:48:35-0400,38.8227,0.0
038441c925bb,9584,2018-08-15T04:48:40-0400,38.8301,1e-04
038441c925bb,9585,2018-08-15T04:48:45-0400,38.7971,0.0
038441c925bb,9586,2018-08-15T04:48:50-0400,38.8335,0.0
038441c925bb,9587,2018-08-15T04:48:55-0400,38.8335,0.0
038441c925bb,9588,2018-08-15T04:49:00-0400,38.8335,0.0
038441c925bb,9589,2018-08-15T04:49:05-0400,38.8335,0.0
038441c925bb,9590,2018-08-15T04:49:10-0400,38.8364,0.0
038441c925bb,9591,2018-08-15T04:49:15-0400,38.7025,0.0
038441c925bb,9592,2018-08-15T04:49:20-0400,38.7772,0.0
038441c925bb,9593,2018-08-15T04:49:25-0400,38.847,0.0
038441c925bb,9594,2018-08-15T04:49:30-0400,38.8428,0.0
038441c925bb,9595,2018-08-15T04:49:35-0400,38.8364,0.0
038441c925bb,9596,2018-08-15T04:49:40-0400,38.8335,0.0
038441c925bb,9597,2018-08-15T04:49:45-0400,38.8367,0.0
038441c925bb,9598,2018-08-15T04:49:50-0400,38.8368,0.0
038441c925bb,9599,2018-08-15T04:49:55-0400,38.8381,0.0
038441c925bb,9600,2018-08-15T04:50:00-0400,38.8382,0.0
038441c925bb,9601,2018-08-15T04:50:05-0400,38.8998,0.0
038441c925bb,9602,2018-08-15T04:50:10-0400,38.8348,0.0
038441c925bb,9603,2018-08-15T04:50:15-0400,38.8608,0.0
038441c925bb,9604,2018-08-15T04:50:20-0400,38.9975,0.0
038441c925bb,9605,2018-08-15T04:50:25-0400,38.8925,0.0
038441c925bb,9606,2018-08-15T04:50:30-0400,39.0505,0.0
038441c925bb,9607,2018-08-15T04:50:35-0400,38.9034,0.0
038441c925bb,9608,2018-08-15T04:50:40-0400,39.0948,0.0
038441c925bb,9609,2018-08-15T04:50:45-0400,39.16,0.0
038441c925bb,9610,2018-08-15T04:50:50-0400,39.1072,0.0
038441c925bb,9611,2018-08-15T04:50:55-0400,39.0414,0.0
038441c925bb,9612,2018-08-15T04:51:00-0400,39.5843,0.0
038441c925bb,9613,2018-08-15T04:51:05-0400,39.6622,0.0
038441c925bb,9614,2018-08-15T04:51:10-0400,39.5474,0.0
038441c925bb,9615,2018-08-15T04:51:15-0400,39.4961,0.0
038441c925bb,9616,2018-08-15T04:51:20-0400,39.6212,0.0
038441c925bb,9617,2018-08-15T04:51:25-0400,39.5206,0.0
038441c925bb,9618,2018-08-15T04:51:30-0400,39.4762,0.0
038441c925bb,9619,2018-08-15T04:51:35-0400,39.4939,0.0
038441c925bb,9620,2018-08-15T04:51:40-0400,39.4939,0.0
038441c925bb,9621,2018-08-15T04:51:45-0400,39.4939,0.0
038441c925bb,9622,2018-08-15T04:51:50-0400,39.4939,0.0
038441c925bb,9623,2018-08-15T04:51:55-0400,39.4335,0.0
038441c925bb,9624,2018-08-15T04:52:00-0400,39.3758,0.0
038441c925bb,9625,2018-08-15T04:52:05-0400,39.358,0.0
038441c925bb,9626,2018-08-15T04:52:10-0400,39.4946,0.0
038441c925bb,9627,2018-08-15T04:52:15-0400,39.6335,0.0
038441c925bb,9628,2018-08-15T04:52:20-0400,39.6766,0.0
038441c925bb,9629,2018-08-15T04:52:25-0400,39.6766,0.0
038441c925bb,9630,2018-08-15T04:52:30-0400,39.6335,0.0
038441c925bb,9631,2018-08-15T04:52:35-0400,39.6443,0.0
038441c925bb,9632,2018-08-15T04:52:40-0400,39.5833,0.0
038441c925bb,9633,2018-08-15T04:52:45-0400,39.6766,0.0
038441c925bb,9634,2018-08-15T04:52:50-0400,39.6228,0.0
038441c925bb,9635,2018-08-15T04:52:55-0400,39.6551,0.0
038441c925bb,9636,2018-08-15T04:53:00-0400,39.6748,0.0
038441c925bb,9637,2018-08-15T04:53:05-0400,39.6743,0.0
038441c925bb,9638,2018-08-15T04:53:10-0400,39.6048,0.0
038441c925bb,9639,2018-08-15T04:53:15-0400,39.6407,0.0
038441c925bb,9640,2018-08-15T04:53:20-0400,39.6479,0.0
038441c925bb,9641,2018-08-15T04:53:25-0400,39.6335,0.0
038441c925bb,9642,2018-08-15T04:53:30-0400,39.6084,0.0
038441c925bb,9643,2018-08-15T04:53:35-0400,39.6192,0.0
038441c925bb,9644,2018-08-15T04:53:40-0400,39.4566,0.0
038441c925bb,9645,2018-08-15T04:53:45-0400,39.3734,0.0
038441c925bb,9646,2018-08-15T04:53:50-0400,39.4939,0.0
038441c925bb,9647,2018-08-15T04:53:55-0400,39.4023,0.0
038441c925bb,9648,2018-08-15T04:54:00-0400,39.4911,0.0
038441c925bb,9649,2018-08-15T04:54:05-0400,39.4948,0.0
038441c925bb,9650,2018-08-15T04:54:10-0400,39.4945,0.0
038441c925bb,9651,2018-08-15T04:54:15-0400,39.6004,0.0
038441c925bb,9652,2018-08-15T04:54:20-0400,39.668,0.0
038441c925bb,9653,2018-08-15T04:54:25-0400,39.494,0.0
038441c925bb,9654,2018-08-15T04:54:30-0400,39.5143,0.0
038441c925bb,9655,2018-08-15T04:54:35-0400,39.4939,0.0
038441c925bb,9656,2018-08-15T04:54:40-0400,39.4939,0.0
038441c925bb,9657,2018-08-15T04:54:45-0400,39.358,0.0
038441c925bb,9658,2018-08-15T04:54:50-0400,39.4733,0.0
038441c925bb,9659,2018-08-15T04:54:55-0400,39.4939,0.0
038441c925bb,9660,2018-08-15T04:55:00-0400,39.4287,0.0
038441c925bb,9661,2018-08-15T04:55:05-0400,39.2231,0.0
038441c925bb,9662,2018-08-15T04:55:10-0400,39.169,0.0
038441c925bb,9663,2018-08-15T04:55:15-0400,39.169,0.0
038441c925bb,9664,2018-08-15T04:55:20-0400,39.169,0.0
038441c925bb,9665,2018-08-15T04:55:25-0400,39.1906,0.0
038441c925bb,9666,2018-08-15T04:55:30-0400,39.2628,0.0
038441c925bb,9667,2018-08-15T04:55:35-0400,39.0317,0.0
038441c925bb,9668,2018-08-15T04:55:40-0400,38.9863,0.0
038441c925bb,9669,2018-08-15T04:55:45-0400,39.167,0.0
038441c925bb,9670,2018-08-15T04:55:50-0400,39.0922,0.0
038441c925bb,9671,2018-08-15T04:55:55-0400,39.165,0.0
038441c925bb,9672,2018-08-15T04:56:00-0400,39.1685,0.0
038441c925bb,9673,2018-08-15T04:56:05-0400,39.1687,0.0
038441c925bb,9674,2018-08-15T04:56:10-0400,39.1674,0.0
038441c925bb,9675,2018-08-15T04:56:15-0400,39.1683,0.0
038441c925bb,9676,2018-08-15T04:56:20-0400,39.1681,0.0
038441c925bb,9677,2018-08-15T04:56:25-0400,39.1663,0.0
038441c925bb,9678,2018-08-15T04:56:30-0400,39.1659,0.0
038441c925bb,9679,2018-08-15T04:56:35-0400,39.1659,0.0
038441c925bb,9680,2018-08-15T04:56:40-0400,39.1659,0.0
038441c925bb,9681,2018-08-15T04:56:45-0400,39.1947,0.0
038441c925bb,9682,2018-08-15T04:56:50-0400,39.1659,0.0
038441c925bb,9683,2018-08-15T04:56:55-0400,39.17,0.0
038441c925bb,9684,2018-08-15T04:57:00-0400,39.1818,0.0
038441c925bb,9685,2018-08-15T04:57:05-0400,39.1675,0.0
038441c925bb,9686,2018-08-15T04:57:10-0400,39.1659,0.0
038441c925bb,9687,2018-08-15T04:57:15-0400,39.1669,0.0
038441c925bb,9688,2018-08-15T04:57:20-0400,39.2685,0.0
038441c925bb,9689,2018-08-15T04:57:25-0400,39.5694,0.0
038441c925bb,9690,2018-08-15T04:57:30-0400,39.5334,0.0
038441c925bb,9691,2018-08-15T04:57:35-0400,39.5275,0.0
038441c925bb,9692,2018-08-15T04:57:40-0400,39.4941,0.0
038441c925bb,9693,2018-08-15T04:57:45-0400,39.4975,0.0
038441c925bb,9694,2018-08-15T04:57:50-0400,39.5011,0.0
038441c925bb,9695,2018-08-15T04:57:55-0400,39.4939,0.0
038441c925bb,9696,2018-08-15T04:58:00-0400,39.4939,0.0
038441c925bb,9697,2018-08-15T04:58:05-0400,39.4939,0.0
038441c925bb,9698,2018-08-15T04:58:10-0400,39.4939,0.0
038441c925bb,9699,2018-08-15T04:58:15-0400,39.4939,0.0
038441c925bb,9700,2018-08-15T04:58:20-0400,39.494,0.0
038441c925bb,9701,2018-08-15T04:58:25-0400,39.4962,0.0
038441c925bb,9702,2018-08-15T04:58:30-0400,39.4939,0.0
038441c925bb,9703,2018-08-15T04:58:35-0400,39.4851,0.0
038441c925bb,9704,2018-08-15T04:58:40-0400,39.4975,0.0
038441c925bb,9705,2018-08-15T04:58:45-0400,39.5622,0.0
038441c925bb,9706,2018-08-15T04:58:50-0400,39.5981,0.0
038441c925bb,9707,2018-08-15T04:58:55-0400,39.4957,0.0
038441c925bb,9708,2018-08-15T04:59:00-0400,39.4962,0.0
038441c925bb,9709,2018-08-15T04:59:05-0400,39.4956,0.0
038441c925bb,9710,2018-08-15T04:59:10-0400,39.5641,0.0
038441c925bb,9711,2018-08-15T04:59:15-0400,39.5151,0.0
038441c925bb,9712,2018-08-15T04:59:20-0400,39.4948,0.0
038441c925bb,9713,2018-08-15T04:59:25-0400,39.4939,0.0
038441c925bb,9714,2018-08-15T04:59:30-0400,39.5047,0.0
038441c925bb,9715,2018-08-15T04:59:35-0400,39.511,0.0
038441c925bb,9716,2018-08-15T04:59:40-0400,39.4971,0.0
038441c925bb,9717,2018-08-15T04:59:45-0400,39.4946,0.0
038441c925bb,9718,2018-08-15T04:59:50-0400,39.4963,0.0
038441c925bb,9719,2018-08-15T04:59:55-0400,39.4968,0.0
038441c925bb,9720,2018-08-15T05:00:00-0400,39.5115,0.0
038441c925bb,9721,2018-08-15T05:00:05-0400,39.6156,0.0
038441c925bb,9722,2018-08-15T05:00:10-0400,39.674,0.0
038441c925bb,9723,2018-08-15T05:00:15-0400,39.6735,0.0
038441c925bb,9724,2018-08-15T05:00:20-0400,39.6735,0.0
038441c925bb,9725,2018-08-15T05:00:25-0400,39.6735,0.0
038441c925bb,9726,2018-08-15T05:00:30-0400,39.6735,0.0
038441c925bb,9727,2018-08-15T05:00:35-0400,39.6735,0.0
038441c925bb,9728,2018-08-15T05:00:40-0400,39.6735,0.0
038441c925bb,9729,2018-08-15T05:00:45-0400,39.6627,0.0
038441c925bb,9730,2018-08-15T05:00:50-0400,39.5334,0.0
038441c925bb,9731,2018-08-15T05:00:55-0400,39.6735,0.0
038441c925bb,9732,2018-08-15T05:01:00-0400,39.6735,0.0002
038441c925bb,9733,2018-08-15T05:01:05-0400,39.6735,0.0
038441c925bb,9734,2018-08-15T05:01:10-0400,39.6735,0.0
038441c925bb,9735,2018-08-15T05:01:15-0400,39.6735,0.0
038441c925bb,9736,2018-08-15T05:01:20-0400,39.6735,0.0
038441c925bb,9737,2018-08-15T05:01:25-0400,39.6738,0.0
038441c925bb,9738,2018-08-15T05:01:30-0400,39.675,0.0
038441c925bb,9739,2018-08-15T05:01:35-0400,39.6737,0.0
038441c925bb,9740,2018-08-15T05:01:40-0400,39.6766,0.0
038441c925bb,9741,2018-08-15T05:01:45-0400,39.6743,0.0
038441c925bb,9742,2018-08-15T05:01:50-0400,39.6766,0.0
038441c925bb,9743,2018-08-15T05:01:55-0400,39.6749,0.0
038441c925bb,9744,2018-08-15T05:02:00-0400,39.6744,0.0
038441c925bb,9745,2018-08-15T05:02:05-0400,39.6738,0.0
038441c925bb,9746,2018-08-15T05:02:10-0400,39.6394,0.0
038441c925bb,9747,2018-08-15T05:02:15-0400,39.4971,0.0
038441c925bb,9748,2018-08-15T05:02:20-0400,39.4336,0.0054
038441c925bb,9749,2018-08-15T05:02:25-0400,38.939,0.0002
038441c925bb,9750,2018-08-15T05:02:30-0400,38.2163,0.0
038441c925bb,9751,2018-08-15T05:02:35-0400,36.6523,0.0005
038441c925bb,9752,2018-08-15T05:02:40-0400,39.2341,0.0038
038441c925bb,9753,2018-08-15T05:02:45-0400,-35.0508,0.0586
038441c925bb,9754,2018-08-15T05:02:50-0400,-46.6181,0.0204
038441c925bb,9755,2018-08-15T05:02:55-0400,-46.6495,0.0207
038441c925bb,9756,2018-08-15T05:03:00-0400,-46.6779,0.0203
038441c925bb,9757,2018-08-15T05:03:05-0400,-48.936,0.0204
038441c925bb,9758,2018-08-15T05:03:10-0400,-24.7841,0.0576
038441c925bb,9759,2018-08-15T05:03:15-0400,11.3322,0.2021
038441c925bb,9760,2018-08-15T05:03:20-0400,60.4059,0.0348
038441c925bb,9761,2018-08-15T05:03:25-0400,-18.7409,0.0753
038441c925bb,9762,2018-08-15T05:03:30-0400,-64.3751,0.0144
038441c925bb,9763,2018-08-15T05:03:35-0400,-66.8004,0.0849
038441c925bb,9764,2018-08-15T05:03:40-0400,-68.3078,0.0288
038441c925bb,9765,2018-08-15T05:03:45-0400,-69.8972,0.0086
038441c925bb,9766,2018-08-15T05:03:50-0400,-70.3467,0.0085
038441c925bb,9767,2018-08-15T05:03:55-0400,-70.4344,0.0088
038441c925bb,9768,2018-08-15T05:04:00-0400,-70.5587,0.0083
038441c925bb,9769,2018-08-15T05:04:05-0400,-70.4916,0.0086
038441c925bb,9770,2018-08-15T05:04:10-0400,-70.4223,0.0102
038441c925bb,9771,2018-08-15T05:04:15-0400,-72.9415,0.0447
038441c925bb,9772,2018-08-15T05:04:20-0400,-72.9762,0.0757
038441c925bb,9773,2018-08-15T05:04:25-0400,-76.8855,0.1262
038441c925bb,9774,2018-08-15T05:04:30-0400,-67.1919,0.0293
038441c925bb,9775,2018-08-15T05:04:35-0400,-67.9365,0.0182
038441c925bb,9776,2018-08-15T05:04:40-0400,-68.2539,0.0174
038441c925bb,9777,2018-08-15T05:04:45-0400,-68.1479,0.0177
038441c925bb,9778,2018-08-15T05:04:50-0400,-65.1399,0.0545
038441c925bb,9779,2018-08-15T05:04:55-0400,-36.0716,0.0541
038441c925bb,9780,2018-08-15T05:05:00-0400,-37.7245,0.0301
038441c925bb,9781,2018-08-15T05:05:05-0400,-70.3579,0.0378
038441c925bb,9782,2018-08-15T05:05:10-0400,-9.9502,0.0655
038441c925bb,9783,2018-08-15T05:05:15-0400,-17.0009,0.0479
038441c925bb,9784,2018-08-15T05:05:20-0400,-47.6557,0.1074
038441c925bb,9785,2018-08-15T05:05:25-0400,-61.3913,0.0138
038441c925bb,9786,2018-08-15T05:05:30-0400,-43.3775,0.0828
038441c925bb,9787,2018-08-15T05:05:35-0400,-50.1506,0.0054
038441c925bb,9788,2018-08-15T05:05:40-0400,-46.4026,0.0042
038441c925bb,9789,2018-08-15T05:05:45-0400,-28.8154,0.0595
038441c925bb,9790,2018-08-15T05:05:50-0400,-21.5732,0.0269
038441c925bb,9791,2018-08-15T05:05:55-0400,-19.7006,0.0264
038441c925bb,9792,2018-08-15T05:06:00-0400,-20.9061,0.0949
038441c925bb,9793,2018-08-15T05:06:05-0400,-30.534,0.0493
038441c925bb,9794,2018-08-15T05:06:10-0400,-33.4251,0.0454
038441c925bb,9795,2018-08-15T05:06:15-0400,-39.5444,0.0797
038441c925bb,9796,2018-08-15T05:06:20-0400,-10.8732,0.1883
038441c925bb,9797,2018-08-15T05:06:25-0400,-46.1436,0.0789
038441c925bb,9798,2018-08-15T05:06:30-0400,-41.4715,0.1126
038441c925bb,9799,2018-08-15T05:06:35-0400,-39.9703,0.1217
038441c925bb,9800,2018-08-15T05:06:40-0400,-16.7235,0.0548
038441c925bb,9801,2018-08-15T05:06:45-0400,-16.4833,0.0541
038441c925bb,9802,2018-08-15T05:06:50-0400,8.8798,0.0077
038441c925bb,9803,2018-08-15T05:06:55-0400,8.6852,0.0083
038441c925bb,9804,2018-08-15T05:07:00-0400,8.1238,0.009
038441c925bb,9805,2018-08-15T05:07:05-0400,7.9088,0.0089
038441c925bb,9806,2018-08-15T05:07:10-0400,7.9318,0.0091
038441c925bb,9807,2018-08-15T05:07:15-0400,7.9613,0.0094
038441c925bb,9808,2018-08-15T05:07:20-0400,7.8347,0.009
038441c925bb,9809,2018-08-15T05:07:25-0400,7.8039,0.0095
038441c925bb,9810,2018-08-15T05:07:30-0400,7.8097,0.0098
038441c925bb,9811,2018-08-15T05:07:35-0400,-4.7648,0.0198
038441c925bb,9812,2018-08-15T05:07:40-0400,-47.665,0.0472
038441c925bb,9813,2018-08-15T05:07:45-0400,-50.7544,0.0065
038441c925bb,9814,2018-08-15T05:07:50-0400,-63.8319,0.0319
038441c925bb,9815,2018-08-15T05:07:55-0400,-80.5644,0.019
038441c925bb,9816,2018-08-15T05:08:00-0400,-77.1985,0.0195
038441c925bb,9817,2018-08-15T05:08:05-0400,-75.7632,0.0155
038441c925bb,9818,2018-08-15T05:08:10-0400,-76.4354,0.018
038441c925bb,9819,2018-08-15T05:08:15-0400,-79.3969,0.0168
038441c925bb,9820,2018-08-15T05:08:20-0400,-81.4838,0.0168
038441c925bb,9821,2018-08-15T05:08:25-0400,-83.2831,0.0173
038441c925bb,9822,2018-08-15T05:08:30-0400,-83.7853,0.0171
038441c925bb,9823,2018-08-15T05:08:35-0400,-83.7977,0.0168
038441c925bb,9824,2018-08-15T05:08:40-0400,-83.3444,0.017
038441c925bb,9825,2018-08-15T05:08:45-0400,-82.4765,0.0168
038441c925bb,9826,2018-08-15T05:08:50-0400,-80.4677,0.017
038441c925bb,9827,2018-08-15T05:08:55-0400,-66.7038,0.0171
038441c925bb,9828,2018-08-15T05:09:00-0400,-64.3773,0.0118
038441c925bb,9829,2018-08-15T05:09:05-0400,-64.88,0.0112
038441c925bb,9830,2018-08-15T05:09:10-0400,-65.4426,0.0108
038441c925bb,9831,2018-08-15T05:09:15-0400,-63.8076,0.0097
038441c925bb,9832,2018-08-15T05:09:20-0400,-63.1478,0.0104
038441c925bb,9833,2018-08-15T05:09:25-0400,-64.5909,0.0101
038441c925bb,9834,2018-08-15T05:09:30-0400,-68.8186,0.0166
038441c925bb,9835,2018-08-15T05:09:35-0400,-66.86,0.0186
038441c925bb,9836,2018-08-15T05:09:40-0400,-69.1187,0.0173
038441c925bb,9837,2018-08-15T05:09:45-0400,-70.7651,0.0181
038441c925bb,9838,2018-08-15T05:09:50-0400,-74.9507,0.0166
038441c925bb,9839,2018-08-15T05:09:55-0400,-77.7775,0.0137
038441c925bb,9840,2018-08-15T05:10:00-0400,-81.405,0.0153
038441c925bb,9841,2018-08-15T05:10:05-0400,-83.3777,0.0161
038441c925bb,9842,2018-08-15T05:10:10-0400,-84.2402,0.016
038441c925bb,9843,2018-08-15T05:10:15-0400,-86.3309,0.0147
038441c925bb,9844,2018-08-15T05:10:20-0400,-73.5753,0.0167
038441c925bb,9845,2018-08-15T05:10:25-0400,-36.7852,0.0019
038441c925bb,9846,2018-08-15T05:10:30-0400,-35.3156,1e-04
038441c925bb,9847,2018-08-15T05:10:35-0400,-33.6725,0.0
038441c925bb,9848,2018-08-15T05:10:40-0400,-33.0365,0.0
038441c925bb,9849,2018-08-15T05:10:45-0400,-55.1685,0.0258
038441c925bb,9850,2018-08-15T05:10:50-0400,-72.2923,0.019
038441c925bb,9851,2018-08-15T05:10:55-0400,-78.3745,0.0148
038441c925bb,9852,2018-08-15T05:11:00-0400,-75.2985,0.0174
038441c925bb,9853,2018-08-15T05:11:05-0400,-75.0431,0.0186
038441c925bb,9854,2018-08-15T05:11:10-0400,-81.4158,0.0156
038441c925bb,9855,2018-08-15T05:11:15-0400,-81.2388,0.0147
038441c925bb,9856,2018-08-15T05:11:20-0400,-71.9669,0.0141
038441c925bb,9857,2018-08-15T05:11:25-0400,-70.1422,0.0117
038441c925bb,9858,2018-08-15T05:11:30-0400,-68.9921,0.0116
038441c925bb,9859,2018-08-15T05:11:35-0400,-71.32,0.0128
038441c925bb,9860,2018-08-15T05:11:40-0400,-73.1041,0.0105
038441c925bb,9861,2018-08-15T05:11:45-0400,-72.6139,0.0109
038441c925bb,9862,2018-08-15T05:11:50-0400,-74.0661,0.0144
038441c925bb,9863,2018-08-15T05:11:55-0400,-81.4338,0.0113
038441c925bb,9864,2018-08-15T05:12:00-0400,-79.0054,0.0102
038441c925bb,9865,2018-08-15T05:12:05-0400,-75.0067,0.0111
038441c925bb,9866,2018-08-15T05:12:10-0400,-71.0072,0.0092
038441c925bb,9867,2018-08-15T05:12:15-0400,-70.5755,0.0118
038441c925bb,9868,2018-08-15T05:12:20-0400,-58.3298,0.0198
038441c925bb,9869,2018-08-15T05:12:25-0400,-50.7633,0.014
038441c925bb,9870,2018-08-15T05:12:30-0400,-54.1894,0.0163
038441c925bb,9871,2018-08-15T05:12:35-0400,-56.2339,0.0177
038441c925bb,9872,2018-08-15T05:12:40-0400,-57.2938,0.0157
038441c925bb,9873,2018-08-15T05:12:45-0400,-59.4787,0.018
038441c925bb,9874,2018-08-15T05:12:50-0400,-62.7344,0.0184
038441c925bb,9875,2018-08-15T05:12:55-0400,-64.2295,0.017
038441c925bb,9876,2018-08-15T05:13:00-0400,-66.3031,0.0172
038441c925bb,9877,2018-08-15T05:13:05-0400,-68.6826,0.0159
038441c925bb,9878,2018-08-15T05:13:10-0400,-69.0844,0.0164
038441c925bb,9879,2018-08-15T05:13:15-0400,-69.3777,0.0165
038441c925bb,9880,2018-08-15T05:13:20-0400,-69.5869,0.0164
038441c925bb,9881,2018-08-15T05:13:25-0400,-69.435,0.0162
038441c925bb,9882,2018-08-15T05:13:30-0400,-69.9205,0.016
038441c925bb,9883,2018-08-15T05:13:35-0400,-70.3194,0.0156
038441c925bb,9884,2018-08-15T05:13:40-0400,-70.5021,0.0164
038441c925bb,9885,2018-08-15T05:13:45-0400,-70.5777,0.0165
038441c925bb,9886,2018-08-15T05:13:50-0400,-70.8193,0.0162
038441c925bb,9887,2018-08-15T05:13:55-0400,-70.846,0.0163
038441c925bb,9888,2018-08-15T05:14:00-0400,-71.0817,0.0171
038441c925bb,9889,2018-08-15T05:14:05-0400,-71.3613,0.0177
038441c925bb,9890,2018-08-15T05:14:10-0400,-71.3613,0.0183
038441c925bb,9891,2018-08-15T05:14:15-0400,-71.4513,0.0185
038441c925bb,9892,2018-08-15T05:14:20-0400,-73.7043,0.018
038441c925bb,9893,2018-08-15T05:14:25-0400,-85.5831,0.0143
038441c925bb,9894,2018-08-15T05:14:30-0400,-78.3006,0.0109
038441c925bb,9895,2018-08-15T05:14:35-0400,-73.7041,0.0093
038441c925bb,9896,2018-08-15T05:14:40-0400,-71.1675,0.0082
038441c925bb,9897,2018-08-15T05:14:45-0400,-76.0435,0.0093
038441c925bb,9898,2018-08-15T05:14:50-0400,-74.9694,0.0092
038441c925bb,9899,2018-08-15T05:14:55-0400,-78.8111,0.0098
038441c925bb,9900,2018-08-15T05:15:00-0400,-72.4317,0.0148
038441c925bb,9901,2018-08-15T05:15:05-0400,-63.1428,0.0186
038441c925bb,9902,2018-08-15T05:15:10-0400,-31.6637,0.0237
038441c925bb,9903,2018-08-15T05:15:15-0400,0.7535,0.0023
038441c925bb,9904,2018-08-15T05:15:20-0400,-6.3038,0.005
038441c925bb,9905,2018-08-15T05:15:25-0400,-11.646,0.0076
038441c925bb,9906,2018-08-15T05:15:30-0400,-13.6355,0.0076
038441c925bb,9907,2018-08-15T05:15:35-0400,-14.7045,0.0068
038441c925bb,9908,2018-08-15T05:15:40-0400,-15.1838,0.0069
038441c925bb,9909,2018-08-15T05:15:45-0400,-15.532,0.007
038441c925bb,9910,2018-08-15T05:15:50-0400,-15.9493,0.0075
038441c925bb,9911,2018-08-15T05:15:55-0400,-16.28,0.0079
038441c925bb,9912,2018-08-15T05:16:00-0400,-16.5314,0.0083
038441c925bb,9913,2018-08-15T05:16:05-0400,-16.6613,0.0083
038441c925bb,9914,2018-08-15T05:16:10-0400,-16.0793,0.008
038441c925bb,9915,2018-08-15T05:16:15-0400,-16.5302,0.0084
038441c925bb,9916,2018-08-15T05:16:20-0400,-17.5877,0.0103
038441c925bb,9917,2018-08-15T05:16:25-0400,-17.9299,0.0109
038441c925bb,9918,2018-08-15T05:16:30-0400,-18.2525,0.0111
038441c925bb,9919,2018-08-15T05:16:35-0400,-16.8762,0.0105
038441c925bb,9920,2018-08-15T05:16:40-0400,-7.7519,0.0113
038441c925bb,9921,2018-08-15T05:16:45-0400,-14.2762,0.009
038441c925bb,9922,2018-08-15T05:16:50-0400,-15.7311,0.0077
038441c925bb,9923,2018-08-15T05:16:55-0400,-16.0684,0.0079
038441c925bb,9924,2018-08-15T05:17:00-0400,-16.3868,0.0084
038441c925bb,9925,2018-08-15T05:17:05-0400,-16.5917,0.0079
038441c925bb,9926,2018-08-15T05:17:10-0400,-16.8343,0.0084
038441c925bb,9927,2018-08-15T05:17:15-0400,-19.453,0.0104
038441c925bb,9928,2018-08-15T05:17:20-0400,-19.4005,0.0106
038441c925bb,9929,2018-08-15T05:17:25-0400,-19.5248,0.0106
038441c925bb,9930,2018-08-15T05:17:30-0400,-19.6103,0.0105
038441c925bb,9931,2018-08-15T05:17:35-0400,-19.6645,0.0106
038441c925bb,9932,2018-08-15T05:17:40-0400,-19.6231,0.0107
038441c925bb,9933,2018-08-15T05:17:45-0400,-19.6402,0.0106
038441c925bb,9934,2018-08-15T05:17:50-0400,-19.6786,0.0108
038441c925bb,9935,2018-08-15T05:17:55-0400,-17.4158,0.0089
038441c925bb,9936,2018-08-15T05:18:00-0400,-15.5109,0.0073
038441c925bb,9937,2018-08-15T05:18:05-0400,-15.3846,0.0072
038441c925bb,9938,2018-08-15T05:18:10-0400,-15.7656,0.0072
038441c925bb,9939,2018-08-15T05:18:15-0400,-16.157,0.0079
038441c925bb,9940,2018-08-15T05:18:20-0400,-16.2137,0.0082
038441c925bb,9941,2018-08-15T05:18:25-0400,-16.3179,0.0081
038441c925bb,9942,2018-08-15T05:18:30-0400,-16.3619,0.0082
038441c925bb,9943,2018-08-15T05:18:35-0400,-16.388,0.0084
038441c925bb,9944,2018-08-15T05:18:40-0400,-16.388,0.0084
038441c925bb,9945,2018-08-15T05:18:45-0400,-16.4097,0.0084
038441c925bb,9946,2018-08-15T05:18:50-0400,-16.411,0.0084
038441c925bb,9947,2018-08-15T05:18:55-0400,-16.6352,0.0085
038441c925bb,9948,2018-08-15T05:19:00-0400,-16.5675,0.0088
038441c925bb,9949,2018-08-15T05:19:05-0400,-16.5228,0.0091
038441c925bb,9950,2018-08-15T05:19:10-0400,-16.6315,0.0087
038441c925bb,9951,2018-08-15T05:19:15-0400,-16.6622,0.0086
038441c925bb,9952,2018-08-15T05:19:20-0400,-16.6531,0.0088
038441c925bb,9953,2018-08-15T05:19:25-0400,-16.7683,0.0085
038441c925bb,9954,2018-08-15T05:19:30-0400,-16.8841,0.0091
038441c925bb,9955,2018-08-15T05:19:35-0400,-17.0257,0.0093
038441c925bb,9956,2018-08-15T05:19:40-0400,-17.096,0.0093
038441c925bb,9957,2018-08-15T05:19:45-0400,-17.0712,0.0095
038441c925bb,9958,2018-08-15T05:19:50-0400,-16.7867,0.0088
038441c925bb,9959,2018-08-15T05:19:55-0400,-16.6132,0.0085
038441c925bb,9960,2018-08-15T05:20:00-0400,-16.6702,0.0089
038441c925bb,9961,2018-08-15T05:20:05-0400,-16.7002,0.0087
038441c925bb,9962,2018-08-15T05:20:10-0400,-16.8876,0.0087
038441c925bb,9963,2018-08-15T05:20:15-0400,-17.725,0.0111
038441c925bb,9964,2018-08-15T05:20:20-0400,-18.0635,0.0118
038441c925bb,9965,2018-08-15T05:20:25-0400,-18.1075,0.0121
038441c925bb,9966,2018-08-15T05:20:30-0400,-18.0931,0.0119
038441c925bb,9967,2018-08-15T05:20:35-0400,-18.1667,0.0121
038441c925bb,9968,2018-08-15T05:20:40-0400,-18.0326,0.012
038441c925bb,9969,2018-08-15T05:20:45-0400,-18.0571,0.0119
038441c925bb,9970,2018-08-15T05:20:50-0400,-18.1936,0.0118
038441c925bb,9971,2018-08-15T05:20:55-0400,-18.1538,0.012
038441c925bb,9972,2018-08-15T05:21:00-0400,-17.8012,0.011
038441c925bb,9973,2018-08-15T05:21:05-0400,-18.0061,0.0119
038441c925bb,9974,2018-08-15T05:21:10-0400,-18.0363,0.0115
038441c925bb,9975,2018-08-15T05:21:15-0400,-18.0557,0.0116
038441c925bb,9976,2018-08-15T05:21:20-0400,-18.1282,0.012
038441c925bb,9977,2018-08-15T05:21:25-0400,-18.1475,0.0118
038441c925bb,9978,2018-08-15T05:21:30-0400,-18.1992,0.0119
038441c925bb,9979,2018-08-15T05:21:35-0400,-18.1992,0.012
038441c925bb,9980,2018-08-15T05:21:40-0400,-18.1992,0.0122
038441c925bb,9981,2018-08-15T05:21:45-0400,-18.1992,0.0121
038441c925bb,9982,2018-08-15T05:21:50-0400,-18.1992,0.0123
038441c925bb,9983,2018-08-15T05:21:55-0400,-18.1992,0.0118
038441c925bb,9984,2018-08-15T05:22:00-0400,-18.4099,0.0121
038441c925bb,9985,2018-08-15T05:22:05-0400,-18.4142,0.0119
038441c925bb,9986,2018-08-15T05:22:10-0400,-18.4255,0.0116
038441c925bb,9987,2018-08-15T05:22:15-0400,-18.4156,0.0115
038441c925bb,9988,2018-08-15T05:22:20-0400,-18.4142,0.0116
038441c925bb,9989,2018-08-15T05:22:25-0400,-18.4142,0.0116
038441c925bb,9990,2018-08-15T05:22:30-0400,-14.8705,0.009
038441c925bb,9991,2018-08-15T05:22:35-0400,-11.0325,0.0076
038441c925bb,9992,2018-08-15T05:22:40-0400,-12.2124,0.0084
038441c925bb,9993,2018-08-15T05:22:45-0400,-12.5756,0.0093
038441c925bb,9994,2018-08-15T05:22:50-0400,-12.7528,0.0091
038441c925bb,9995,2018-08-15T05:22:55-0400,-12.7528,0.0087
038441c925bb,9996,2018-08-15T05:23:00-0400,-13.0961,0.0088
038441c925bb,9997,2018-08-15T05:23:05-0400,-14.6496,0.0085
038441c925bb,9998,2018-08-15T05:23:10-0400,-14.6462,0.009
038441c925bb,9999,2018-08-15T05:23:15-0400,-13.0864,0.0085
